po_id,supplier_id,product_id,plant_id,order_date,fiscal_year,fiscal_month,scheduled_delivery,actual_delivery,delay_days,quantity_ordered,unit_price_usd,total_value_usd,status,defect_rate_pct,on_time_delivery
PO000001,SUP0019,PRD0047,PLT002,2022-11-02,2022,11,2022-11-24,2022-12-23,29,789,1232.99,972829.11,Delayed,4.17,N
PO000002,SUP0039,PRD0033,PLT002,2024-04-05,2024,4,2024-05-11,2024-05-11,0,3059,1376.99,4212212.41,Delivered,7.77,Y
PO000003,SUP0034,PRD0057,PLT007,2021-04-27,2021,4,2021-05-14,2021-05-14,0,4119,1387.06,5713300.14,Delivered,5.14,Y
PO000004,SUP0070,PRD0038,PLT005,2024-11-04,2024,11,2024-11-26,2024-11-26,0,1423,1216.07,1730467.61,Delivered,7.01,Y
PO000005,SUP0045,PRD0033,PLT008,2022-10-21,2022,10,2022-11-07,2022-11-07,0,3242,1409.93,4570993.06,Delivered,1.58,Y
PO000006,SUP0078,PRD0022,PLT005,2024-02-01,2024,2,2024-02-05,2024-02-05,0,489,685.15,335038.35,Delivered,7.08,Y
PO000007,SUP0039,PRD0020,PLT002,2022-10-02,2022,10,2022-11-07,2022-11-23,16,4829,1691.81,8169750.49,Delivered,1.82,N
PO000008,SUP0056,PRD0012,PLT004,2021-10-02,2021,10,2021-11-02,2021-11-02,0,126,655.54,82598.04,Delayed,3.58,Y
PO000009,SUP0091,PRD0024,PLT004,2022-07-08,2022,7,2022-08-01,2022-08-01,0,4853,555.07,2693754.71,In Transit,1.87,Y
PO000010,SUP0106,PRD0007,PLT006,2021-01-24,2021,1,2021-02-15,2021-02-13,-2,3362,372.7,1253017.4,Cancelled,4.52,Y
PO000011,SUP0012,PRD0053,PLT004,2023-08-19,2023,8,2023-08-24,2023-08-24,0,2196,810.81,1780538.76,Delayed,2.47,Y
PO000012,SUP0059,PRD0050,PLT005,2023-08-28,2023,8,2023-09-05,2023-09-05,0,4360,447.8,1952408.0,Delayed,5.59,Y
PO000013,SUP0071,PRD0009,PLT006,2022-10-24,2022,10,2022-11-15,2022-11-15,0,3525,1736.87,6122466.75,Delivered,3.52,Y
PO000014,SUP0038,PRD0020,PLT005,2023-04-09,2023,4,2023-04-18,2023-04-19,1,2537,109.67,278232.79,Delayed,5.39,N
PO000015,SUP0025,PRD0050,PLT008,2021-07-06,2021,7,2021-07-23,2021-07-23,0,3881,1192.19,4626889.39,Delivered,0.43,Y
PO000016,SUP0072,PRD0032,PLT004,2021-02-02,2021,2,2021-02-27,2021-03-27,28,1997,1190.31,2377049.07,Delivered,5.49,N
PO000017,SUP0090,PRD0022,PLT007,2021-02-04,2021,2,2021-02-20,2021-02-20,0,1770,1113.05,1970098.5,In Transit,5.03,Y
PO000018,SUP0019,PRD0036,PLT004,2023-03-10,2023,3,2023-04-01,2023-03-28,-4,3106,684.32,2125497.92,Delivered,0.52,Y
PO000019,SUP0068,PRD0024,PLT005,2024-11-07,2024,11,2024-11-17,2024-12-06,19,2309,1771.16,4089608.44,Delivered,4.58,N
PO000020,SUP0083,PRD0007,PLT006,2021-08-28,2021,8,2021-09-14,2021-09-14,0,958,1664.89,1594964.62,Delivered,1.48,Y
PO000021,SUP0056,PRD0030,PLT006,2021-07-06,2021,7,2021-08-06,2021-08-06,0,3236,648.25,2097737.0,Cancelled,6.07,Y
PO000022,SUP0116,PRD0028,PLT004,2024-05-04,2024,5,2024-05-08,2024-05-08,0,4880,1324.2,6462096.0,Delivered,3.94,Y
PO000023,SUP0118,PRD0019,PLT003,2024-09-13,2024,9,2024-10-13,2024-10-27,14,436,10.25,4469.0,Delivered,4.64,N
PO000024,SUP0007,PRD0028,PLT007,2023-10-11,2023,10,2023-11-07,2023-11-07,0,1111,1079.86,1199724.46,Delivered,3.52,Y
PO000025,SUP0016,PRD0028,PLT008,2022-03-22,2022,3,2022-04-06,2022-05-01,25,106,1755.36,186068.16,Delivered,7.99,N
PO000026,SUP0007,PRD0026,PLT003,2021-07-19,2021,7,2021-08-15,2021-08-23,8,1952,1286.4,2511052.8,In Transit,4.09,N
PO000027,SUP0036,PRD0056,PLT002,2023-12-01,2023,12,2023-12-31,2024-01-03,3,3035,1276.16,3873145.6,In Transit,7.98,N
PO000028,SUP0058,PRD0031,PLT003,2024-02-04,2024,2,2024-03-03,2024-03-15,12,1478,1493.42,2207274.76,Partial,7.18,N
PO000029,SUP0109,PRD0030,PLT007,2022-12-12,2022,12,2023-01-17,2023-01-17,0,322,345.84,111360.48,Delivered,4.56,Y
PO000030,SUP0050,PRD0051,PLT001,2021-10-27,2021,10,2021-12-03,2021-12-03,0,1041,1688.33,1757551.53,Cancelled,2.51,Y
PO000031,SUP0077,PRD0038,PLT001,2021-03-12,2021,3,2021-03-20,2021-03-26,6,3164,150.56,476371.84,Delivered,5.53,N
PO000032,SUP0049,PRD0046,PLT005,2022-11-18,2022,11,2022-11-22,2022-12-04,12,4070,1487.59,6054491.3,Cancelled,7.54,N
PO000033,SUP0017,PRD0036,PLT003,2024-05-23,2024,5,2024-06-27,2024-07-17,20,4675,1357.45,6346078.75,Delivered,4.29,N
PO000034,SUP0051,PRD0025,PLT004,2021-03-10,2021,3,2021-04-20,2021-04-20,0,3479,1040.78,3620873.62,In Transit,0.77,Y
PO000035,SUP0045,PRD0026,PLT001,2021-05-08,2021,5,2021-05-25,2021-05-25,0,2053,1205.54,2474973.62,Cancelled,4.88,Y
PO000036,SUP0119,PRD0033,PLT007,2021-09-26,2021,9,2021-11-05,2021-11-05,0,2616,424.5,1110492.0,Partial,0.33,Y
PO000037,SUP0084,PRD0012,PLT001,2023-01-11,2023,1,2023-01-30,2023-01-30,0,1790,508.05,909409.5,Delivered,3.65,Y
PO000038,SUP0008,PRD0050,PLT003,2024-02-23,2024,2,2024-03-05,2024-03-05,0,4075,699.31,2849688.25,In Transit,3.45,Y
PO000039,SUP0065,PRD0027,PLT004,2022-03-26,2022,3,2022-04-04,2022-04-17,13,4110,1352.35,5558158.5,In Transit,7.01,N
PO000040,SUP0112,PRD0017,PLT002,2022-11-09,2022,11,2022-12-08,2022-12-08,0,277,1104.8,306029.6,In Transit,7.0,Y
PO000041,SUP0031,PRD0026,PLT004,2021-08-28,2021,8,2021-09-25,2021-10-19,24,1282,229.56,294295.92,In Transit,5.99,N
PO000042,SUP0105,PRD0029,PLT002,2024-04-19,2024,4,2024-05-30,2024-05-30,0,3825,233.18,891913.5,Partial,1.37,Y
PO000043,SUP0042,PRD0002,PLT008,2024-06-08,2024,6,2024-07-14,2024-07-14,0,3508,1716.49,6021446.92,Delayed,3.35,Y
PO000044,SUP0015,PRD0018,PLT002,2022-02-03,2022,2,2022-03-16,2022-03-16,0,1254,653.74,819789.96,Delivered,4.9,Y
PO000045,SUP0098,PRD0042,PLT006,2021-06-03,2021,6,2021-07-13,2021-07-23,10,2065,33.53,69239.45,Delivered,3.84,N
PO000046,SUP0114,PRD0043,PLT007,2022-07-21,2022,7,2022-08-14,2022-08-14,0,4777,389.8,1862074.6,In Transit,5.16,Y
PO000047,SUP0083,PRD0019,PLT002,2021-02-07,2021,2,2021-02-24,2021-02-24,0,3756,1740.01,6535477.56,Cancelled,6.51,Y
PO000048,SUP0076,PRD0058,PLT006,2021-11-24,2021,11,2021-11-29,2021-11-29,0,3283,60.06,197176.98,Partial,6.82,Y
PO000049,SUP0048,PRD0046,PLT001,2024-08-07,2024,8,2024-08-29,2024-09-14,16,220,380.08,83617.6,Delivered,7.21,N
PO000050,SUP0080,PRD0058,PLT007,2024-03-28,2024,3,2024-04-17,2024-05-12,25,622,635.88,395517.36,In Transit,7.15,N
PO000051,SUP0057,PRD0054,PLT003,2023-06-16,2023,6,2023-07-21,2023-07-18,-3,1316,76.8,101068.8,In Transit,5.97,Y
PO000052,SUP0042,PRD0054,PLT004,2024-02-26,2024,2,2024-04-02,2024-04-19,17,2264,142.58,322801.12,Partial,2.1,N
PO000053,SUP0019,PRD0054,PLT005,2023-08-04,2023,8,2023-08-26,2023-08-26,0,2553,433.0,1105449.0,Cancelled,0.08,Y
PO000054,SUP0017,PRD0045,PLT001,2023-08-06,2023,8,2023-09-10,2023-09-08,-2,4039,27.27,110143.53,Delivered,4.71,Y
PO000055,SUP0036,PRD0042,PLT002,2021-02-11,2021,2,2021-03-13,2021-04-12,30,1480,1780.98,2635850.4,Partial,1.74,N
PO000056,SUP0089,PRD0012,PLT002,2023-08-27,2023,8,2023-09-15,2023-09-15,0,354,398.44,141047.76,Cancelled,6.25,Y
PO000057,SUP0103,PRD0055,PLT003,2021-06-27,2021,6,2021-07-02,2021-07-02,0,2100,195.0,409500.0,Delivered,4.28,Y
PO000058,SUP0044,PRD0051,PLT007,2021-08-03,2021,8,2021-08-30,2021-08-28,-2,3890,216.01,840278.9,Partial,3.89,Y
PO000059,SUP0031,PRD0053,PLT004,2023-04-05,2023,4,2023-05-03,2023-05-03,0,187,598.38,111897.06,Delivered,7.91,Y
PO000060,SUP0090,PRD0056,PLT008,2024-09-22,2024,9,2024-10-08,2024-10-08,0,1087,1140.15,1239343.05,Delivered,4.46,Y
PO000061,SUP0115,PRD0049,PLT004,2023-07-14,2023,7,2023-07-25,2023-07-25,0,1643,234.04,384527.72,Cancelled,7.64,Y
PO000062,SUP0012,PRD0022,PLT003,2023-11-18,2023,11,2023-11-23,2023-11-23,0,2556,1313.42,3357101.52,Cancelled,5.32,Y
PO000063,SUP0001,PRD0011,PLT004,2021-11-07,2021,11,2021-11-18,2021-11-18,0,2923,477.37,1395352.51,In Transit,4.82,Y
PO000064,SUP0013,PRD0042,PLT004,2024-08-10,2024,8,2024-09-02,2024-09-02,0,2831,577.82,1635808.42,Partial,2.07,Y
PO000065,SUP0057,PRD0035,PLT006,2023-10-07,2023,10,2023-11-11,2023-11-11,0,1933,515.26,995997.58,Cancelled,5.91,Y
PO000066,SUP0007,PRD0032,PLT005,2024-08-01,2024,8,2024-08-28,2024-08-28,0,3945,469.05,1850402.25,Cancelled,1.86,Y
PO000067,SUP0063,PRD0033,PLT005,2023-07-14,2023,7,2023-08-24,2023-08-24,0,2202,1731.24,3812190.48,In Transit,2.86,Y
PO000068,SUP0018,PRD0013,PLT003,2024-09-15,2024,9,2024-10-04,2024-10-04,0,1378,906.97,1249804.66,Delivered,6.43,Y
PO000069,SUP0072,PRD0029,PLT005,2021-10-02,2021,10,2021-10-27,2021-10-27,0,3427,1300.15,4455614.05,In Transit,4.42,Y
PO000070,SUP0057,PRD0034,PLT008,2021-10-06,2021,10,2021-11-10,2021-12-10,30,1283,660.09,846895.47,Delivered,7.47,N
PO000071,SUP0031,PRD0002,PLT004,2022-07-08,2022,7,2022-08-05,2022-08-05,0,2942,1949.46,5735311.32,Delayed,7.66,Y
PO000072,SUP0114,PRD0034,PLT003,2021-02-14,2021,2,2021-03-10,2021-03-10,0,3424,640.61,2193448.64,Delivered,0.01,Y
PO000073,SUP0043,PRD0015,PLT001,2023-06-07,2023,6,2023-06-22,2023-06-28,6,4415,996.39,4399061.85,Delivered,1.41,N
PO000074,SUP0016,PRD0032,PLT003,2022-02-13,2022,2,2022-02-28,2022-02-28,0,805,372.31,299709.55,Delivered,3.96,Y
PO000075,SUP0019,PRD0030,PLT005,2023-12-28,2023,12,2024-01-19,2024-01-19,0,4899,1927.75,9444047.25,Delayed,2.91,Y
PO000076,SUP0055,PRD0013,PLT002,2022-08-25,2022,8,2022-10-05,2022-10-05,0,1025,446.17,457324.25,Cancelled,1.87,Y
PO000077,SUP0039,PRD0055,PLT008,2022-05-08,2022,5,2022-06-13,2022-06-13,0,4423,970.68,4293317.64,Delivered,0.28,Y
PO000078,SUP0035,PRD0016,PLT002,2024-02-21,2024,2,2024-02-24,2024-02-24,0,1415,779.77,1103374.55,Delivered,7.59,Y
PO000079,SUP0059,PRD0027,PLT005,2021-09-07,2021,9,2021-09-15,2021-09-15,0,1259,322.46,405977.14,Cancelled,4.76,Y
PO000080,SUP0017,PRD0017,PLT005,2023-01-16,2023,1,2023-02-20,2023-02-20,0,2787,914.98,2550049.26,Delivered,5.22,Y
PO000081,SUP0084,PRD0057,PLT003,2022-05-19,2022,5,2022-06-07,2022-06-07,0,816,1778.24,1451043.84,Delayed,5.05,Y
PO000082,SUP0101,PRD0007,PLT003,2022-08-10,2022,8,2022-09-21,2022-09-21,0,4574,1857.41,8495793.34,Cancelled,7.81,Y
PO000083,SUP0080,PRD0027,PLT001,2024-12-07,2024,12,2024-12-27,2024-12-27,0,337,1125.77,379384.49,Delivered,6.64,Y
PO000084,SUP0107,PRD0002,PLT002,2024-04-14,2024,4,2024-05-28,2024-05-28,0,3757,1307.89,4913742.73,Delivered,0.51,Y
PO000085,SUP0014,PRD0005,PLT008,2023-05-16,2023,5,2023-06-08,2023-06-08,0,2830,787.3,2228059.0,Delivered,5.4,Y
PO000086,SUP0054,PRD0029,PLT005,2021-01-02,2021,1,2021-01-31,2021-01-31,0,2429,1374.9,3339632.1,Cancelled,6.72,Y
PO000087,SUP0012,PRD0046,PLT008,2022-04-23,2022,4,2022-04-28,2022-04-27,-1,1927,1395.67,2689456.09,Cancelled,0.76,Y
PO000088,SUP0074,PRD0022,PLT006,2023-08-04,2023,8,2023-08-15,2023-08-15,0,1214,1518.57,1843543.98,Delivered,6.57,Y
PO000089,SUP0105,PRD0024,PLT002,2024-11-12,2024,11,2024-12-23,2024-12-23,0,4460,1718.99,7666695.4,Delivered,7.98,Y
PO000090,SUP0086,PRD0039,PLT004,2024-11-25,2024,11,2024-12-31,2025-01-20,20,2534,379.51,961678.34,Delivered,5.5,N
PO000091,SUP0019,PRD0054,PLT003,2021-07-02,2021,7,2021-07-24,2021-07-24,0,748,589.94,441275.12,Delayed,5.61,Y
PO000092,SUP0014,PRD0043,PLT004,2021-12-03,2021,12,2021-12-26,2021-12-26,0,3256,1213.02,3949593.12,Delivered,1.5,Y
PO000093,SUP0107,PRD0013,PLT002,2023-11-12,2023,11,2023-12-26,2023-12-26,0,2535,1425.08,3612577.8,Partial,7.86,Y
PO000094,SUP0021,PRD0037,PLT003,2024-09-26,2024,9,2024-10-23,2024-10-23,0,512,1455.87,745405.44,In Transit,6.91,Y
PO000095,SUP0027,PRD0057,PLT007,2021-01-26,2021,1,2021-02-05,2021-02-14,9,2172,1795.34,3899478.48,Delivered,0.91,N
PO000096,SUP0059,PRD0018,PLT002,2024-03-02,2024,3,2024-03-10,2024-03-16,6,4738,1162.35,5507214.3,Delivered,3.51,N
PO000097,SUP0001,PRD0005,PLT002,2023-10-01,2023,10,2023-10-12,2023-10-12,0,427,1228.56,524595.12,Delayed,1.39,Y
PO000098,SUP0030,PRD0002,PLT002,2021-06-21,2021,6,2021-08-01,2021-08-01,0,1208,144.69,174785.52,Delayed,7.27,Y
PO000099,SUP0116,PRD0027,PLT004,2023-11-27,2023,11,2023-12-01,2023-12-25,24,1559,135.81,211727.79,In Transit,6.44,N
PO000100,SUP0088,PRD0004,PLT001,2023-03-20,2023,3,2023-03-30,2023-03-30,0,4772,451.01,2152219.72,Delivered,2.07,Y
PO000101,SUP0051,PRD0040,PLT003,2023-09-28,2023,9,2023-11-08,2023-11-10,2,504,478.65,241239.6,In Transit,4.47,N
PO000102,SUP0105,PRD0029,PLT001,2021-02-24,2021,2,2021-04-06,2021-04-06,0,1408,555.55,782214.4,Delayed,6.32,Y
PO000103,SUP0074,PRD0060,PLT002,2023-10-09,2023,10,2023-10-20,2023-10-26,6,4382,1186.85,5200776.7,Delayed,6.16,N
PO000104,SUP0020,PRD0049,PLT008,2022-08-08,2022,8,2022-08-23,2022-09-03,11,1590,1631.71,2594418.9,In Transit,0.41,N
PO000105,SUP0034,PRD0043,PLT007,2023-12-06,2023,12,2023-12-23,2023-12-23,0,666,908.74,605220.84,Delayed,4.58,Y
PO000106,SUP0011,PRD0050,PLT006,2024-07-16,2024,7,2024-08-09,2024-09-02,24,1151,457.51,526594.01,In Transit,2.92,N
PO000107,SUP0076,PRD0012,PLT004,2024-08-18,2024,8,2024-08-23,2024-08-21,-2,1678,544.4,913503.2,Cancelled,0.91,Y
PO000108,SUP0114,PRD0041,PLT002,2022-11-13,2022,11,2022-12-07,2022-12-07,0,213,1858.03,395760.39,Cancelled,0.86,Y
PO000109,SUP0065,PRD0046,PLT006,2021-09-03,2021,9,2021-09-12,2021-09-12,0,3520,194.37,684182.4,In Transit,2.51,Y
PO000110,SUP0088,PRD0055,PLT001,2023-11-25,2023,11,2023-12-05,2023-12-05,0,3769,636.29,2398177.01,In Transit,5.82,Y
PO000111,SUP0107,PRD0049,PLT005,2023-02-28,2023,2,2023-04-13,2023-04-13,0,4413,442.59,1953149.67,In Transit,6.43,Y
PO000112,SUP0119,PRD0050,PLT006,2021-01-01,2021,1,2021-02-10,2021-02-10,0,3263,25.09,81868.67,Partial,0.5,Y
PO000113,SUP0078,PRD0028,PLT003,2021-11-12,2021,11,2021-11-16,2021-12-12,26,3538,1747.06,6181098.28,Delivered,7.32,N
PO000114,SUP0040,PRD0047,PLT004,2022-02-26,2022,2,2022-03-16,2022-03-16,0,2734,311.92,852789.28,Delivered,6.41,Y
PO000115,SUP0065,PRD0046,PLT005,2022-04-26,2022,4,2022-05-05,2022-05-27,22,1498,959.1,1436731.8,Cancelled,6.38,N
PO000116,SUP0026,PRD0044,PLT006,2024-08-26,2024,8,2024-09-15,2024-10-13,28,124,1466.28,181818.72,Delivered,3.66,N
PO000117,SUP0015,PRD0003,PLT001,2021-12-16,2021,12,2022-01-26,2022-01-26,0,2015,1374.26,2769133.9,Delayed,2.41,Y
PO000118,SUP0067,PRD0037,PLT002,2023-04-26,2023,4,2023-05-21,2023-05-21,0,1393,711.26,990785.18,Partial,2.72,Y
PO000119,SUP0049,PRD0035,PLT005,2023-06-08,2023,6,2023-06-12,2023-06-12,0,4380,640.06,2803462.8,Delivered,0.17,Y
PO000120,SUP0058,PRD0032,PLT007,2024-12-11,2024,12,2025-01-08,2025-01-08,0,639,1546.3,988085.7,Delayed,2.23,Y
PO000121,SUP0045,PRD0003,PLT007,2024-06-11,2024,6,2024-06-28,2024-06-28,0,2491,1474.02,3671783.82,Cancelled,3.62,Y
PO000122,SUP0030,PRD0043,PLT006,2021-01-04,2021,1,2021-02-14,2021-02-14,0,1921,1558.61,2994089.81,Cancelled,3.18,Y
PO000123,SUP0117,PRD0049,PLT008,2024-07-15,2024,7,2024-08-23,2024-08-26,3,4239,1811.25,7677888.75,Delayed,1.89,N
PO000124,SUP0091,PRD0059,PLT001,2024-03-06,2024,3,2024-03-30,2024-03-30,0,1016,1835.41,1864776.56,Delivered,5.15,Y
PO000125,SUP0069,PRD0050,PLT005,2023-07-19,2023,7,2023-09-02,2023-08-28,-5,150,1343.02,201453.0,Cancelled,5.85,Y
PO000126,SUP0077,PRD0013,PLT008,2024-04-20,2024,4,2024-04-28,2024-05-20,22,2911,192.46,560251.06,Cancelled,0.59,N
PO000127,SUP0088,PRD0008,PLT007,2022-10-25,2022,10,2022-11-04,2022-11-04,0,2317,1899.75,4401720.75,Partial,6.99,Y
PO000128,SUP0014,PRD0046,PLT002,2023-12-26,2023,12,2024-01-18,2024-01-18,0,1631,1391.64,2269764.84,Delivered,6.28,Y
PO000129,SUP0053,PRD0045,PLT007,2024-10-05,2024,10,2024-11-04,2024-11-04,0,1053,406.38,427918.14,Cancelled,4.78,Y
PO000130,SUP0067,PRD0032,PLT004,2023-10-22,2023,10,2023-11-16,2023-11-16,0,3880,941.35,3652438.0,Delayed,0.41,Y
PO000131,SUP0027,PRD0024,PLT001,2024-09-06,2024,9,2024-09-16,2024-09-16,0,2064,1110.32,2291700.48,Partial,5.35,Y
PO000132,SUP0089,PRD0058,PLT005,2022-03-04,2022,3,2022-03-23,2022-03-24,1,2027,1915.1,3881907.7,Delivered,4.83,N
PO000133,SUP0074,PRD0010,PLT006,2021-02-20,2021,2,2021-03-03,2021-03-03,0,4521,1535.26,6940910.46,Delivered,5.08,Y
PO000134,SUP0018,PRD0034,PLT005,2023-08-04,2023,8,2023-08-23,2023-08-23,0,2173,28.26,61408.98,Cancelled,5.37,Y
PO000135,SUP0021,PRD0029,PLT005,2021-05-01,2021,5,2021-05-28,2021-05-28,0,974,568.42,553641.08,Delivered,1.17,Y
PO000136,SUP0044,PRD0002,PLT001,2024-03-25,2024,3,2024-04-21,2024-04-18,-3,1721,1659.72,2856378.12,Delivered,5.82,Y
PO000137,SUP0025,PRD0006,PLT005,2023-02-09,2023,2,2023-02-26,2023-03-25,27,4216,691.25,2914310.0,Delivered,6.82,N
PO000138,SUP0089,PRD0039,PLT008,2024-05-04,2024,5,2024-05-23,2024-05-23,0,1815,1192.4,2164206.0,Cancelled,7.7,Y
PO000139,SUP0022,PRD0038,PLT007,2024-10-10,2024,10,2024-11-06,2024-11-06,0,3304,1098.13,3628221.52,In Transit,5.77,Y
PO000140,SUP0100,PRD0044,PLT002,2023-06-19,2023,6,2023-06-27,2023-06-25,-2,3525,1447.44,5102226.0,Delivered,4.71,Y
PO000141,SUP0041,PRD0012,PLT001,2023-01-23,2023,1,2023-02-22,2023-02-22,0,4346,1626.6,7069203.6,Delayed,0.09,Y
PO000142,SUP0066,PRD0056,PLT006,2024-11-21,2024,11,2024-12-24,2024-12-24,0,3699,1058.98,3917167.02,Delivered,2.52,Y
PO000143,SUP0114,PRD0010,PLT008,2021-02-20,2021,2,2021-03-16,2021-04-08,23,3795,291.81,1107418.95,In Transit,5.66,N
PO000144,SUP0048,PRD0044,PLT001,2021-04-23,2021,4,2021-05-15,2021-05-12,-3,4765,1939.17,9240145.05,Partial,6.67,Y
PO000145,SUP0118,PRD0056,PLT006,2024-06-15,2024,6,2024-07-15,2024-07-15,0,2648,1662.76,4402988.48,Delayed,5.99,Y
PO000146,SUP0045,PRD0031,PLT004,2024-04-17,2024,4,2024-05-04,2024-05-04,0,888,329.45,292551.6,Delayed,3.46,Y
PO000147,SUP0045,PRD0004,PLT005,2022-11-10,2022,11,2022-11-27,2022-11-27,0,1989,1699.89,3381081.21,Cancelled,3.28,Y
PO000148,SUP0004,PRD0014,PLT007,2021-01-04,2021,1,2021-02-11,2021-02-20,9,3644,769.62,2804495.28,Partial,5.6,N
PO000149,SUP0059,PRD0053,PLT006,2023-08-01,2023,8,2023-08-09,2023-08-09,0,492,898.64,442130.88,Partial,3.89,Y
PO000150,SUP0089,PRD0009,PLT006,2021-06-19,2021,6,2021-07-08,2021-07-08,0,549,438.56,240769.44,Delayed,1.72,Y
PO000151,SUP0119,PRD0037,PLT005,2022-01-28,2022,1,2022-03-09,2022-03-19,10,937,240.9,225723.3,Delayed,2.94,N
PO000152,SUP0033,PRD0038,PLT002,2023-11-03,2023,11,2023-12-15,2023-12-15,0,4288,1256.17,5386456.96,Delivered,0.92,Y
PO000153,SUP0097,PRD0016,PLT001,2023-07-17,2023,7,2023-08-14,2023-08-16,2,2615,159.16,416203.4,Cancelled,3.65,N
PO000154,SUP0094,PRD0005,PLT002,2021-05-27,2021,5,2021-06-22,2021-06-22,0,2243,672.93,1509381.99,Delivered,4.22,Y
PO000155,SUP0075,PRD0036,PLT001,2023-06-14,2023,6,2023-07-23,2023-07-20,-3,3991,946.37,3776962.67,Delayed,2.77,Y
PO000156,SUP0100,PRD0038,PLT005,2021-03-20,2021,3,2021-03-28,2021-03-28,0,2325,1070.22,2488261.5,Delivered,2.8,Y
PO000157,SUP0100,PRD0005,PLT002,2024-10-06,2024,10,2024-10-14,2024-10-14,0,3772,1333.76,5030942.72,In Transit,6.0,Y
PO000158,SUP0092,PRD0024,PLT002,2022-09-08,2022,9,2022-09-29,2022-09-29,0,2260,870.05,1966313.0,Delayed,5.24,Y
PO000159,SUP0097,PRD0043,PLT008,2023-10-02,2023,10,2023-10-30,2023-10-30,0,4120,1442.69,5943882.8,In Transit,7.77,Y
PO000160,SUP0053,PRD0012,PLT008,2022-10-05,2022,10,2022-11-04,2022-11-02,-2,4980,1478.68,7363826.4,Partial,1.52,Y
PO000161,SUP0035,PRD0043,PLT002,2022-07-21,2022,7,2022-07-24,2022-07-24,0,4703,1653.46,7776222.38,Cancelled,4.49,Y
PO000162,SUP0030,PRD0023,PLT007,2022-12-08,2022,12,2023-01-18,2023-01-16,-2,3077,282.02,867775.54,In Transit,7.96,Y
PO000163,SUP0037,PRD0055,PLT003,2024-09-09,2024,9,2024-10-03,2024-10-03,0,2796,1445.73,4042261.08,Delivered,3.19,Y
PO000164,SUP0034,PRD0006,PLT001,2022-02-24,2022,2,2022-03-13,2022-03-13,0,2696,1099.51,2964278.96,Cancelled,5.74,Y
PO000165,SUP0048,PRD0058,PLT005,2023-08-04,2023,8,2023-08-26,2023-08-26,0,1867,200.7,374706.9,Delivered,2.05,Y
PO000166,SUP0080,PRD0038,PLT006,2024-04-25,2024,4,2024-05-15,2024-05-29,14,4355,1703.28,7417784.4,Delivered,2.76,N
PO000167,SUP0118,PRD0024,PLT008,2022-11-11,2022,11,2022-12-11,2022-12-11,0,2415,1315.37,3176618.55,Delivered,2.12,Y
PO000168,SUP0034,PRD0030,PLT004,2024-01-16,2024,1,2024-02-02,2024-02-02,0,4713,892.06,4204278.78,Delayed,2.01,Y
PO000169,SUP0024,PRD0031,PLT001,2022-04-28,2022,4,2022-05-01,2022-05-01,0,174,1032.97,179736.78,Delivered,7.67,Y
PO000170,SUP0067,PRD0025,PLT003,2023-02-09,2023,2,2023-03-06,2023-03-06,0,1260,281.1,354186.0,Delayed,1.34,Y
PO000171,SUP0003,PRD0034,PLT001,2024-11-04,2024,11,2024-12-13,2024-12-30,17,3792,1046.46,3968176.32,Cancelled,6.3,N
PO000172,SUP0053,PRD0019,PLT008,2022-11-15,2022,11,2022-12-15,2022-12-15,0,1061,847.27,898953.47,Delivered,5.51,Y
PO000173,SUP0050,PRD0043,PLT005,2024-10-13,2024,10,2024-11-19,2024-11-14,-5,3209,531.2,1704620.8,Delivered,0.05,Y
PO000174,SUP0047,PRD0015,PLT003,2024-04-18,2024,4,2024-05-08,2024-05-08,0,131,963.64,126236.84,Partial,5.17,Y
PO000175,SUP0103,PRD0008,PLT004,2022-09-21,2022,9,2022-09-26,2022-09-26,0,2229,1729.32,3854654.28,Delivered,6.4,Y
PO000176,SUP0023,PRD0022,PLT003,2021-03-20,2021,3,2021-04-21,2021-04-21,0,2818,845.03,2381294.54,In Transit,5.83,Y
PO000177,SUP0039,PRD0052,PLT005,2021-09-03,2021,9,2021-10-09,2021-10-09,0,3300,782.0,2580600.0,In Transit,7.66,Y
PO000178,SUP0006,PRD0014,PLT004,2022-04-16,2022,4,2022-04-20,2022-04-15,-5,4312,725.82,3129735.84,Delivered,2.04,Y
PO000179,SUP0098,PRD0027,PLT007,2022-06-08,2022,6,2022-07-18,2022-07-18,0,1803,129.42,233344.26,Delivered,5.9,Y
PO000180,SUP0043,PRD0004,PLT006,2022-08-24,2022,8,2022-09-08,2022-09-08,0,2657,1733.49,4605882.93,Delivered,7.05,Y
PO000181,SUP0048,PRD0007,PLT003,2024-08-16,2024,8,2024-09-07,2024-09-07,0,1328,1354.71,1799054.88,In Transit,6.06,Y
PO000182,SUP0094,PRD0010,PLT006,2024-03-02,2024,3,2024-03-28,2024-03-28,0,1907,1177.34,2245187.38,Cancelled,3.05,Y
PO000183,SUP0037,PRD0012,PLT002,2024-10-16,2024,10,2024-11-09,2024-11-09,0,3769,1335.29,5032708.01,In Transit,1.39,Y
PO000184,SUP0045,PRD0002,PLT003,2024-08-24,2024,8,2024-09-10,2024-09-15,5,2826,557.33,1575014.58,Delivered,5.41,N
PO000185,SUP0113,PRD0001,PLT003,2024-05-18,2024,5,2024-06-22,2024-06-22,0,2613,1045.68,2732361.84,Delivered,6.93,Y
PO000186,SUP0116,PRD0045,PLT007,2021-01-04,2021,1,2021-01-08,2021-01-08,0,3470,1577.28,5473161.6,Delivered,0.21,Y
PO000187,SUP0041,PRD0041,PLT004,2023-03-07,2023,3,2023-04-06,2023-04-06,0,4994,951.81,4753339.14,Delayed,0.83,Y
PO000188,SUP0053,PRD0058,PLT005,2023-07-16,2023,7,2023-08-15,2023-08-15,0,1675,154.75,259206.25,Delayed,4.35,Y
PO000189,SUP0002,PRD0040,PLT002,2023-07-02,2023,7,2023-08-13,2023-08-20,7,537,1996.88,1072324.56,Delayed,0.96,N
PO000190,SUP0013,PRD0005,PLT001,2021-04-14,2021,4,2021-05-07,2021-05-07,0,3083,1847.39,5695503.37,In Transit,2.81,Y
PO000191,SUP0009,PRD0024,PLT004,2023-05-18,2023,5,2023-05-28,2023-05-28,0,2100,691.12,1451352.0,Delayed,6.2,Y
PO000192,SUP0107,PRD0003,PLT001,2022-11-06,2022,11,2022-12-20,2023-01-07,18,4849,753.09,3651733.41,Cancelled,3.2,N
PO000193,SUP0029,PRD0056,PLT008,2023-04-16,2023,4,2023-04-28,2023-04-28,0,3329,1902.19,6332390.51,In Transit,2.43,Y
PO000194,SUP0110,PRD0003,PLT005,2024-12-21,2024,12,2025-01-09,2025-01-09,0,3738,380.14,1420963.32,Delivered,3.21,Y
PO000195,SUP0098,PRD0042,PLT002,2021-09-19,2021,9,2021-10-29,2021-11-24,26,253,150.67,38119.51,Cancelled,5.59,N
PO000196,SUP0103,PRD0055,PLT008,2024-05-16,2024,5,2024-05-21,2024-05-21,0,3309,1697.44,5616828.96,In Transit,0.66,Y
PO000197,SUP0058,PRD0045,PLT003,2023-12-04,2023,12,2024-01-01,2024-01-04,3,2117,1757.8,3721262.6,Delayed,5.98,N
PO000198,SUP0057,PRD0050,PLT004,2021-01-12,2021,1,2021-02-16,2021-02-12,-4,1078,478.88,516232.64,Delivered,2.33,Y
PO000199,SUP0093,PRD0054,PLT006,2023-10-26,2023,10,2023-10-29,2023-11-03,5,4481,999.88,4480462.28,Delayed,2.17,N
PO000200,SUP0020,PRD0037,PLT001,2024-06-01,2024,6,2024-06-16,2024-06-16,0,3305,1109.38,3666500.9,Delivered,7.09,Y
PO000201,SUP0051,PRD0015,PLT005,2024-03-06,2024,3,2024-04-16,2024-04-19,3,1316,918.85,1209206.6,In Transit,4.78,N
PO000202,SUP0112,PRD0025,PLT002,2022-04-24,2022,4,2022-05-23,2022-05-26,3,2984,308.51,920593.84,Cancelled,5.09,N
PO000203,SUP0018,PRD0023,PLT004,2024-02-19,2024,2,2024-03-09,2024-03-09,0,2482,1322.02,3281253.64,Partial,7.13,Y
PO000204,SUP0070,PRD0060,PLT004,2022-05-12,2022,5,2022-06-03,2022-06-02,-1,2134,1106.31,2360865.54,Delivered,2.01,Y
PO000205,SUP0112,PRD0020,PLT007,2024-03-13,2024,3,2024-04-11,2024-05-01,20,3939,1867.9,7357658.1,Delivered,4.95,N
PO000206,SUP0061,PRD0046,PLT004,2021-07-05,2021,7,2021-08-18,2021-08-23,5,3512,1481.48,5202957.76,In Transit,1.81,N
PO000207,SUP0015,PRD0018,PLT005,2021-08-20,2021,8,2021-09-30,2021-09-30,0,1135,971.42,1102561.7,Delayed,3.54,Y
PO000208,SUP0019,PRD0008,PLT004,2023-03-17,2023,3,2023-04-08,2023-04-08,0,4031,1115.06,4494806.86,In Transit,5.1,Y
PO000209,SUP0064,PRD0035,PLT005,2023-06-09,2023,6,2023-06-21,2023-06-21,0,1212,517.24,626894.88,Cancelled,3.29,Y
PO000210,SUP0093,PRD0012,PLT005,2023-02-03,2023,2,2023-02-06,2023-02-27,21,3834,938.89,3599704.26,Delivered,3.28,N
PO000211,SUP0005,PRD0012,PLT004,2021-08-28,2021,8,2021-09-22,2021-09-22,0,3054,1916.56,5853174.24,Delivered,1.6,Y
PO000212,SUP0032,PRD0004,PLT006,2021-04-16,2021,4,2021-04-23,2021-04-22,-1,2963,105.68,313129.84,In Transit,7.91,Y
PO000213,SUP0112,PRD0020,PLT006,2023-08-12,2023,8,2023-09-10,2023-09-10,0,2554,161.07,411372.78,Delayed,0.77,Y
PO000214,SUP0105,PRD0034,PLT006,2023-07-15,2023,7,2023-08-25,2023-09-01,7,594,1825.51,1084352.94,Delayed,4.1,N
PO000215,SUP0039,PRD0057,PLT008,2023-08-11,2023,8,2023-09-16,2023-09-16,0,2714,1316.37,3572628.18,In Transit,1.05,Y
PO000216,SUP0049,PRD0016,PLT004,2024-07-10,2024,7,2024-07-14,2024-07-27,13,3414,565.48,1930548.72,Delivered,0.82,N
PO000217,SUP0088,PRD0007,PLT005,2021-04-25,2021,4,2021-05-05,2021-05-05,0,3798,1586.76,6026514.48,Delivered,4.09,Y
PO000218,SUP0030,PRD0001,PLT001,2022-04-13,2022,4,2022-05-24,2022-06-12,19,629,720.05,452911.45,Cancelled,3.9,N
PO000219,SUP0045,PRD0049,PLT002,2022-04-13,2022,4,2022-04-30,2022-04-30,0,320,352.42,112774.4,Delivered,1.53,Y
PO000220,SUP0061,PRD0028,PLT008,2021-08-24,2021,8,2021-10-07,2021-10-07,0,1492,995.24,1484898.08,In Transit,7.7,Y
PO000221,SUP0086,PRD0047,PLT008,2022-06-06,2022,6,2022-07-12,2022-07-26,14,2172,667.19,1449136.68,Cancelled,4.7,N
PO000222,SUP0101,PRD0025,PLT007,2022-02-09,2022,2,2022-03-23,2022-03-23,0,235,572.12,134448.2,Delivered,2.77,Y
PO000223,SUP0032,PRD0040,PLT004,2022-06-05,2022,6,2022-06-12,2022-06-12,0,733,862.84,632461.72,Delivered,7.11,Y
PO000224,SUP0070,PRD0015,PLT005,2021-03-07,2021,3,2021-03-29,2021-04-03,5,2810,405.19,1138583.9,Delivered,1.05,N
PO000225,SUP0070,PRD0055,PLT004,2023-05-22,2023,5,2023-06-13,2023-06-13,0,4766,1425.03,6791692.98,Delivered,2.75,Y
PO000226,SUP0059,PRD0027,PLT007,2021-12-09,2021,12,2021-12-17,2022-01-05,19,1833,1906.3,3494247.9,Partial,7.16,N
PO000227,SUP0091,PRD0045,PLT006,2022-02-27,2022,2,2022-03-23,2022-03-23,0,964,685.71,661024.44,Delivered,5.57,Y
PO000228,SUP0102,PRD0017,PLT005,2022-08-06,2022,8,2022-08-27,2022-08-27,0,4235,1708.33,7234777.55,Delivered,8.0,Y
PO000229,SUP0057,PRD0010,PLT001,2023-04-20,2023,4,2023-05-25,2023-05-25,0,2417,1156.99,2796444.83,Delivered,1.62,Y
PO000230,SUP0079,PRD0001,PLT004,2022-04-09,2022,4,2022-05-02,2022-05-02,0,682,1290.12,879861.84,Cancelled,3.46,Y
PO000231,SUP0101,PRD0046,PLT007,2021-08-15,2021,8,2021-09-26,2021-09-26,0,3192,1447.57,4620643.44,In Transit,7.23,Y
PO000232,SUP0034,PRD0056,PLT008,2021-05-07,2021,5,2021-05-24,2021-05-25,1,2823,1653.75,4668536.25,Delayed,0.03,N
PO000233,SUP0025,PRD0009,PLT005,2022-12-05,2022,12,2022-12-22,2022-12-29,7,1060,1804.15,1912399.0,Delivered,1.48,N
PO000234,SUP0044,PRD0021,PLT004,2021-05-10,2021,5,2021-06-06,2021-06-06,0,1554,46.84,72789.36,Delivered,6.29,Y
PO000235,SUP0084,PRD0028,PLT004,2023-02-12,2023,2,2023-03-03,2023-03-03,0,2838,135.4,384265.2,Delivered,2.91,Y
PO000236,SUP0025,PRD0011,PLT007,2023-01-04,2023,1,2023-01-21,2023-01-24,3,2253,994.88,2241464.64,Delivered,1.09,N
PO000237,SUP0065,PRD0022,PLT004,2023-04-17,2023,4,2023-04-26,2023-04-26,0,633,1302.73,824628.09,Cancelled,6.92,Y
PO000238,SUP0111,PRD0041,PLT008,2023-09-19,2023,9,2023-10-30,2023-11-04,5,3102,655.62,2033733.24,Delivered,5.74,N
PO000239,SUP0052,PRD0054,PLT001,2024-09-11,2024,9,2024-10-26,2024-10-26,0,3878,1864.71,7231345.38,Cancelled,7.32,Y
PO000240,SUP0008,PRD0045,PLT001,2023-03-24,2023,3,2023-04-04,2023-04-04,0,2467,238.0,587146.0,Delivered,2.66,Y
PO000241,SUP0026,PRD0024,PLT006,2024-12-08,2024,12,2024-12-28,2024-12-28,0,4532,342.0,1549944.0,Delivered,2.25,Y
PO000242,SUP0073,PRD0002,PLT003,2022-09-22,2022,9,2022-10-24,2022-10-24,0,3730,1322.13,4931544.9,Cancelled,7.51,Y
PO000243,SUP0091,PRD0044,PLT003,2022-03-20,2022,3,2022-04-13,2022-04-20,7,541,417.72,225986.52,In Transit,4.48,N
PO000244,SUP0058,PRD0033,PLT005,2023-02-15,2023,2,2023-03-15,2023-03-15,0,3747,120.04,449789.88,Cancelled,6.52,Y
PO000245,SUP0101,PRD0021,PLT004,2021-08-15,2021,8,2021-09-26,2021-09-26,0,1797,846.15,1520531.55,Delivered,2.58,Y
PO000246,SUP0085,PRD0035,PLT007,2022-03-03,2022,3,2022-03-16,2022-03-29,13,2410,1649.32,3974861.2,Delivered,4.93,N
PO000247,SUP0091,PRD0012,PLT002,2022-07-04,2022,7,2022-07-28,2022-07-28,0,1451,59.81,86784.31,Delivered,6.0,Y
PO000248,SUP0120,PRD0058,PLT008,2022-06-22,2022,6,2022-07-31,2022-07-31,0,1154,1978.36,2283027.44,Cancelled,3.46,Y
PO000249,SUP0047,PRD0037,PLT007,2023-12-17,2023,12,2024-01-06,2024-01-06,0,2195,1618.37,3552322.15,Partial,2.31,Y
PO000250,SUP0113,PRD0023,PLT006,2023-09-07,2023,9,2023-10-12,2023-10-19,7,2165,1796.05,3888448.25,Partial,6.21,N
PO000251,SUP0015,PRD0027,PLT006,2021-06-12,2021,6,2021-07-23,2021-07-23,0,962,1069.57,1028926.34,In Transit,1.66,Y
PO000252,SUP0041,PRD0060,PLT005,2023-11-07,2023,11,2023-12-07,2023-12-07,0,3917,619.33,2425915.61,Partial,7.63,Y
PO000253,SUP0118,PRD0054,PLT006,2024-09-26,2024,9,2024-10-26,2024-10-26,0,4987,1084.65,5409149.55,In Transit,2.03,Y
PO000254,SUP0096,PRD0018,PLT003,2024-10-27,2024,10,2024-11-06,2024-11-13,7,1350,583.46,787671.0,Delayed,3.1,N
PO000255,SUP0120,PRD0014,PLT007,2021-08-12,2021,8,2021-09-20,2021-09-20,0,666,261.49,174152.34,Delivered,2.26,Y
PO000256,SUP0067,PRD0036,PLT008,2022-01-16,2022,1,2022-02-10,2022-02-10,0,3082,510.48,1573299.36,Cancelled,6.68,Y
PO000257,SUP0086,PRD0041,PLT006,2021-03-01,2021,3,2021-04-06,2021-04-08,2,2364,1595.23,3771123.72,Partial,6.38,N
PO000258,SUP0120,PRD0024,PLT006,2022-12-24,2022,12,2023-02-01,2023-02-01,0,4105,258.87,1062661.35,Delayed,0.37,Y
PO000259,SUP0068,PRD0022,PLT003,2021-02-09,2021,2,2021-02-19,2021-03-08,17,4841,457.86,2216500.26,Delivered,6.29,N
PO000260,SUP0012,PRD0021,PLT003,2024-08-09,2024,8,2024-08-14,2024-08-14,0,1582,294.5,465899.0,Delayed,0.61,Y
PO000261,SUP0074,PRD0057,PLT004,2023-08-24,2023,8,2023-09-04,2023-09-04,0,2327,1479.61,3443052.47,Partial,0.43,Y
PO000262,SUP0040,PRD0014,PLT001,2022-11-14,2022,11,2022-12-02,2022-12-02,0,204,219.16,44708.64,Delivered,5.89,Y
PO000263,SUP0020,PRD0048,PLT005,2022-05-22,2022,5,2022-06-06,2022-06-06,0,1671,864.04,1443810.84,Delivered,0.71,Y
PO000264,SUP0076,PRD0032,PLT008,2022-12-10,2022,12,2022-12-15,2023-01-12,28,1039,220.07,228652.73,Partial,0.74,N
PO000265,SUP0111,PRD0060,PLT008,2023-02-03,2023,2,2023-03-16,2023-03-16,0,3349,812.74,2721866.26,Delivered,2.1,Y
PO000266,SUP0079,PRD0003,PLT006,2023-03-05,2023,3,2023-03-28,2023-04-01,4,2401,185.12,444473.12,Delivered,7.53,N
PO000267,SUP0069,PRD0007,PLT001,2021-06-08,2021,6,2021-07-23,2021-08-08,16,1002,114.3,114528.6,In Transit,3.43,N
PO000268,SUP0063,PRD0041,PLT002,2021-08-18,2021,8,2021-09-28,2021-09-28,0,4519,578.57,2614557.83,Delayed,1.61,Y
PO000269,SUP0041,PRD0054,PLT004,2024-04-06,2024,4,2024-05-06,2024-05-12,6,117,1358.87,158987.79,Cancelled,0.76,N
PO000270,SUP0079,PRD0060,PLT001,2023-01-26,2023,1,2023-02-18,2023-02-18,0,2619,270.43,708256.17,Cancelled,5.56,Y
PO000271,SUP0099,PRD0040,PLT004,2023-01-09,2023,1,2023-02-03,2023-03-04,29,296,1053.77,311915.92,Partial,5.11,N
PO000272,SUP0091,PRD0039,PLT006,2024-05-18,2024,5,2024-06-11,2024-06-11,0,2850,1266.33,3609040.5,In Transit,6.5,Y
PO000273,SUP0047,PRD0049,PLT002,2024-12-09,2024,12,2024-12-29,2025-01-27,29,1828,1798.84,3288279.52,Delivered,5.26,N
PO000274,SUP0067,PRD0050,PLT004,2022-11-08,2022,11,2022-12-03,2022-12-15,12,3045,1376.48,4191381.6,Delivered,6.03,N
PO000275,SUP0109,PRD0035,PLT002,2022-09-07,2022,9,2022-10-13,2022-10-13,0,2920,489.84,1430332.8,Delivered,7.24,Y
PO000276,SUP0073,PRD0035,PLT005,2024-07-19,2024,7,2024-08-20,2024-09-02,13,2339,726.85,1700102.15,Delivered,1.46,N
PO000277,SUP0084,PRD0050,PLT005,2022-03-16,2022,3,2022-04-04,2022-04-04,0,3946,350.46,1382915.16,Delivered,1.65,Y
PO000278,SUP0031,PRD0022,PLT007,2023-08-06,2023,8,2023-09-03,2023-09-04,1,577,449.28,259234.56,Delivered,3.41,N
PO000279,SUP0037,PRD0003,PLT005,2022-05-08,2022,5,2022-06-01,2022-06-01,0,3099,461.43,1429971.57,Delivered,4.78,Y
PO000280,SUP0039,PRD0005,PLT002,2023-02-22,2023,2,2023-03-30,2023-03-30,0,4239,877.77,3720867.03,Delivered,7.1,Y
PO000281,SUP0013,PRD0015,PLT006,2021-11-24,2021,11,2021-12-17,2021-12-17,0,4421,389.23,1720785.83,In Transit,4.67,Y
PO000282,SUP0044,PRD0026,PLT007,2024-06-27,2024,6,2024-07-24,2024-08-13,20,111,1818.96,201904.56,Delivered,3.64,N
PO000283,SUP0083,PRD0007,PLT008,2023-03-11,2023,3,2023-03-28,2023-03-28,0,4452,960.98,4278282.96,Delivered,2.93,Y
PO000284,SUP0012,PRD0022,PLT006,2022-05-01,2022,5,2022-05-06,2022-05-06,0,3592,417.08,1498151.36,Delayed,2.5,Y
PO000285,SUP0045,PRD0027,PLT003,2023-08-12,2023,8,2023-08-29,2023-09-03,5,3973,751.82,2986980.86,Cancelled,6.95,N
PO000286,SUP0059,PRD0011,PLT006,2021-02-25,2021,2,2021-03-05,2021-03-05,0,2073,1993.77,4133085.21,Delivered,4.77,Y
PO000287,SUP0037,PRD0035,PLT004,2023-07-17,2023,7,2023-08-10,2023-08-10,0,930,1284.51,1194594.3,Delivered,5.61,Y
PO000288,SUP0079,PRD0060,PLT008,2021-09-03,2021,9,2021-09-26,2021-10-16,20,4305,171.89,739986.45,Delivered,0.87,N
PO000289,SUP0036,PRD0012,PLT006,2024-06-17,2024,6,2024-07-17,2024-07-15,-2,4676,17.99,84121.24,Delivered,2.21,Y
PO000290,SUP0102,PRD0058,PLT004,2021-12-23,2021,12,2022-01-13,2022-01-13,0,4058,1459.32,5921920.56,Delivered,1.15,Y
PO000291,SUP0117,PRD0037,PLT004,2024-05-08,2024,5,2024-06-16,2024-06-16,0,2880,103.49,298051.2,Delivered,2.04,Y
PO000292,SUP0102,PRD0045,PLT006,2023-09-12,2023,9,2023-10-03,2023-10-03,0,1096,617.87,677185.52,Delivered,4.62,Y
PO000293,SUP0044,PRD0004,PLT006,2021-02-10,2021,2,2021-03-09,2021-03-21,12,1510,1651.89,2494353.9,In Transit,6.71,N
PO000294,SUP0047,PRD0030,PLT008,2024-06-11,2024,6,2024-07-01,2024-07-26,25,2291,1097.55,2514487.05,In Transit,5.03,N
PO000295,SUP0072,PRD0028,PLT002,2024-10-26,2024,10,2024-11-20,2024-11-16,-4,423,1711.94,724150.62,Delivered,4.74,Y
PO000296,SUP0120,PRD0048,PLT001,2022-05-10,2022,5,2022-06-18,2022-06-28,10,818,1715.51,1403287.18,In Transit,1.5,N
PO000297,SUP0055,PRD0023,PLT006,2023-07-27,2023,7,2023-09-06,2023-09-06,0,2382,1715.55,4086440.1,Delivered,3.21,Y
PO000298,SUP0091,PRD0022,PLT002,2024-05-21,2024,5,2024-06-14,2024-07-12,28,4585,176.78,810536.3,Partial,6.56,N
PO000299,SUP0120,PRD0055,PLT005,2023-11-09,2023,11,2023-12-18,2023-12-18,0,4893,159.64,781118.52,In Transit,2.34,Y
PO000300,SUP0008,PRD0002,PLT003,2023-08-13,2023,8,2023-08-24,2023-08-24,0,2195,1675.41,3677524.95,Delivered,1.86,Y
PO000301,SUP0045,PRD0013,PLT001,2024-11-16,2024,11,2024-12-03,2024-12-25,22,4906,860.55,4221858.3,Delivered,7.96,N
PO000302,SUP0020,PRD0021,PLT003,2023-10-04,2023,10,2023-10-19,2023-10-19,0,2863,461.77,1322047.51,Delivered,4.09,Y
PO000303,SUP0098,PRD0051,PLT001,2024-05-02,2024,5,2024-06-11,2024-06-11,0,2330,1583.3,3689089.0,Partial,3.35,Y
PO000304,SUP0022,PRD0032,PLT006,2021-06-14,2021,6,2021-07-11,2021-07-11,0,3912,1777.69,6954323.28,Cancelled,0.1,Y
PO000305,SUP0083,PRD0010,PLT002,2023-08-26,2023,8,2023-09-12,2023-09-12,0,3101,16.66,51662.66,Cancelled,7.55,Y
PO000306,SUP0007,PRD0056,PLT006,2022-02-08,2022,2,2022-03-07,2022-03-07,0,1276,1300.34,1659233.84,Partial,6.29,Y
PO000307,SUP0055,PRD0034,PLT004,2021-11-12,2021,11,2021-12-23,2021-12-23,0,3967,269.06,1067361.02,Delivered,3.36,Y
PO000308,SUP0050,PRD0010,PLT003,2023-10-07,2023,10,2023-11-13,2023-12-01,18,3994,1985.7,7930885.8,Delivered,6.3,N
PO000309,SUP0094,PRD0055,PLT001,2022-10-05,2022,10,2022-10-31,2022-11-20,20,1991,1789.14,3562177.74,Delivered,4.07,N
PO000310,SUP0045,PRD0013,PLT001,2024-07-09,2024,7,2024-07-26,2024-08-11,16,1104,1014.59,1120107.36,Partial,1.5,N
PO000311,SUP0080,PRD0003,PLT007,2022-12-04,2022,12,2022-12-24,2022-12-22,-2,1310,1195.25,1565777.5,Delivered,4.25,Y
PO000312,SUP0082,PRD0046,PLT006,2024-10-10,2024,10,2024-11-03,2024-11-27,24,3926,1528.22,5999791.72,Delivered,1.91,N
PO000313,SUP0083,PRD0034,PLT005,2023-12-08,2023,12,2023-12-25,2023-12-26,1,3079,1031.65,3176450.35,Delivered,2.44,N
PO000314,SUP0032,PRD0055,PLT006,2021-01-06,2021,1,2021-01-13,2021-01-15,2,2373,1050.28,2492314.44,Delivered,1.96,N
PO000315,SUP0062,PRD0023,PLT003,2022-07-27,2022,7,2022-09-03,2022-09-15,12,268,1741.5,466722.0,Cancelled,3.03,N
PO000316,SUP0113,PRD0021,PLT001,2023-06-25,2023,6,2023-07-30,2023-07-30,0,832,880.45,732534.4,Partial,4.58,Y
PO000317,SUP0118,PRD0006,PLT006,2022-01-14,2022,1,2022-02-13,2022-02-13,0,2526,1929.2,4873159.2,Delivered,3.44,Y
PO000318,SUP0062,PRD0012,PLT002,2021-01-02,2021,1,2021-02-09,2021-02-09,0,241,955.4,230251.4,Cancelled,2.93,Y
PO000319,SUP0034,PRD0028,PLT005,2024-06-25,2024,6,2024-07-12,2024-07-12,0,1652,1764.77,2915400.04,Partial,0.16,Y
PO000320,SUP0086,PRD0005,PLT006,2021-11-13,2021,11,2021-12-19,2021-12-19,0,2240,325.21,728470.4,In Transit,3.82,Y
PO000321,SUP0090,PRD0043,PLT002,2021-06-11,2021,6,2021-06-27,2021-06-27,0,1397,1281.98,1790926.06,Delivered,2.32,Y
PO000322,SUP0077,PRD0029,PLT008,2022-11-26,2022,11,2022-12-04,2022-12-04,0,1505,656.36,987821.8,Cancelled,3.61,Y
PO000323,SUP0068,PRD0051,PLT003,2022-09-28,2022,9,2022-10-08,2022-10-08,0,3536,289.23,1022717.28,Delayed,7.21,Y
PO000324,SUP0005,PRD0035,PLT005,2024-04-04,2024,4,2024-04-29,2024-05-22,23,2048,1148.71,2352558.08,Partial,2.1,N
PO000325,SUP0076,PRD0013,PLT005,2022-03-27,2022,3,2022-04-01,2022-04-01,0,4400,1223.66,5384104.0,Delivered,3.27,Y
PO000326,SUP0029,PRD0056,PLT005,2022-12-17,2022,12,2022-12-29,2023-01-11,13,1002,59.43,59548.86,In Transit,4.18,N
PO000327,SUP0111,PRD0019,PLT003,2024-11-05,2024,11,2024-12-16,2024-12-16,0,2463,1047.44,2579844.72,Partial,7.94,Y
PO000328,SUP0036,PRD0043,PLT007,2021-10-22,2021,10,2021-11-21,2021-11-21,0,1645,29.03,47754.35,In Transit,5.49,Y
PO000329,SUP0050,PRD0040,PLT004,2024-12-19,2024,12,2025-01-25,2025-01-25,0,3192,195.45,623876.4,Delivered,1.05,Y
PO000330,SUP0015,PRD0056,PLT001,2023-06-20,2023,6,2023-07-31,2023-07-31,0,3084,130.07,401135.88,Delivered,7.35,Y
PO000331,SUP0115,PRD0036,PLT001,2021-10-18,2021,10,2021-10-29,2021-10-29,0,596,666.75,397383.0,In Transit,6.58,Y
PO000332,SUP0115,PRD0035,PLT008,2022-08-02,2022,8,2022-08-13,2022-08-13,0,287,332.93,95550.91,Partial,1.66,Y
PO000333,SUP0073,PRD0050,PLT005,2023-01-11,2023,1,2023-02-12,2023-02-12,0,4595,1362.04,6258573.8,Cancelled,4.99,Y
PO000334,SUP0033,PRD0055,PLT004,2023-10-09,2023,10,2023-11-20,2023-11-20,0,4180,1742.04,7281727.2,Cancelled,7.41,Y
PO000335,SUP0086,PRD0044,PLT003,2022-06-28,2022,6,2022-08-03,2022-08-23,20,853,293.22,250116.66,Delayed,6.45,N
PO000336,SUP0113,PRD0028,PLT001,2021-10-13,2021,10,2021-11-17,2021-11-17,0,1466,277.96,407489.36,Delivered,3.62,Y
PO000337,SUP0103,PRD0003,PLT007,2023-09-10,2023,9,2023-09-15,2023-09-15,0,1903,493.79,939682.37,In Transit,1.66,Y
PO000338,SUP0042,PRD0051,PLT004,2021-06-12,2021,6,2021-07-18,2021-07-18,0,861,121.99,105033.39,Delayed,0.29,Y
PO000339,SUP0098,PRD0044,PLT005,2023-08-08,2023,8,2023-09-17,2023-09-19,2,494,981.68,484949.92,Delayed,5.83,N
PO000340,SUP0110,PRD0020,PLT005,2021-12-10,2021,12,2021-12-29,2021-12-29,0,2021,1158.98,2342298.58,Delivered,1.71,Y
PO000341,SUP0099,PRD0009,PLT002,2023-07-15,2023,7,2023-08-09,2023-08-09,0,1966,329.9,648583.4,Partial,4.74,Y
PO000342,SUP0040,PRD0037,PLT004,2022-05-01,2022,5,2022-05-19,2022-05-19,0,3044,1350.02,4109460.88,Delayed,7.08,Y
PO000343,SUP0008,PRD0050,PLT003,2023-05-23,2023,5,2023-06-03,2023-06-03,0,2978,462.81,1378248.18,Delivered,1.25,Y
PO000344,SUP0069,PRD0044,PLT007,2022-10-17,2022,10,2022-12-01,2022-12-27,26,3457,706.78,2443338.46,Partial,2.75,N
PO000345,SUP0054,PRD0001,PLT006,2024-06-28,2024,6,2024-07-27,2024-08-12,16,1414,1262.78,1785570.92,Partial,4.77,N
PO000346,SUP0070,PRD0026,PLT004,2022-04-14,2022,4,2022-05-06,2022-05-06,0,317,1516.18,480629.06,Delayed,4.23,Y
PO000347,SUP0073,PRD0059,PLT004,2023-06-24,2023,6,2023-07-26,2023-08-12,17,1179,39.8,46924.2,Delivered,1.22,N
PO000348,SUP0106,PRD0030,PLT008,2022-03-28,2022,3,2022-04-19,2022-04-19,0,269,1171.4,315106.6,Delivered,6.4,Y
PO000349,SUP0093,PRD0025,PLT007,2024-02-18,2024,2,2024-02-21,2024-02-16,-5,4607,789.82,3638700.74,Delivered,5.42,Y
PO000350,SUP0052,PRD0015,PLT003,2023-08-16,2023,8,2023-09-30,2023-09-28,-2,195,647.0,126165.0,Delivered,6.82,Y
PO000351,SUP0059,PRD0022,PLT007,2024-04-16,2024,4,2024-04-24,2024-05-22,28,791,1350.74,1068435.34,Delivered,5.09,N
PO000352,SUP0029,PRD0029,PLT003,2023-04-05,2023,4,2023-04-17,2023-04-17,0,204,1732.1,353348.4,In Transit,5.53,Y
PO000353,SUP0037,PRD0035,PLT007,2023-02-01,2023,2,2023-02-25,2023-02-25,0,424,696.49,295311.76,Delivered,1.11,Y
PO000354,SUP0004,PRD0010,PLT008,2022-04-18,2022,4,2022-05-26,2022-05-26,0,3344,719.35,2405506.4,Delivered,3.83,Y
PO000355,SUP0080,PRD0032,PLT008,2024-09-09,2024,9,2024-09-29,2024-09-29,0,1709,1306.45,2232723.05,Delayed,4.02,Y
PO000356,SUP0081,PRD0007,PLT006,2022-12-22,2022,12,2023-01-29,2023-01-29,0,2721,181.23,493126.83,Cancelled,4.97,Y
PO000357,SUP0017,PRD0025,PLT002,2022-01-27,2022,1,2022-03-03,2022-03-31,28,2303,1204.08,2772996.24,Delivered,5.34,N
PO000358,SUP0098,PRD0010,PLT008,2023-06-19,2023,6,2023-07-29,2023-07-29,0,3174,1958.28,6215580.72,Delivered,5.38,Y
PO000359,SUP0059,PRD0044,PLT002,2023-02-26,2023,2,2023-03-06,2023-03-06,0,3540,1443.81,5111087.4,Delivered,3.81,Y
PO000360,SUP0003,PRD0006,PLT005,2023-08-11,2023,8,2023-09-19,2023-10-12,23,4752,807.06,3835149.12,Delayed,1.78,N
PO000361,SUP0084,PRD0045,PLT001,2024-06-03,2024,6,2024-06-22,2024-07-20,28,1187,432.8,513733.6,Partial,5.39,N
PO000362,SUP0030,PRD0045,PLT006,2022-07-15,2022,7,2022-08-25,2022-08-25,0,3064,1206.58,3696961.12,Delayed,1.91,Y
PO000363,SUP0098,PRD0036,PLT003,2024-04-22,2024,4,2024-06-01,2024-06-01,0,2315,547.15,1266652.25,Cancelled,5.76,Y
PO000364,SUP0036,PRD0040,PLT002,2024-04-06,2024,4,2024-05-06,2024-05-06,0,3671,102.42,375983.82,In Transit,4.06,Y
PO000365,SUP0018,PRD0015,PLT007,2022-10-16,2022,10,2022-11-04,2022-11-04,0,4970,888.79,4417286.3,In Transit,4.73,Y
PO000366,SUP0036,PRD0060,PLT002,2023-03-28,2023,3,2023-04-27,2023-05-09,12,3290,1121.99,3691347.1,Delivered,0.51,N
PO000367,SUP0074,PRD0007,PLT004,2024-05-09,2024,5,2024-05-20,2024-05-20,0,4277,714.79,3057156.83,Delivered,6.71,Y
PO000368,SUP0048,PRD0022,PLT002,2021-11-24,2021,11,2021-12-16,2021-12-16,0,2004,867.69,1738850.76,Cancelled,6.54,Y
PO000369,SUP0027,PRD0057,PLT008,2021-06-07,2021,6,2021-06-17,2021-06-26,9,2227,1286.9,2865926.3,In Transit,1.45,N
PO000370,SUP0078,PRD0011,PLT003,2022-04-27,2022,4,2022-05-01,2022-05-01,0,1687,201.78,340402.86,Cancelled,5.57,Y
PO000371,SUP0098,PRD0041,PLT008,2021-11-28,2021,11,2022-01-07,2022-01-30,23,1926,1432.84,2759649.84,Delivered,3.93,N
PO000372,SUP0050,PRD0013,PLT001,2022-12-21,2022,12,2023-01-27,2023-01-27,0,2133,1613.37,3441318.21,Partial,2.32,Y
PO000373,SUP0074,PRD0010,PLT001,2022-02-26,2022,2,2022-03-09,2022-03-09,0,4963,656.96,3260492.48,Partial,2.37,Y
PO000374,SUP0076,PRD0013,PLT002,2024-03-17,2024,3,2024-03-22,2024-04-06,15,1020,298.37,304337.4,Delivered,5.18,N
PO000375,SUP0072,PRD0007,PLT001,2023-08-05,2023,8,2023-08-30,2023-08-30,0,119,155.91,18553.29,Cancelled,2.8,Y
PO000376,SUP0063,PRD0059,PLT008,2022-06-23,2022,6,2022-08-03,2022-08-19,16,2141,1185.54,2538241.14,Cancelled,7.45,N
PO000377,SUP0114,PRD0005,PLT008,2022-02-07,2022,2,2022-03-03,2022-03-07,4,2873,1641.32,4715512.36,Delayed,2.46,N
PO000378,SUP0038,PRD0022,PLT002,2022-01-19,2022,1,2022-01-28,2022-01-28,0,4962,142.43,706737.66,Delayed,1.82,Y
PO000379,SUP0053,PRD0039,PLT007,2024-06-16,2024,6,2024-07-16,2024-07-16,0,3598,562.0,2022076.0,Delayed,6.94,Y
PO000380,SUP0074,PRD0058,PLT003,2024-06-09,2024,6,2024-06-20,2024-06-20,0,3296,786.22,2591381.12,In Transit,2.43,Y
PO000381,SUP0082,PRD0038,PLT002,2021-10-14,2021,10,2021-11-07,2021-11-07,0,4786,1356.54,6492400.44,Delivered,1.11,Y
PO000382,SUP0012,PRD0035,PLT002,2024-08-16,2024,8,2024-08-21,2024-08-21,0,2465,1551.26,3823855.9,Cancelled,6.39,Y
PO000383,SUP0112,PRD0019,PLT002,2024-09-21,2024,9,2024-10-20,2024-10-20,0,3029,1584.79,4800328.91,Partial,0.61,Y
PO000384,SUP0018,PRD0053,PLT001,2024-06-07,2024,6,2024-06-26,2024-06-26,0,2799,927.84,2597024.16,In Transit,7.77,Y
PO000385,SUP0010,PRD0015,PLT007,2024-07-13,2024,7,2024-07-30,2024-07-30,0,4061,1931.93,7845567.73,Delivered,0.35,Y
PO000386,SUP0090,PRD0035,PLT002,2024-09-09,2024,9,2024-09-25,2024-09-25,0,4214,1163.6,4903410.4,Delivered,1.35,Y
PO000387,SUP0054,PRD0045,PLT001,2024-01-04,2024,1,2024-02-02,2024-02-02,0,2497,1459.1,3643372.7,Cancelled,0.04,Y
PO000388,SUP0063,PRD0005,PLT005,2023-07-17,2023,7,2023-08-27,2023-08-27,0,3320,1125.35,3736162.0,Partial,3.28,Y
PO000389,SUP0083,PRD0027,PLT001,2024-07-27,2024,7,2024-08-13,2024-08-14,1,1443,1795.71,2591209.53,Delivered,4.81,N
PO000390,SUP0107,PRD0029,PLT005,2024-04-14,2024,4,2024-05-28,2024-06-18,21,857,613.7,525940.9,Delivered,3.63,N
PO000391,SUP0037,PRD0027,PLT006,2022-03-15,2022,3,2022-04-08,2022-04-08,0,3671,1703.08,6252006.68,Delivered,1.44,Y
PO000392,SUP0019,PRD0022,PLT005,2021-06-09,2021,6,2021-07-01,2021-07-22,21,2814,1508.07,4243708.98,Partial,1.98,N
PO000393,SUP0091,PRD0039,PLT007,2021-11-15,2021,11,2021-12-09,2021-12-09,0,765,1269.22,970953.3,Delivered,0.12,Y
PO000394,SUP0021,PRD0031,PLT004,2024-01-21,2024,1,2024-02-17,2024-02-17,0,4648,1977.69,9192303.12,In Transit,2.06,Y
PO000395,SUP0042,PRD0027,PLT005,2021-08-12,2021,8,2021-09-17,2021-10-03,16,4356,1463.96,6377009.76,Delivered,3.63,N
PO000396,SUP0023,PRD0023,PLT003,2022-11-28,2022,11,2022-12-30,2022-12-30,0,3286,423.03,1390076.58,In Transit,6.87,Y
PO000397,SUP0030,PRD0021,PLT002,2021-07-05,2021,7,2021-08-15,2021-08-15,0,3975,1687.16,6706461.0,Delayed,4.47,Y
PO000398,SUP0067,PRD0060,PLT006,2023-09-08,2023,9,2023-10-03,2023-10-03,0,2221,1403.8,3117839.8,Delivered,0.76,Y
PO000399,SUP0112,PRD0004,PLT001,2023-10-11,2023,10,2023-11-09,2023-12-08,29,2304,583.23,1343761.92,Delivered,2.6,N
PO000400,SUP0107,PRD0014,PLT002,2023-03-24,2023,3,2023-05-07,2023-05-07,0,1068,1185.81,1266445.08,Delivered,0.55,Y
PO000401,SUP0047,PRD0024,PLT008,2024-06-11,2024,6,2024-07-01,2024-07-01,0,3908,990.1,3869310.8,Cancelled,0.08,Y
PO000402,SUP0086,PRD0002,PLT005,2023-02-18,2023,2,2023-03-26,2023-03-26,0,656,1063.4,697590.4,Cancelled,1.23,Y
PO000403,SUP0040,PRD0007,PLT003,2024-08-16,2024,8,2024-09-03,2024-10-03,30,2794,993.13,2774805.22,In Transit,0.29,N
PO000404,SUP0036,PRD0034,PLT006,2021-05-27,2021,5,2021-06-26,2021-06-26,0,941,901.7,848499.7,In Transit,1.93,Y
PO000405,SUP0088,PRD0022,PLT006,2022-08-25,2022,8,2022-09-04,2022-09-04,0,3333,346.34,1154351.22,Delayed,5.57,Y
PO000406,SUP0079,PRD0018,PLT001,2023-03-24,2023,3,2023-04-16,2023-04-16,0,1666,1128.26,1879681.16,Delivered,0.47,Y
PO000407,SUP0084,PRD0039,PLT002,2021-02-17,2021,2,2021-03-08,2021-03-08,0,289,463.18,133859.02,Partial,0.68,Y
PO000408,SUP0077,PRD0024,PLT004,2024-02-19,2024,2,2024-02-27,2024-02-27,0,4068,432.77,1760508.36,Delivered,3.47,Y
PO000409,SUP0056,PRD0020,PLT003,2022-05-15,2022,5,2022-06-15,2022-06-15,0,3978,845.36,3362842.08,Cancelled,0.75,Y
PO000410,SUP0089,PRD0005,PLT001,2024-12-25,2024,12,2025-01-13,2025-01-13,0,2527,1860.67,4701913.09,Delayed,2.79,Y
PO000411,SUP0065,PRD0045,PLT004,2021-10-22,2021,10,2021-10-31,2021-10-31,0,2004,1429.31,2864337.24,In Transit,5.18,Y
PO000412,SUP0063,PRD0040,PLT007,2023-11-16,2023,11,2023-12-27,2023-12-27,0,2078,411.15,854369.7,Delivered,2.98,Y
PO000413,SUP0104,PRD0039,PLT001,2024-03-12,2024,3,2024-03-20,2024-03-20,0,3554,137.55,488852.7,Partial,2.13,Y
PO000414,SUP0069,PRD0028,PLT001,2022-01-16,2022,1,2022-03-02,2022-03-26,24,2306,141.61,326552.66,In Transit,6.11,N
PO000415,SUP0118,PRD0059,PLT007,2024-02-20,2024,2,2024-03-21,2024-03-16,-5,531,1079.64,573288.84,Delivered,7.82,Y
PO000416,SUP0118,PRD0005,PLT001,2023-02-15,2023,2,2023-03-17,2023-03-17,0,947,664.41,629196.27,Cancelled,4.26,Y
PO000417,SUP0088,PRD0024,PLT005,2021-10-24,2021,10,2021-11-03,2021-11-09,6,3194,1054.8,3369031.2,Delivered,6.83,N
PO000418,SUP0069,PRD0006,PLT007,2024-06-19,2024,6,2024-08-03,2024-08-07,4,513,1272.01,652541.13,Delivered,3.45,N
PO000419,SUP0017,PRD0007,PLT008,2024-04-23,2024,4,2024-05-28,2024-05-28,0,4757,498.83,2372934.31,Delivered,7.42,Y
PO000420,SUP0091,PRD0050,PLT004,2023-12-01,2023,12,2023-12-25,2024-01-19,25,2615,1129.25,2952988.75,Partial,3.92,N
PO000421,SUP0011,PRD0054,PLT007,2023-02-09,2023,2,2023-03-05,2023-03-05,0,4668,1134.61,5296359.48,Partial,2.81,Y
PO000422,SUP0056,PRD0036,PLT003,2022-12-01,2022,12,2023-01-01,2023-01-01,0,399,1749.03,697862.97,Delivered,1.77,Y
PO000423,SUP0029,PRD0021,PLT002,2022-10-18,2022,10,2022-10-30,2022-10-30,0,1790,1852.5,3315975.0,In Transit,5.81,Y
PO000424,SUP0113,PRD0026,PLT004,2022-07-28,2022,7,2022-09-01,2022-09-01,0,3371,808.5,2725453.5,Delivered,7.7,Y
PO000425,SUP0045,PRD0026,PLT008,2022-06-12,2022,6,2022-06-29,2022-06-29,0,4345,790.32,3433940.4,Delivered,3.32,Y
PO000426,SUP0085,PRD0055,PLT006,2024-10-16,2024,10,2024-10-29,2024-11-20,22,2807,1161.86,3261341.02,Cancelled,6.34,N
PO000427,SUP0027,PRD0056,PLT007,2024-11-12,2024,11,2024-11-22,2024-11-23,1,3201,1483.84,4749771.84,Partial,4.34,N
PO000428,SUP0096,PRD0018,PLT003,2022-07-25,2022,7,2022-08-04,2022-08-03,-1,3095,920.32,2848390.4,Delivered,2.57,Y
PO000429,SUP0026,PRD0045,PLT003,2023-11-04,2023,11,2023-11-24,2023-11-24,0,814,165.16,134440.24,Cancelled,2.06,Y
PO000430,SUP0086,PRD0033,PLT001,2021-12-02,2021,12,2022-01-07,2022-02-04,28,1158,639.34,740355.72,Cancelled,6.3,N
PO000431,SUP0084,PRD0053,PLT008,2023-06-15,2023,6,2023-07-04,2023-07-04,0,4740,1352.96,6413030.4,Delayed,0.92,Y
PO000432,SUP0025,PRD0008,PLT007,2021-08-22,2021,8,2021-09-08,2021-10-06,28,2119,1683.13,3566552.47,Delayed,4.17,N
PO000433,SUP0054,PRD0043,PLT007,2021-04-05,2021,4,2021-05-04,2021-05-04,0,4769,91.31,435457.39,Delivered,0.35,Y
PO000434,SUP0043,PRD0056,PLT002,2023-12-08,2023,12,2023-12-23,2023-12-23,0,3265,1467.27,4790636.55,Delivered,3.05,Y
PO000435,SUP0079,PRD0054,PLT008,2024-08-03,2024,8,2024-08-26,2024-09-21,26,2835,1788.06,5069150.1,Partial,3.58,N
PO000436,SUP0035,PRD0012,PLT002,2023-09-24,2023,9,2023-09-27,2023-09-27,0,4512,1424.86,6428968.32,Delivered,2.45,Y
PO000437,SUP0107,PRD0024,PLT007,2023-04-08,2023,4,2023-05-22,2023-05-22,0,689,713.93,491897.77,Delivered,4.26,Y
PO000438,SUP0002,PRD0002,PLT002,2024-01-06,2024,1,2024-02-17,2024-02-17,0,2891,1353.17,3912014.47,Partial,1.53,Y
PO000439,SUP0105,PRD0011,PLT003,2022-09-23,2022,9,2022-11-03,2022-11-03,0,3611,1752.85,6329541.35,Partial,1.1,Y
PO000440,SUP0023,PRD0004,PLT002,2021-08-11,2021,8,2021-09-12,2021-09-12,0,1993,599.93,1195660.49,Partial,0.39,Y
PO000441,SUP0046,PRD0039,PLT004,2021-04-05,2021,4,2021-05-01,2021-05-30,29,1254,1714.06,2149431.24,Cancelled,5.89,N
PO000442,SUP0044,PRD0052,PLT004,2022-04-23,2022,4,2022-05-20,2022-05-20,0,1808,1029.6,1861516.8,Delivered,4.84,Y
PO000443,SUP0011,PRD0038,PLT004,2021-03-02,2021,3,2021-03-26,2021-04-25,30,2130,659.69,1405139.7,In Transit,0.11,N
PO000444,SUP0073,PRD0016,PLT004,2023-11-26,2023,11,2023-12-28,2023-12-28,0,2875,785.14,2257277.5,Partial,1.21,Y
PO000445,SUP0023,PRD0021,PLT007,2021-10-05,2021,10,2021-11-06,2021-11-06,0,1487,1801.75,2679202.25,Cancelled,1.22,Y
PO000446,SUP0105,PRD0046,PLT005,2021-10-14,2021,10,2021-11-24,2021-11-24,0,429,99.94,42874.26,Partial,2.25,Y
PO000447,SUP0089,PRD0014,PLT006,2024-01-15,2024,1,2024-02-03,2024-02-03,0,4162,533.11,2218803.82,Delayed,1.87,Y
PO000448,SUP0070,PRD0021,PLT007,2021-10-27,2021,10,2021-11-18,2021-11-18,0,867,1177.2,1020632.4,Partial,6.65,Y
PO000449,SUP0079,PRD0054,PLT002,2022-02-14,2022,2,2022-03-09,2022-03-09,0,3484,1930.57,6726105.88,Cancelled,4.81,Y
PO000450,SUP0092,PRD0060,PLT008,2021-01-10,2021,1,2021-01-31,2021-02-14,14,3913,933.79,3653920.27,Partial,2.23,N
PO000451,SUP0030,PRD0017,PLT002,2021-05-27,2021,5,2021-07-07,2021-07-03,-4,1042,1126.91,1174240.22,Cancelled,4.33,Y
PO000452,SUP0097,PRD0042,PLT001,2023-07-08,2023,7,2023-08-05,2023-08-23,18,2437,24.23,59048.51,Partial,0.71,N
PO000453,SUP0095,PRD0042,PLT008,2021-02-13,2021,2,2021-03-26,2021-03-26,0,1562,1125.37,1757827.94,Delivered,6.76,Y
PO000454,SUP0119,PRD0051,PLT006,2024-04-26,2024,4,2024-06-05,2024-06-01,-4,4951,258.63,1280477.13,Delivered,1.97,Y
PO000455,SUP0032,PRD0044,PLT004,2024-04-15,2024,4,2024-04-22,2024-05-18,26,3165,1925.91,6095505.15,Delivered,1.68,N
PO000456,SUP0054,PRD0058,PLT008,2022-06-25,2022,6,2022-07-24,2022-07-24,0,2649,1923.8,5096146.2,In Transit,5.88,Y
PO000457,SUP0015,PRD0031,PLT006,2024-03-16,2024,3,2024-04-26,2024-04-26,0,4390,883.8,3879882.0,Partial,6.4,Y
PO000458,SUP0115,PRD0034,PLT001,2023-09-18,2023,9,2023-09-29,2023-10-11,12,2915,1727.79,5036507.85,Delivered,5.88,N
PO000459,SUP0006,PRD0019,PLT007,2022-06-08,2022,6,2022-06-12,2022-06-12,0,3645,744.08,2712171.6,Delivered,0.24,Y
PO000460,SUP0079,PRD0044,PLT002,2024-01-08,2024,1,2024-01-31,2024-01-31,0,2961,1804.68,5343657.48,Delayed,2.75,Y
PO000461,SUP0030,PRD0048,PLT008,2024-09-07,2024,9,2024-10-18,2024-10-18,0,1164,1564.14,1820658.96,Delayed,7.92,Y
PO000462,SUP0050,PRD0059,PLT002,2021-06-26,2021,6,2021-08-02,2021-08-02,0,1678,356.11,597552.58,Delivered,3.72,Y
PO000463,SUP0102,PRD0011,PLT005,2023-10-25,2023,10,2023-11-15,2023-11-15,0,142,64.79,9200.18,Cancelled,1.01,Y
PO000464,SUP0008,PRD0036,PLT001,2021-12-04,2021,12,2021-12-15,2021-12-15,0,1803,694.62,1252399.86,Delivered,3.17,Y
PO000465,SUP0028,PRD0022,PLT005,2021-05-22,2021,5,2021-07-03,2021-07-03,0,2770,741.94,2055173.8,Partial,1.36,Y
PO000466,SUP0087,PRD0011,PLT006,2024-07-05,2024,7,2024-08-06,2024-08-06,0,2034,129.07,262528.38,Delivered,4.23,Y
PO000467,SUP0067,PRD0002,PLT007,2021-07-17,2021,7,2021-08-11,2021-08-10,-1,880,1510.03,1328826.4,Cancelled,0.8,Y
PO000468,SUP0038,PRD0011,PLT001,2023-10-27,2023,10,2023-11-05,2023-11-05,0,1704,424.47,723296.88,Delivered,7.08,Y
PO000469,SUP0014,PRD0021,PLT001,2023-03-18,2023,3,2023-04-10,2023-05-09,29,4117,1246.95,5133693.15,Delivered,7.94,N
PO000470,SUP0098,PRD0011,PLT003,2021-08-16,2021,8,2021-09-25,2021-09-25,0,4258,919.04,3913272.32,Delivered,1.44,Y
PO000471,SUP0024,PRD0046,PLT002,2023-10-02,2023,10,2023-10-05,2023-10-05,0,2146,1954.12,4193541.52,In Transit,6.24,Y
PO000472,SUP0014,PRD0053,PLT002,2021-10-15,2021,10,2021-11-07,2021-11-08,1,2518,1433.07,3608470.26,Delivered,5.2,N
PO000473,SUP0038,PRD0015,PLT008,2021-12-03,2021,12,2021-12-12,2022-01-06,25,4369,865.3,3780495.7,Partial,3.43,N
PO000474,SUP0117,PRD0010,PLT005,2024-05-05,2024,5,2024-06-13,2024-06-13,0,4694,912.26,4282148.44,Partial,4.31,Y
PO000475,SUP0040,PRD0020,PLT002,2024-10-19,2024,10,2024-11-06,2024-11-06,0,3157,715.51,2258865.07,In Transit,1.4,Y
PO000476,SUP0070,PRD0009,PLT005,2023-02-25,2023,2,2023-03-19,2023-03-19,0,1669,337.17,562736.73,Delayed,4.39,Y
PO000477,SUP0090,PRD0028,PLT001,2022-02-04,2022,2,2022-02-20,2022-02-20,0,2409,1688.66,4067981.94,Delivered,3.2,Y
PO000478,SUP0080,PRD0054,PLT003,2024-06-23,2024,6,2024-07-13,2024-07-24,11,828,1438.49,1191069.72,Partial,1.35,N
PO000479,SUP0032,PRD0013,PLT001,2022-06-20,2022,6,2022-06-27,2022-06-27,0,4765,1942.13,9254249.45,Delivered,5.97,Y
PO000480,SUP0013,PRD0012,PLT003,2024-04-20,2024,4,2024-05-13,2024-06-12,30,4504,1651.19,7436959.76,Partial,3.08,N
PO000481,SUP0022,PRD0034,PLT002,2023-10-08,2023,10,2023-11-04,2023-11-04,0,2406,464.0,1116384.0,Delivered,5.29,Y
PO000482,SUP0067,PRD0043,PLT002,2021-02-12,2021,2,2021-03-09,2021-03-09,0,2719,1995.75,5426444.25,Partial,0.56,Y
PO000483,SUP0028,PRD0016,PLT008,2021-12-26,2021,12,2022-02-06,2022-02-08,2,4441,164.63,731121.83,In Transit,0.18,N
PO000484,SUP0050,PRD0056,PLT008,2022-06-06,2022,6,2022-07-13,2022-07-13,0,1383,1174.11,1623794.13,Cancelled,5.05,Y
PO000485,SUP0095,PRD0055,PLT003,2024-09-27,2024,9,2024-11-07,2024-11-10,3,1543,1710.04,2638591.72,Delivered,1.11,N
PO000486,SUP0077,PRD0053,PLT005,2024-12-14,2024,12,2024-12-22,2024-12-21,-1,1166,717.5,836605.0,Delivered,7.27,Y
PO000487,SUP0036,PRD0032,PLT001,2023-09-16,2023,9,2023-10-16,2023-10-16,0,3226,1604.54,5176246.04,Delivered,1.19,Y
PO000488,SUP0042,PRD0060,PLT007,2023-03-05,2023,3,2023-04-10,2023-04-10,0,1471,746.33,1097851.43,Delayed,0.26,Y
PO000489,SUP0105,PRD0005,PLT006,2022-04-15,2022,4,2022-05-26,2022-05-26,0,121,20.47,2476.87,Cancelled,2.91,Y
PO000490,SUP0034,PRD0056,PLT002,2021-01-17,2021,1,2021-02-03,2021-02-03,0,2931,1226.75,3595604.25,In Transit,6.24,Y
PO000491,SUP0090,PRD0053,PLT001,2024-11-07,2024,11,2024-11-23,2024-11-23,0,4686,1777.22,8328052.92,Partial,6.35,Y
PO000492,SUP0035,PRD0010,PLT004,2022-09-13,2022,9,2022-09-16,2022-09-23,7,3826,1012.1,3872294.6,Delivered,1.05,N
PO000493,SUP0008,PRD0037,PLT008,2023-06-14,2023,6,2023-06-25,2023-06-25,0,1467,795.71,1167306.57,Delivered,6.38,Y
PO000494,SUP0104,PRD0038,PLT007,2024-09-21,2024,9,2024-09-29,2024-09-29,0,1080,1772.63,1914440.4,Delayed,4.47,Y
PO000495,SUP0104,PRD0011,PLT002,2022-12-10,2022,12,2022-12-18,2022-12-20,2,2488,1601.09,3983511.92,Delivered,4.31,N
PO000496,SUP0074,PRD0028,PLT004,2022-11-11,2022,11,2022-11-22,2022-11-22,0,4652,1852.27,8616760.04,Delayed,3.34,Y
PO000497,SUP0029,PRD0028,PLT004,2023-11-08,2023,11,2023-11-20,2023-11-20,0,3140,1905.46,5983144.4,Delayed,6.86,Y
PO000498,SUP0103,PRD0009,PLT006,2024-12-02,2024,12,2024-12-07,2024-12-07,0,3947,607.82,2399065.54,Cancelled,1.94,Y
PO000499,SUP0114,PRD0009,PLT006,2022-04-16,2022,4,2022-05-10,2022-05-13,3,4971,1804.28,8969075.88,Partial,2.06,N
PO000500,SUP0031,PRD0031,PLT001,2021-09-18,2021,9,2021-10-16,2021-10-16,0,1083,1321.51,1431195.33,Delivered,2.22,Y
PO000501,SUP0035,PRD0010,PLT006,2021-02-05,2021,2,2021-02-08,2021-02-08,0,620,591.89,366971.8,Delivered,3.57,Y
PO000502,SUP0024,PRD0005,PLT008,2023-11-11,2023,11,2023-11-14,2023-11-14,0,3154,878.96,2772239.84,Cancelled,5.45,Y
PO000503,SUP0003,PRD0054,PLT001,2022-07-20,2022,7,2022-08-28,2022-08-28,0,973,1406.02,1368057.46,Cancelled,4.47,Y
PO000504,SUP0048,PRD0024,PLT005,2024-01-07,2024,1,2024-01-29,2024-01-29,0,186,685.33,127471.38,Cancelled,5.21,Y
PO000505,SUP0109,PRD0026,PLT008,2022-11-17,2022,11,2022-12-23,2022-12-23,0,2583,155.37,401320.71,In Transit,3.13,Y
PO000506,SUP0041,PRD0020,PLT001,2023-05-18,2023,5,2023-06-17,2023-06-17,0,3692,575.37,2124266.04,Partial,5.33,Y
PO000507,SUP0045,PRD0050,PLT003,2023-09-06,2023,9,2023-09-23,2023-09-23,0,4655,1555.23,7239595.65,Delivered,6.02,Y
PO000508,SUP0002,PRD0026,PLT006,2023-11-05,2023,11,2023-12-17,2023-12-14,-3,1741,1490.82,2595517.62,Cancelled,2.43,Y
PO000509,SUP0098,PRD0037,PLT005,2024-04-06,2024,4,2024-05-16,2024-05-16,0,1974,1539.0,3037986.0,Partial,1.73,Y
PO000510,SUP0011,PRD0056,PLT004,2022-11-17,2022,11,2022-12-11,2023-01-10,30,2246,1589.18,3569298.28,Delayed,3.74,N
PO000511,SUP0061,PRD0013,PLT008,2023-12-10,2023,12,2024-01-23,2024-01-23,0,4217,1735.05,7316705.85,Cancelled,6.96,Y
PO000512,SUP0057,PRD0036,PLT003,2022-07-13,2022,7,2022-08-17,2022-09-01,15,3767,1565.46,5897087.82,In Transit,1.74,N
PO000513,SUP0087,PRD0028,PLT008,2024-01-12,2024,1,2024-02-13,2024-03-01,17,3473,790.66,2745962.18,Delivered,0.15,N
PO000514,SUP0016,PRD0027,PLT005,2022-12-19,2022,12,2023-01-03,2023-01-01,-2,1029,966.78,994816.62,Delivered,6.01,Y
PO000515,SUP0071,PRD0020,PLT004,2024-06-25,2024,6,2024-07-17,2024-07-17,0,1088,1132.41,1232062.08,In Transit,1.08,Y
PO000516,SUP0071,PRD0055,PLT008,2021-02-13,2021,2,2021-03-07,2021-03-07,0,245,1283.78,314526.1,Delivered,6.4,Y
PO000517,SUP0022,PRD0002,PLT006,2024-04-06,2024,4,2024-05-03,2024-05-26,23,4027,482.47,1942906.69,Delayed,6.2,N
PO000518,SUP0076,PRD0007,PLT002,2024-08-23,2024,8,2024-08-28,2024-08-28,0,1845,778.17,1435723.65,Partial,2.29,Y
PO000519,SUP0075,PRD0042,PLT003,2022-02-22,2022,2,2022-04-02,2022-04-02,0,1827,1133.34,2070612.18,Delivered,1.44,Y
PO000520,SUP0027,PRD0007,PLT001,2024-08-17,2024,8,2024-08-27,2024-08-27,0,166,914.39,151788.74,Cancelled,7.2,Y
PO000521,SUP0100,PRD0012,PLT005,2024-06-12,2024,6,2024-06-20,2024-06-20,0,3817,395.94,1511302.98,Cancelled,2.2,Y
PO000522,SUP0086,PRD0012,PLT002,2022-10-02,2022,10,2022-11-07,2022-12-05,28,2597,1144.91,2973331.27,Cancelled,3.41,N
PO000523,SUP0109,PRD0035,PLT004,2021-03-15,2021,3,2021-04-20,2021-04-20,0,3515,701.23,2464823.45,Delivered,4.19,Y
PO000524,SUP0115,PRD0054,PLT003,2024-07-09,2024,7,2024-07-20,2024-07-20,0,1843,486.93,897411.99,In Transit,3.04,Y
PO000525,SUP0047,PRD0055,PLT004,2022-04-01,2022,4,2022-04-21,2022-04-21,0,2331,355.95,829719.45,Cancelled,1.21,Y
PO000526,SUP0033,PRD0021,PLT001,2024-09-17,2024,9,2024-10-29,2024-11-12,14,1598,1058.65,1691722.7,Delivered,1.21,N
PO000527,SUP0085,PRD0032,PLT008,2022-11-06,2022,11,2022-11-19,2022-11-19,0,1642,1710.44,2808542.48,Cancelled,2.93,Y
PO000528,SUP0039,PRD0027,PLT001,2021-10-18,2021,10,2021-11-23,2021-11-23,0,1168,45.18,52770.24,Delayed,3.16,Y
PO000529,SUP0011,PRD0002,PLT005,2023-10-28,2023,10,2023-11-21,2023-11-21,0,607,1400.3,849982.1,Delivered,7.99,Y
PO000530,SUP0038,PRD0029,PLT004,2024-01-09,2024,1,2024-01-18,2024-01-14,-4,1943,565.92,1099582.56,Delayed,7.23,Y
PO000531,SUP0039,PRD0008,PLT006,2022-04-28,2022,4,2022-06-03,2022-06-03,0,1041,1983.64,2064969.24,Delivered,4.08,Y
PO000532,SUP0067,PRD0004,PLT005,2022-01-20,2022,1,2022-02-14,2022-02-26,12,3940,494.5,1948330.0,Partial,1.79,N
PO000533,SUP0106,PRD0025,PLT006,2023-06-20,2023,6,2023-07-12,2023-07-12,0,3973,1104.42,4387860.66,Delayed,5.27,Y
PO000534,SUP0054,PRD0028,PLT005,2023-10-09,2023,10,2023-11-07,2023-11-07,0,1716,1177.69,2020916.04,Delivered,1.76,Y
PO000535,SUP0114,PRD0040,PLT002,2022-03-20,2022,3,2022-04-13,2022-04-13,0,979,1012.9,991629.1,In Transit,6.64,Y
PO000536,SUP0041,PRD0001,PLT005,2024-06-11,2024,6,2024-07-11,2024-07-11,0,249,473.4,117876.6,Delayed,7.63,Y
PO000537,SUP0096,PRD0010,PLT007,2021-03-10,2021,3,2021-03-20,2021-03-20,0,1959,1475.77,2891033.43,Delayed,1.22,Y
PO000538,SUP0095,PRD0026,PLT007,2024-11-01,2024,11,2024-12-12,2024-12-12,0,3872,1918.19,7427231.68,Cancelled,7.93,Y
PO000539,SUP0017,PRD0040,PLT007,2022-07-03,2022,7,2022-08-07,2022-08-07,0,4635,641.27,2972286.45,Delivered,3.57,Y
PO000540,SUP0119,PRD0020,PLT005,2024-09-24,2024,9,2024-11-03,2024-11-03,0,815,1976.54,1610880.1,Delivered,0.79,Y
PO000541,SUP0056,PRD0005,PLT002,2023-11-05,2023,11,2023-12-06,2023-12-06,0,839,1366.15,1146199.85,Cancelled,2.34,Y
PO000542,SUP0034,PRD0024,PLT001,2024-04-11,2024,4,2024-04-28,2024-04-28,0,4583,241.86,1108444.38,Delivered,4.64,Y
PO000543,SUP0116,PRD0028,PLT003,2022-02-04,2022,2,2022-02-08,2022-03-07,27,1891,226.23,427800.93,Partial,0.23,N
PO000544,SUP0062,PRD0036,PLT002,2022-08-20,2022,8,2022-09-27,2022-09-27,0,3240,1047.09,3392571.6,Delivered,0.95,Y
PO000545,SUP0025,PRD0044,PLT008,2023-11-11,2023,11,2023-11-28,2023-11-30,2,277,566.02,156787.54,Partial,1.9,N
PO000546,SUP0045,PRD0029,PLT002,2024-04-10,2024,4,2024-04-27,2024-04-27,0,1812,739.47,1339919.64,Delivered,6.61,Y
PO000547,SUP0116,PRD0013,PLT006,2023-05-18,2023,5,2023-05-22,2023-05-30,8,4217,1184.52,4995120.84,Partial,5.38,N
PO000548,SUP0071,PRD0030,PLT006,2022-09-14,2022,9,2022-10-06,2022-10-06,0,341,1769.08,603256.28,Delivered,0.84,Y
PO000549,SUP0117,PRD0017,PLT004,2021-03-04,2021,3,2021-04-12,2021-04-12,0,3999,1241.49,4964718.51,Delayed,0.87,Y
PO000550,SUP0024,PRD0012,PLT004,2023-01-03,2023,1,2023-01-06,2023-01-06,0,2733,592.88,1620341.04,In Transit,1.88,Y
PO000551,SUP0080,PRD0035,PLT005,2021-03-23,2021,3,2021-04-12,2021-04-12,0,1069,1380.79,1476064.51,Partial,1.7,Y
PO000552,SUP0055,PRD0050,PLT006,2023-04-14,2023,4,2023-05-25,2023-06-04,10,4625,988.85,4573431.25,Partial,6.13,N
PO000553,SUP0046,PRD0003,PLT005,2021-06-24,2021,6,2021-07-20,2021-08-05,16,2329,67.71,157696.59,Cancelled,5.72,N
PO000554,SUP0055,PRD0025,PLT004,2021-04-20,2021,4,2021-05-31,2021-06-28,28,1349,302.21,407681.29,Delayed,0.46,N
PO000555,SUP0066,PRD0048,PLT001,2024-04-18,2024,4,2024-05-21,2024-05-19,-2,1926,1160.63,2235373.38,Partial,6.41,Y
PO000556,SUP0094,PRD0003,PLT006,2024-09-18,2024,9,2024-10-14,2024-10-14,0,2692,112.31,302338.52,Delivered,7.36,Y
PO000557,SUP0115,PRD0006,PLT003,2024-04-17,2024,4,2024-04-28,2024-04-28,0,3635,1908.4,6937034.0,Delivered,0.48,Y
PO000558,SUP0030,PRD0021,PLT005,2023-04-18,2023,4,2023-05-29,2023-05-24,-5,4727,527.12,2491696.24,Delivered,4.77,Y
PO000559,SUP0030,PRD0045,PLT003,2023-09-23,2023,9,2023-11-03,2023-11-03,0,4629,904.88,4188689.52,Partial,6.21,Y
PO000560,SUP0019,PRD0011,PLT004,2023-03-01,2023,3,2023-03-23,2023-03-23,0,953,868.13,827327.89,Delivered,0.56,Y
PO000561,SUP0024,PRD0013,PLT001,2023-05-19,2023,5,2023-05-22,2023-06-11,20,2271,1611.25,3659148.75,Partial,5.19,N
PO000562,SUP0007,PRD0039,PLT007,2022-02-27,2022,2,2022-03-26,2022-03-26,0,2698,1066.92,2878550.16,Delivered,2.9,Y
PO000563,SUP0042,PRD0047,PLT003,2022-09-09,2022,9,2022-10-15,2022-10-15,0,4202,958.72,4028541.44,Cancelled,4.25,Y
PO000564,SUP0040,PRD0050,PLT008,2021-12-11,2021,12,2021-12-29,2021-12-29,0,420,1751.45,735609.0,Delivered,2.69,Y
PO000565,SUP0014,PRD0048,PLT007,2024-04-04,2024,4,2024-04-27,2024-04-27,0,4354,883.5,3846759.0,Delivered,3.75,Y
PO000566,SUP0064,PRD0052,PLT003,2024-02-15,2024,2,2024-02-27,2024-02-27,0,3843,1975.25,7590885.75,Delivered,7.34,Y
PO000567,SUP0003,PRD0037,PLT002,2022-08-05,2022,8,2022-09-13,2022-09-21,8,4186,1501.03,6283311.58,Cancelled,0.39,N
PO000568,SUP0066,PRD0012,PLT003,2021-07-07,2021,7,2021-08-09,2021-08-09,0,4531,262.54,1189568.74,Partial,5.35,Y
PO000569,SUP0039,PRD0018,PLT007,2021-02-01,2021,2,2021-03-09,2021-03-24,15,2244,1358.95,3049483.8,Cancelled,2.48,N
PO000570,SUP0075,PRD0043,PLT002,2021-09-13,2021,9,2021-10-22,2021-10-22,0,2074,1235.44,2562302.56,Delivered,1.07,Y
PO000571,SUP0096,PRD0021,PLT004,2022-10-14,2022,10,2022-10-24,2022-10-22,-2,1900,666.67,1266673.0,Delivered,3.11,Y
PO000572,SUP0104,PRD0057,PLT002,2022-07-05,2022,7,2022-07-13,2022-07-13,0,406,1995.44,810148.64,Cancelled,4.96,Y
PO000573,SUP0063,PRD0032,PLT002,2021-08-06,2021,8,2021-09-16,2021-09-16,0,1996,1376.81,2748112.76,Delivered,7.88,Y
PO000574,SUP0006,PRD0049,PLT006,2022-06-09,2022,6,2022-06-13,2022-07-03,20,4929,1553.21,7655772.09,Delivered,6.84,N
PO000575,SUP0116,PRD0007,PLT006,2023-12-13,2023,12,2023-12-17,2024-01-01,15,357,1573.98,561910.86,Delivered,3.15,N
PO000576,SUP0050,PRD0050,PLT007,2023-03-02,2023,3,2023-04-08,2023-04-08,0,1183,677.93,801991.19,Cancelled,3.94,Y
PO000577,SUP0043,PRD0060,PLT006,2021-01-23,2021,1,2021-02-07,2021-02-07,0,3120,966.39,3015136.8,Delivered,0.23,Y
PO000578,SUP0001,PRD0031,PLT003,2022-05-08,2022,5,2022-05-19,2022-05-19,0,4213,1341.64,5652329.32,Delivered,6.65,Y
PO000579,SUP0017,PRD0021,PLT005,2021-04-28,2021,4,2021-06-02,2021-06-02,0,937,1214.67,1138145.79,Delivered,1.75,Y
PO000580,SUP0066,PRD0022,PLT004,2024-12-01,2024,12,2025-01-03,2024-12-29,-5,3496,1187.97,4153143.12,Delayed,4.97,Y
PO000581,SUP0006,PRD0044,PLT002,2024-12-18,2024,12,2024-12-22,2025-01-06,15,420,1867.9,784518.0,Delayed,5.14,N
PO000582,SUP0053,PRD0007,PLT002,2023-09-20,2023,9,2023-10-20,2023-10-20,0,580,1416.04,821303.2,In Transit,3.87,Y
PO000583,SUP0064,PRD0027,PLT007,2022-08-15,2022,8,2022-08-27,2022-08-27,0,3313,809.85,2683033.05,Partial,0.34,Y
PO000584,SUP0111,PRD0007,PLT001,2022-11-24,2022,11,2023-01-04,2023-01-04,0,771,1405.82,1083887.22,Delivered,5.2,Y
PO000585,SUP0116,PRD0032,PLT008,2023-08-21,2023,8,2023-08-25,2023-08-25,0,456,1195.49,545143.44,Cancelled,1.05,Y
PO000586,SUP0113,PRD0031,PLT002,2024-06-21,2024,6,2024-07-26,2024-07-26,0,2813,1977.93,5563917.09,Delivered,7.76,Y
PO000587,SUP0099,PRD0001,PLT001,2024-08-27,2024,8,2024-09-21,2024-09-21,0,4115,204.96,843410.4,Cancelled,4.65,Y
PO000588,SUP0118,PRD0042,PLT005,2021-03-03,2021,3,2021-04-02,2021-04-02,0,4566,1466.9,6697865.4,Delivered,4.83,Y
PO000589,SUP0074,PRD0054,PLT003,2023-06-15,2023,6,2023-06-26,2023-06-26,0,4951,1109.29,5492094.79,Partial,5.27,Y
PO000590,SUP0112,PRD0032,PLT001,2022-10-02,2022,10,2022-10-31,2022-10-27,-4,1412,1410.65,1991837.8,In Transit,5.6,Y
PO000591,SUP0060,PRD0027,PLT004,2021-10-24,2021,10,2021-11-08,2021-11-08,0,762,558.61,425660.82,In Transit,3.28,Y
PO000592,SUP0028,PRD0007,PLT005,2021-04-20,2021,4,2021-06-01,2021-06-01,0,429,1051.28,450999.12,Delivered,7.06,Y
PO000593,SUP0100,PRD0026,PLT001,2021-04-24,2021,4,2021-05-02,2021-05-02,0,4255,1405.68,5981168.4,Delivered,0.24,Y
PO000594,SUP0105,PRD0047,PLT008,2024-10-04,2024,10,2024-11-14,2024-11-28,14,2430,1040.51,2528439.3,Delivered,2.9,N
PO000595,SUP0019,PRD0014,PLT005,2021-04-26,2021,4,2021-05-18,2021-05-18,0,1323,1515.38,2004847.74,Cancelled,0.78,Y
PO000596,SUP0075,PRD0052,PLT005,2023-09-09,2023,9,2023-10-18,2023-10-18,0,1471,1962.48,2886808.08,Delivered,3.71,Y
PO000597,SUP0113,PRD0020,PLT002,2022-02-03,2022,2,2022-03-10,2022-03-10,0,2570,820.39,2108402.3,Cancelled,6.19,Y
PO000598,SUP0050,PRD0049,PLT007,2022-10-28,2022,10,2022-12-04,2022-12-18,14,3495,1618.37,5656203.15,Delivered,0.68,N
PO000599,SUP0035,PRD0010,PLT006,2022-11-19,2022,11,2022-11-22,2022-12-05,13,1855,1945.1,3608160.5,In Transit,0.72,N
PO000600,SUP0026,PRD0053,PLT008,2021-04-11,2021,4,2021-05-01,2021-05-01,0,1847,1773.4,3275469.8,In Transit,2.1,Y
PO000601,SUP0096,PRD0014,PLT004,2024-03-18,2024,3,2024-03-28,2024-03-28,0,711,1605.73,1141674.03,Delivered,3.55,Y
PO000602,SUP0019,PRD0001,PLT003,2021-07-01,2021,7,2021-07-23,2021-07-23,0,3672,1235.69,4537453.68,Cancelled,2.38,Y
PO000603,SUP0002,PRD0004,PLT002,2022-04-16,2022,4,2022-05-28,2022-05-28,0,4298,1429.69,6144807.62,Delivered,6.83,Y
PO000604,SUP0051,PRD0028,PLT004,2023-02-12,2023,2,2023-03-25,2023-04-04,10,1987,313.82,623560.34,Delivered,4.85,N
PO000605,SUP0070,PRD0007,PLT004,2021-06-12,2021,6,2021-07-04,2021-07-04,0,1147,931.97,1068969.59,Partial,1.32,Y
PO000606,SUP0087,PRD0036,PLT007,2024-04-25,2024,4,2024-05-27,2024-05-30,3,3278,1154.84,3785565.52,Delivered,5.19,N
PO000607,SUP0079,PRD0049,PLT007,2022-01-18,2022,1,2022-02-10,2022-02-10,0,3430,1962.21,6730380.3,Delivered,4.96,Y
PO000608,SUP0008,PRD0018,PLT003,2024-02-26,2024,2,2024-03-08,2024-03-08,0,1303,1766.13,2301267.39,Delivered,5.78,Y
PO000609,SUP0063,PRD0008,PLT006,2022-05-15,2022,5,2022-06-25,2022-06-25,0,2991,1743.82,5215765.62,Delivered,0.52,Y
PO000610,SUP0073,PRD0057,PLT008,2023-01-17,2023,1,2023-02-18,2023-03-09,19,2840,1099.55,3122722.0,Partial,3.64,N
PO000611,SUP0105,PRD0058,PLT003,2022-02-09,2022,2,2022-03-22,2022-04-04,13,1353,221.36,299500.08,Partial,7.0,N
PO000612,SUP0047,PRD0059,PLT002,2021-09-08,2021,9,2021-09-28,2021-09-28,0,598,1775.35,1061659.3,In Transit,1.88,Y
PO000613,SUP0010,PRD0045,PLT006,2023-02-19,2023,2,2023-03-08,2023-03-08,0,775,1106.73,857715.75,In Transit,5.41,Y
PO000614,SUP0046,PRD0003,PLT007,2021-06-15,2021,6,2021-07-11,2021-07-11,0,3904,1911.73,7463393.92,Delivered,6.79,Y
PO000615,SUP0025,PRD0031,PLT002,2024-12-08,2024,12,2024-12-25,2024-12-25,0,2581,1863.36,4809332.16,Delayed,0.78,Y
PO000616,SUP0015,PRD0016,PLT006,2022-01-06,2022,1,2022-02-16,2022-02-16,0,3734,1248.24,4660928.16,Delivered,5.5,Y
PO000617,SUP0110,PRD0010,PLT008,2021-07-11,2021,7,2021-07-30,2021-07-30,0,3220,228.39,735415.8,Partial,2.88,Y
PO000618,SUP0046,PRD0005,PLT005,2022-06-24,2022,6,2022-07-20,2022-07-20,0,1909,284.36,542843.24,Delayed,4.41,Y
PO000619,SUP0020,PRD0011,PLT005,2024-10-13,2024,10,2024-10-28,2024-10-28,0,3182,1512.77,4813634.14,Partial,4.33,Y
PO000620,SUP0059,PRD0019,PLT006,2024-11-01,2024,11,2024-11-09,2024-12-01,22,1849,1917.91,3546215.59,Delayed,3.65,N
PO000621,SUP0045,PRD0047,PLT001,2023-10-07,2023,10,2023-10-24,2023-10-24,0,1233,1111.97,1371059.01,In Transit,3.27,Y
PO000622,SUP0082,PRD0053,PLT003,2022-05-28,2022,5,2022-06-21,2022-06-21,0,2023,90.69,183465.87,Delivered,6.75,Y
PO000623,SUP0096,PRD0003,PLT006,2023-06-07,2023,6,2023-06-17,2023-06-17,0,3493,1357.92,4743214.56,Delivered,1.31,Y
PO000624,SUP0007,PRD0011,PLT003,2024-11-01,2024,11,2024-11-28,2024-12-04,6,2248,780.31,1754136.88,Delivered,7.64,N
PO000625,SUP0120,PRD0022,PLT003,2022-06-03,2022,6,2022-07-12,2022-07-12,0,2066,672.7,1389798.2,Delivered,3.31,Y
PO000626,SUP0045,PRD0034,PLT001,2021-05-03,2021,5,2021-05-20,2021-05-30,10,1652,1500.16,2478264.32,Delayed,5.56,N
PO000627,SUP0085,PRD0008,PLT004,2024-09-03,2024,9,2024-09-16,2024-09-16,0,4236,1223.79,5183974.44,In Transit,7.72,Y
PO000628,SUP0010,PRD0002,PLT008,2023-10-25,2023,10,2023-11-11,2023-11-11,0,2331,173.52,404475.12,Delivered,5.46,Y
PO000629,SUP0062,PRD0019,PLT006,2022-01-27,2022,1,2022-03-06,2022-03-12,6,4878,1279.08,6239352.24,Delivered,7.04,N
PO000630,SUP0023,PRD0018,PLT006,2024-03-26,2024,3,2024-04-27,2024-05-03,6,894,139.52,124730.88,Delivered,3.57,N
PO000631,SUP0102,PRD0034,PLT001,2021-11-22,2021,11,2021-12-13,2021-12-13,0,2046,456.15,933282.9,Delayed,2.04,Y
PO000632,SUP0087,PRD0021,PLT005,2024-09-27,2024,9,2024-10-29,2024-10-29,0,3113,469.6,1461864.8,Delayed,7.11,Y
PO000633,SUP0041,PRD0026,PLT001,2023-11-13,2023,11,2023-12-13,2023-12-13,0,1092,1464.59,1599332.28,Delivered,2.96,Y
PO000634,SUP0060,PRD0043,PLT006,2023-11-23,2023,11,2023-12-08,2023-12-08,0,2546,167.45,426327.7,Delivered,2.94,Y
PO000635,SUP0082,PRD0043,PLT001,2024-04-20,2024,4,2024-05-14,2024-05-22,8,4986,192.45,959555.7,In Transit,3.42,N
PO000636,SUP0099,PRD0038,PLT008,2022-11-07,2022,11,2022-12-02,2022-12-02,0,4065,1466.57,5961607.05,Delivered,1.06,Y
PO000637,SUP0077,PRD0032,PLT003,2023-01-23,2023,1,2023-01-31,2023-01-31,0,2772,237.12,657296.64,Partial,6.11,Y
PO000638,SUP0113,PRD0010,PLT001,2023-08-19,2023,8,2023-09-23,2023-09-23,0,1907,491.22,936756.54,Delivered,4.48,Y
PO000639,SUP0094,PRD0039,PLT007,2022-07-02,2022,7,2022-07-28,2022-08-24,27,3815,626.11,2388609.65,Cancelled,7.23,N
PO000640,SUP0056,PRD0010,PLT003,2023-02-15,2023,2,2023-03-18,2023-03-18,0,3240,172.31,558284.4,Delivered,0.69,Y
PO000641,SUP0059,PRD0034,PLT005,2021-05-25,2021,5,2021-06-02,2021-06-02,0,4531,1774.74,8041346.94,Delayed,2.24,Y
PO000642,SUP0098,PRD0021,PLT004,2024-09-25,2024,9,2024-11-04,2024-10-31,-4,216,1219.19,263345.04,In Transit,5.9,Y
PO000643,SUP0093,PRD0007,PLT005,2023-07-12,2023,7,2023-07-15,2023-07-11,-4,3868,1112.85,4304503.8,Delivered,6.7,Y
PO000644,SUP0054,PRD0048,PLT005,2021-07-10,2021,7,2021-08-08,2021-08-08,0,1640,1500.2,2460328.0,Partial,1.79,Y
PO000645,SUP0088,PRD0024,PLT003,2022-09-28,2022,9,2022-10-08,2022-10-08,0,4007,1023.26,4100202.82,Delayed,2.39,Y
PO000646,SUP0074,PRD0026,PLT003,2023-01-26,2023,1,2023-02-06,2023-03-08,30,2939,1698.06,4990598.34,Delivered,4.66,N
PO000647,SUP0009,PRD0038,PLT002,2023-01-17,2023,1,2023-01-27,2023-02-19,23,3058,356.76,1090972.08,Delivered,5.11,N
PO000648,SUP0024,PRD0038,PLT008,2023-10-14,2023,10,2023-10-17,2023-10-17,0,3303,426.94,1410182.82,Delivered,7.35,Y
PO000649,SUP0068,PRD0006,PLT003,2024-03-23,2024,3,2024-04-02,2024-04-14,12,1323,1269.03,1678926.69,In Transit,7.79,N
PO000650,SUP0101,PRD0032,PLT002,2022-06-14,2022,6,2022-07-26,2022-07-26,0,4646,1218.88,5662916.48,Delivered,6.72,Y
PO000651,SUP0046,PRD0056,PLT001,2021-09-18,2021,9,2021-10-14,2021-10-14,0,3875,20.33,78778.75,Delivered,7.55,Y
PO000652,SUP0094,PRD0025,PLT002,2023-06-17,2023,6,2023-07-13,2023-07-13,0,4215,1548.95,6528824.25,Partial,2.96,Y
PO000653,SUP0052,PRD0011,PLT005,2024-07-04,2024,7,2024-08-18,2024-08-18,0,2951,96.69,285332.19,Delivered,6.43,Y
PO000654,SUP0117,PRD0035,PLT007,2024-10-06,2024,10,2024-11-14,2024-11-14,0,4418,264.02,1166440.36,Delivered,0.75,Y
PO000655,SUP0053,PRD0041,PLT005,2021-11-13,2021,11,2021-12-13,2021-12-13,0,1752,1483.34,2598811.68,Delivered,1.14,Y
PO000656,SUP0008,PRD0039,PLT003,2023-06-16,2023,6,2023-06-27,2023-06-27,0,4572,220.39,1007623.08,Delivered,3.83,Y
PO000657,SUP0054,PRD0001,PLT006,2022-01-14,2022,1,2022-02-12,2022-02-13,1,4489,96.36,432560.04,Delivered,7.1,N
PO000658,SUP0109,PRD0008,PLT003,2021-01-17,2021,1,2021-02-22,2021-02-22,0,3586,63.88,229073.68,Delayed,4.65,Y
PO000659,SUP0109,PRD0031,PLT004,2023-03-12,2023,3,2023-04-17,2023-04-28,11,2069,1348.47,2789984.43,In Transit,5.26,N
PO000660,SUP0089,PRD0039,PLT007,2023-01-26,2023,1,2023-02-14,2023-02-14,0,2536,341.61,866322.96,Delivered,0.49,Y
PO000661,SUP0084,PRD0008,PLT001,2022-05-19,2022,5,2022-06-07,2022-06-07,0,4967,491.23,2439939.41,Delivered,7.97,Y
PO000662,SUP0112,PRD0056,PLT008,2021-06-20,2021,6,2021-07-19,2021-07-19,0,3711,542.2,2012104.2,In Transit,7.61,Y
PO000663,SUP0043,PRD0026,PLT003,2023-01-18,2023,1,2023-02-02,2023-02-02,0,4163,1647.01,6856502.63,In Transit,4.41,Y
PO000664,SUP0037,PRD0020,PLT008,2023-01-20,2023,1,2023-02-13,2023-03-15,30,1275,708.09,902814.75,Partial,4.98,N
PO000665,SUP0070,PRD0039,PLT007,2023-04-27,2023,4,2023-05-19,2023-05-19,0,1593,443.02,705730.86,Cancelled,4.6,Y
PO000666,SUP0112,PRD0038,PLT003,2024-01-03,2024,1,2024-02-01,2024-02-01,0,380,459.68,174678.4,In Transit,2.75,Y
PO000667,SUP0075,PRD0021,PLT002,2024-03-02,2024,3,2024-04-10,2024-04-10,0,335,475.82,159399.7,Delayed,5.1,Y
PO000668,SUP0028,PRD0036,PLT003,2024-12-15,2024,12,2025-01-26,2025-02-24,29,3116,1069.93,3333901.88,Cancelled,6.81,N
PO000669,SUP0087,PRD0023,PLT007,2023-07-06,2023,7,2023-08-07,2023-08-30,23,2264,207.63,470074.32,In Transit,3.97,N
PO000670,SUP0052,PRD0040,PLT005,2021-10-24,2021,10,2021-12-08,2021-12-20,12,2657,266.16,707187.12,Delivered,2.62,N
PO000671,SUP0083,PRD0045,PLT008,2022-01-20,2022,1,2022-02-06,2022-02-06,0,1779,1808.89,3218015.31,Delivered,0.24,Y
PO000672,SUP0004,PRD0006,PLT006,2023-02-12,2023,2,2023-03-22,2023-03-22,0,4276,95.93,410196.68,Delayed,6.21,Y
PO000673,SUP0090,PRD0041,PLT008,2022-09-08,2022,9,2022-09-24,2022-09-24,0,4515,906.05,4090815.75,In Transit,3.07,Y
PO000674,SUP0110,PRD0025,PLT005,2022-11-08,2022,11,2022-11-27,2022-11-27,0,724,1913.17,1385135.08,Partial,5.57,Y
PO000675,SUP0045,PRD0021,PLT008,2024-08-26,2024,8,2024-09-12,2024-09-12,0,444,1503.72,667651.68,In Transit,7.28,Y
PO000676,SUP0035,PRD0010,PLT002,2022-01-11,2022,1,2022-01-14,2022-01-12,-2,820,553.4,453788.0,Delayed,7.97,Y
PO000677,SUP0091,PRD0022,PLT001,2022-09-06,2022,9,2022-09-30,2022-09-30,0,3693,703.98,2599798.14,Delayed,6.68,Y
PO000678,SUP0014,PRD0024,PLT003,2024-07-08,2024,7,2024-07-31,2024-08-14,14,858,845.96,725833.68,Delivered,0.28,N
PO000679,SUP0117,PRD0059,PLT005,2023-01-13,2023,1,2023-02-21,2023-02-21,0,1629,578.35,942132.15,Cancelled,2.61,Y
PO000680,SUP0046,PRD0047,PLT001,2022-11-16,2022,11,2022-12-12,2022-12-12,0,713,268.3,191297.9,Delayed,5.26,Y
PO000681,SUP0011,PRD0056,PLT003,2021-03-17,2021,3,2021-04-10,2021-04-10,0,2385,73.21,174605.85,Delivered,0.24,Y
PO000682,SUP0052,PRD0040,PLT003,2021-11-07,2021,11,2021-12-22,2021-12-22,0,449,878.46,394428.54,Delivered,0.35,Y
PO000683,SUP0022,PRD0037,PLT004,2023-08-02,2023,8,2023-08-29,2023-09-20,22,2784,1565.24,4357628.16,Delayed,2.48,N
PO000684,SUP0116,PRD0055,PLT001,2023-02-12,2023,2,2023-02-16,2023-02-16,0,2723,1240.42,3377663.66,Delivered,7.79,Y
PO000685,SUP0041,PRD0001,PLT006,2024-05-04,2024,5,2024-06-03,2024-06-03,0,1203,298.42,358999.26,Delayed,7.7,Y
PO000686,SUP0036,PRD0005,PLT007,2022-08-14,2022,8,2022-09-13,2022-09-13,0,4153,1977.81,8213844.93,Delivered,2.44,Y
PO000687,SUP0100,PRD0053,PLT007,2021-06-27,2021,6,2021-07-05,2021-07-14,9,1676,600.48,1006404.48,Delivered,7.05,N
PO000688,SUP0100,PRD0012,PLT005,2022-02-09,2022,2,2022-02-17,2022-02-17,0,4426,1522.92,6740443.92,Delivered,5.62,Y
PO000689,SUP0088,PRD0027,PLT003,2024-11-27,2024,11,2024-12-07,2024-12-07,0,463,1517.25,702486.75,Partial,0.1,Y
PO000690,SUP0029,PRD0054,PLT007,2024-10-20,2024,10,2024-11-01,2024-11-01,0,4931,1827.91,9013424.21,Delivered,0.79,Y
PO000691,SUP0008,PRD0007,PLT004,2023-07-13,2023,7,2023-07-24,2023-07-22,-2,4412,1287.5,5680450.0,Delivered,3.6,Y
PO000692,SUP0041,PRD0010,PLT002,2022-10-06,2022,10,2022-11-05,2022-11-05,0,1679,521.33,875313.07,Delayed,0.03,Y
PO000693,SUP0106,PRD0044,PLT005,2023-02-09,2023,2,2023-03-03,2023-03-11,8,4280,1496.15,6403522.0,Delivered,7.77,N
PO000694,SUP0051,PRD0017,PLT007,2022-12-08,2022,12,2023-01-18,2023-01-18,0,1143,1568.37,1792646.91,In Transit,7.63,Y
PO000695,SUP0064,PRD0012,PLT001,2022-06-09,2022,6,2022-06-21,2022-06-21,0,3218,1162.62,3741311.16,Partial,2.67,Y
PO000696,SUP0096,PRD0012,PLT002,2021-12-27,2021,12,2022-01-06,2022-01-06,0,1461,1397.29,2041440.69,Delivered,2.27,Y
PO000697,SUP0047,PRD0019,PLT006,2024-02-05,2024,2,2024-02-25,2024-03-08,12,4259,1672.69,7123986.71,Delayed,6.67,N
PO000698,SUP0037,PRD0009,PLT002,2023-07-04,2023,7,2023-07-28,2023-07-28,0,3125,182.0,568750.0,Cancelled,3.04,Y
PO000699,SUP0083,PRD0008,PLT007,2023-03-08,2023,3,2023-03-25,2023-03-25,0,404,286.01,115548.04,Delayed,2.18,Y
PO000700,SUP0066,PRD0007,PLT008,2021-11-16,2021,11,2021-12-19,2021-12-19,0,3605,542.52,1955784.6,Delivered,2.74,Y
PO000701,SUP0026,PRD0045,PLT006,2021-10-11,2021,10,2021-10-31,2021-11-15,15,2537,1415.16,3590260.92,Delivered,0.9,N
PO000702,SUP0085,PRD0026,PLT005,2022-01-01,2022,1,2022-01-14,2022-01-24,10,1105,1608.47,1777359.35,Delivered,1.12,N
PO000703,SUP0076,PRD0031,PLT003,2023-07-19,2023,7,2023-07-24,2023-07-24,0,307,528.97,162393.79,Cancelled,7.61,Y
PO000704,SUP0092,PRD0018,PLT007,2022-12-09,2022,12,2022-12-30,2022-12-30,0,637,1367.89,871345.93,Cancelled,6.26,Y
PO000705,SUP0034,PRD0001,PLT005,2024-05-05,2024,5,2024-05-22,2024-05-22,0,4902,58.18,285198.36,Delivered,6.5,Y
PO000706,SUP0031,PRD0019,PLT003,2021-03-25,2021,3,2021-04-22,2021-05-08,16,4126,1481.7,6113494.2,Delivered,1.92,N
PO000707,SUP0044,PRD0055,PLT004,2023-03-06,2023,3,2023-04-02,2023-04-02,0,451,561.7,253326.7,In Transit,1.55,Y
PO000708,SUP0115,PRD0045,PLT005,2021-01-09,2021,1,2021-01-20,2021-01-20,0,1540,600.49,924754.6,Delivered,3.16,Y
PO000709,SUP0117,PRD0004,PLT003,2021-10-23,2021,10,2021-12-01,2021-12-23,22,1513,127.49,192892.37,In Transit,7.65,N
PO000710,SUP0099,PRD0039,PLT007,2021-06-17,2021,6,2021-07-12,2021-07-12,0,1502,998.0,1498996.0,Partial,5.53,Y
PO000711,SUP0069,PRD0045,PLT006,2023-12-18,2023,12,2024-02-01,2024-02-01,0,2569,774.89,1990692.41,Delivered,4.07,Y
PO000712,SUP0096,PRD0059,PLT007,2021-04-09,2021,4,2021-04-19,2021-04-19,0,1456,1924.14,2801547.84,Delivered,0.37,Y
PO000713,SUP0056,PRD0038,PLT002,2023-02-08,2023,2,2023-03-11,2023-03-11,0,1977,1108.89,2192275.53,Cancelled,5.27,Y
PO000714,SUP0077,PRD0042,PLT008,2024-03-19,2024,3,2024-03-27,2024-03-23,-4,1758,1406.87,2473277.46,Delayed,0.86,Y
PO000715,SUP0070,PRD0055,PLT001,2024-04-09,2024,4,2024-05-01,2024-05-23,22,588,1882.32,1106804.16,Delivered,3.65,N
PO000716,SUP0034,PRD0027,PLT002,2022-09-01,2022,9,2022-09-18,2022-09-18,0,927,418.91,388329.57,In Transit,7.72,Y
PO000717,SUP0087,PRD0055,PLT005,2024-06-17,2024,6,2024-07-19,2024-07-19,0,4348,1876.07,8157152.36,Cancelled,0.1,Y
PO000718,SUP0076,PRD0053,PLT005,2023-12-02,2023,12,2023-12-07,2023-12-07,0,1975,1124.85,2221578.75,Cancelled,7.2,Y
PO000719,SUP0003,PRD0056,PLT001,2024-09-27,2024,9,2024-11-05,2024-11-23,18,506,895.16,452950.96,Delivered,5.19,N
PO000720,SUP0120,PRD0024,PLT007,2024-02-19,2024,2,2024-03-29,2024-03-29,0,640,409.18,261875.2,In Transit,6.2,Y
PO000721,SUP0106,PRD0022,PLT003,2021-11-14,2021,11,2021-12-06,2021-12-28,22,2570,1493.07,3837189.9,In Transit,1.81,N
PO000722,SUP0090,PRD0030,PLT007,2024-02-03,2024,2,2024-02-19,2024-02-29,10,4031,1051.81,4239846.11,In Transit,2.51,N
PO000723,SUP0001,PRD0018,PLT007,2023-01-26,2023,1,2023-02-06,2023-02-06,0,4502,109.54,493149.08,Delivered,5.48,Y
PO000724,SUP0018,PRD0014,PLT004,2024-11-25,2024,11,2024-12-14,2024-12-14,0,3027,1895.34,5737194.18,Delivered,0.93,Y
PO000725,SUP0111,PRD0049,PLT008,2022-01-18,2022,1,2022-02-28,2022-02-28,0,2705,783.04,2118123.2,In Transit,4.39,Y
PO000726,SUP0106,PRD0020,PLT007,2024-12-07,2024,12,2024-12-29,2024-12-29,0,194,1908.27,370204.38,Cancelled,1.62,Y
PO000727,SUP0014,PRD0020,PLT006,2024-04-05,2024,4,2024-04-28,2024-04-28,0,3284,472.12,1550442.08,Delivered,6.11,Y
PO000728,SUP0059,PRD0024,PLT001,2021-05-17,2021,5,2021-05-25,2021-05-25,0,1322,1867.78,2469205.16,Cancelled,0.75,Y
PO000729,SUP0080,PRD0051,PLT006,2021-10-24,2021,10,2021-11-13,2021-11-13,0,153,574.8,87944.4,Delayed,6.74,Y
PO000730,SUP0078,PRD0038,PLT007,2021-10-18,2021,10,2021-10-22,2021-10-22,0,2671,1151.82,3076511.22,Delivered,3.8,Y
PO000731,SUP0098,PRD0037,PLT008,2021-07-19,2021,7,2021-08-28,2021-09-21,24,2798,745.67,2086384.66,Delayed,7.16,N
PO000732,SUP0090,PRD0048,PLT006,2022-01-07,2022,1,2022-01-23,2022-01-23,0,4702,50.09,235523.18,Cancelled,0.65,Y
PO000733,SUP0082,PRD0056,PLT005,2024-05-02,2024,5,2024-05-26,2024-05-26,0,139,508.39,70666.21,Delayed,4.25,Y
PO000734,SUP0080,PRD0003,PLT007,2021-10-27,2021,10,2021-11-16,2021-11-16,0,4364,1012.22,4417328.08,Delivered,1.26,Y
PO000735,SUP0093,PRD0059,PLT005,2023-10-25,2023,10,2023-10-28,2023-10-28,0,1070,348.99,373419.3,Delivered,3.69,Y
PO000736,SUP0107,PRD0021,PLT006,2024-02-02,2024,2,2024-03-17,2024-03-17,0,3040,1890.3,5746512.0,Delivered,4.46,Y
PO000737,SUP0100,PRD0050,PLT006,2022-04-19,2022,4,2022-04-27,2022-05-27,30,2092,561.64,1174950.88,Delivered,4.73,N
PO000738,SUP0100,PRD0034,PLT002,2023-02-28,2023,2,2023-03-08,2023-03-08,0,1584,1887.02,2989039.68,Cancelled,5.7,Y
PO000739,SUP0022,PRD0045,PLT007,2023-05-11,2023,5,2023-06-07,2023-06-20,13,4218,102.88,433947.84,Delivered,2.6,N
PO000740,SUP0003,PRD0047,PLT008,2022-10-28,2022,10,2022-12-06,2022-12-19,13,1565,1477.13,2311708.45,In Transit,0.94,N
PO000741,SUP0005,PRD0056,PLT003,2022-12-15,2022,12,2023-01-09,2023-01-09,0,3729,536.56,2000832.24,In Transit,6.98,Y
PO000742,SUP0021,PRD0035,PLT003,2024-08-10,2024,8,2024-09-06,2024-09-17,11,3021,548.15,1655961.15,Partial,2.57,N
PO000743,SUP0068,PRD0050,PLT007,2023-08-22,2023,8,2023-09-01,2023-08-27,-5,2332,541.31,1262334.92,Delivered,3.74,Y
PO000744,SUP0055,PRD0005,PLT006,2022-03-18,2022,3,2022-04-28,2022-04-28,0,3201,1628.22,5211932.22,Delivered,6.35,Y
PO000745,SUP0004,PRD0003,PLT005,2023-06-19,2023,6,2023-07-27,2023-07-27,0,3799,1933.55,7345556.45,In Transit,7.61,Y
PO000746,SUP0047,PRD0048,PLT004,2023-10-28,2023,10,2023-11-17,2023-11-22,5,4055,1012.89,4107268.95,Partial,5.97,N
PO000747,SUP0077,PRD0031,PLT007,2024-07-19,2024,7,2024-07-27,2024-07-27,0,4217,1446.49,6099848.33,Delivered,3.19,Y
PO000748,SUP0108,PRD0054,PLT006,2024-10-02,2024,10,2024-10-12,2024-10-21,9,992,1301.47,1291058.24,Cancelled,0.21,N
PO000749,SUP0120,PRD0057,PLT004,2022-12-23,2022,12,2023-01-31,2023-02-08,8,1934,429.37,830401.58,Delivered,6.25,N
PO000750,SUP0024,PRD0050,PLT006,2024-11-28,2024,11,2024-12-01,2024-12-01,0,2648,1174.69,3110579.12,Delivered,3.68,Y
PO000751,SUP0055,PRD0042,PLT002,2024-01-21,2024,1,2024-03-02,2024-03-16,14,2950,1710.69,5046535.5,Delivered,7.02,N
PO000752,SUP0004,PRD0017,PLT007,2022-08-04,2022,8,2022-09-11,2022-09-11,0,3854,1815.73,6997823.42,Delayed,7.79,Y
PO000753,SUP0111,PRD0032,PLT005,2023-08-05,2023,8,2023-09-15,2023-09-15,0,4134,1866.16,7714705.44,In Transit,4.58,Y
PO000754,SUP0088,PRD0052,PLT004,2022-07-26,2022,7,2022-08-05,2022-08-31,26,4666,472.99,2206971.34,Delivered,4.58,N
PO000755,SUP0015,PRD0051,PLT005,2023-01-11,2023,1,2023-02-21,2023-02-21,0,4778,1154.39,5515675.42,Delayed,2.03,Y
PO000756,SUP0079,PRD0047,PLT001,2022-04-16,2022,4,2022-05-09,2022-05-28,19,3688,125.14,461516.32,Delivered,6.17,N
PO000757,SUP0119,PRD0025,PLT004,2023-02-26,2023,2,2023-04-07,2023-04-07,0,1378,870.18,1199108.04,Delivered,7.88,Y
PO000758,SUP0018,PRD0050,PLT006,2023-11-24,2023,11,2023-12-13,2023-12-13,0,1355,776.85,1052631.75,Delivered,5.06,Y
PO000759,SUP0046,PRD0018,PLT004,2022-11-05,2022,11,2022-12-01,2022-12-01,0,1384,281.36,389402.24,Delivered,2.24,Y
PO000760,SUP0096,PRD0008,PLT002,2021-10-12,2021,10,2021-10-22,2021-10-22,0,3410,1327.08,4525342.8,Delayed,1.02,Y
PO000761,SUP0021,PRD0030,PLT005,2022-04-18,2022,4,2022-05-15,2022-05-31,16,2732,1174.06,3207531.92,Partial,3.9,N
PO000762,SUP0061,PRD0041,PLT008,2022-02-01,2022,2,2022-03-17,2022-04-08,22,4356,1684.91,7339467.96,In Transit,3.89,N
PO000763,SUP0024,PRD0057,PLT007,2022-07-05,2022,7,2022-07-08,2022-07-15,7,2448,1046.42,2561636.16,Delivered,7.11,N
PO000764,SUP0029,PRD0008,PLT001,2024-01-20,2024,1,2024-02-01,2024-03-01,29,1831,352.65,645702.15,Delivered,2.01,N
PO000765,SUP0097,PRD0013,PLT002,2023-08-18,2023,8,2023-09-15,2023-09-12,-3,3865,196.99,761366.35,Cancelled,2.79,Y
PO000766,SUP0092,PRD0030,PLT005,2021-05-03,2021,5,2021-05-24,2021-05-24,0,4745,766.82,3638560.9,Delivered,2.73,Y
PO000767,SUP0016,PRD0024,PLT003,2022-08-15,2022,8,2022-08-30,2022-09-06,7,3503,817.32,2863071.96,In Transit,0.02,N
PO000768,SUP0118,PRD0010,PLT008,2024-08-28,2024,8,2024-09-27,2024-09-27,0,4044,242.22,979537.68,In Transit,5.32,Y
PO000769,SUP0039,PRD0047,PLT006,2021-01-19,2021,1,2021-02-24,2021-02-24,0,3773,322.92,1218377.16,Delivered,7.04,Y
PO000770,SUP0060,PRD0057,PLT004,2021-04-11,2021,4,2021-04-26,2021-04-26,0,2549,1438.68,3667195.32,Delayed,6.91,Y
PO000771,SUP0101,PRD0007,PLT005,2024-08-17,2024,8,2024-09-28,2024-09-28,0,312,870.17,271493.04,Delayed,4.93,Y
PO000772,SUP0046,PRD0004,PLT008,2022-05-19,2022,5,2022-06-14,2022-06-14,0,2481,66.35,164614.35,Delivered,2.58,Y
PO000773,SUP0023,PRD0037,PLT002,2024-01-28,2024,1,2024-02-29,2024-02-29,0,2209,437.07,965487.63,Delivered,4.65,Y
PO000774,SUP0030,PRD0058,PLT005,2023-04-28,2023,4,2023-06-08,2023-06-08,0,4092,1723.0,7050516.0,Delivered,5.28,Y
PO000775,SUP0001,PRD0018,PLT006,2024-11-03,2024,11,2024-11-14,2024-12-13,29,3945,428.58,1690748.1,Partial,6.3,N
PO000776,SUP0010,PRD0055,PLT006,2021-12-14,2021,12,2021-12-31,2021-12-31,0,1455,1912.27,2782352.85,Delivered,7.81,Y
PO000777,SUP0061,PRD0018,PLT005,2021-08-27,2021,8,2021-10-10,2021-10-10,0,2770,1369.27,3792877.9,Delivered,7.3,Y
PO000778,SUP0021,PRD0003,PLT007,2023-11-22,2023,11,2023-12-19,2023-12-19,0,1055,303.01,319675.55,Delivered,7.21,Y
PO000779,SUP0095,PRD0027,PLT001,2022-12-11,2022,12,2023-01-21,2023-01-23,2,1386,623.69,864434.34,Delayed,0.59,N
PO000780,SUP0071,PRD0021,PLT003,2023-10-25,2023,10,2023-11-16,2023-11-16,0,3140,12.83,40286.2,In Transit,6.57,Y
PO000781,SUP0073,PRD0005,PLT008,2023-08-04,2023,8,2023-09-05,2023-09-05,0,3031,82.18,249087.58,Cancelled,2.71,Y
PO000782,SUP0064,PRD0051,PLT001,2024-09-17,2024,9,2024-09-29,2024-10-28,29,1066,450.25,479966.5,Delivered,4.93,N
PO000783,SUP0120,PRD0037,PLT007,2023-03-04,2023,3,2023-04-12,2023-04-12,0,376,1296.43,487457.68,In Transit,3.24,Y
PO000784,SUP0001,PRD0009,PLT007,2023-07-01,2023,7,2023-07-12,2023-07-12,0,815,93.76,76414.4,Delivered,7.95,Y
PO000785,SUP0106,PRD0050,PLT005,2024-06-25,2024,6,2024-07-17,2024-07-17,0,2613,1677.95,4384483.35,Partial,6.66,Y
PO000786,SUP0066,PRD0014,PLT004,2023-08-18,2023,8,2023-09-20,2023-09-20,0,3498,385.15,1347254.7,Delivered,1.52,Y
PO000787,SUP0063,PRD0017,PLT002,2024-09-22,2024,9,2024-11-02,2024-11-02,0,403,1326.37,534527.11,Delivered,4.94,Y
PO000788,SUP0066,PRD0052,PLT001,2021-08-11,2021,8,2021-09-13,2021-09-13,0,481,1129.57,543323.17,Partial,3.57,Y
PO000789,SUP0111,PRD0002,PLT001,2023-11-17,2023,11,2023-12-28,2024-01-12,15,4953,75.34,373159.02,Delayed,4.57,N
PO000790,SUP0033,PRD0049,PLT008,2021-12-03,2021,12,2022-01-14,2022-01-14,0,2225,1279.75,2847443.75,Cancelled,7.97,Y
PO000791,SUP0028,PRD0018,PLT003,2024-01-26,2024,1,2024-03-08,2024-03-08,0,3992,1541.32,6152949.44,Delivered,2.03,Y
PO000792,SUP0024,PRD0014,PLT008,2023-01-22,2023,1,2023-01-25,2023-01-25,0,2436,1410.0,3434760.0,Delivered,7.73,Y
PO000793,SUP0025,PRD0015,PLT001,2022-11-07,2022,11,2022-11-24,2022-11-24,0,3324,408.05,1356358.2,Delivered,0.77,Y
PO000794,SUP0095,PRD0028,PLT007,2021-09-21,2021,9,2021-11-01,2021-11-15,14,1339,377.62,505633.18,Delayed,0.74,N
PO000795,SUP0015,PRD0048,PLT008,2023-10-12,2023,10,2023-11-22,2023-11-22,0,1132,1372.58,1553760.56,Delivered,0.97,Y
PO000796,SUP0118,PRD0005,PLT005,2022-12-06,2022,12,2023-01-05,2023-01-05,0,4096,1310.89,5369405.44,In Transit,4.34,Y
PO000797,SUP0009,PRD0033,PLT003,2023-12-13,2023,12,2023-12-23,2023-12-23,0,555,1633.41,906542.55,Delivered,2.24,Y
PO000798,SUP0016,PRD0011,PLT002,2021-05-22,2021,5,2021-06-06,2021-06-18,12,2393,721.87,1727434.91,Delayed,6.3,N
PO000799,SUP0097,PRD0016,PLT005,2023-06-19,2023,6,2023-07-17,2023-08-12,26,4775,21.02,100370.5,Delayed,7.66,N
PO000800,SUP0017,PRD0009,PLT002,2023-03-07,2023,3,2023-04-11,2023-04-11,0,3370,1303.5,4392795.0,Delivered,5.81,Y
PO000801,SUP0097,PRD0003,PLT007,2021-06-03,2021,6,2021-07-01,2021-07-01,0,4393,195.96,860852.28,Partial,2.35,Y
PO000802,SUP0112,PRD0043,PLT002,2023-10-06,2023,10,2023-11-04,2023-11-04,0,4376,984.67,4308915.92,Partial,6.22,Y
PO000803,SUP0041,PRD0060,PLT003,2021-11-10,2021,11,2021-12-10,2021-12-10,0,3812,71.79,273663.48,Delayed,7.33,Y
PO000804,SUP0037,PRD0010,PLT004,2021-09-12,2021,9,2021-10-06,2021-10-06,0,2655,879.79,2335842.45,Delivered,2.15,Y
PO000805,SUP0074,PRD0014,PLT001,2023-11-24,2023,11,2023-12-05,2023-12-09,4,3361,753.87,2533757.07,Cancelled,4.12,N
PO000806,SUP0084,PRD0029,PLT002,2021-09-16,2021,9,2021-10-05,2021-10-05,0,402,779.23,313250.46,In Transit,0.66,Y
PO000807,SUP0011,PRD0060,PLT008,2024-06-16,2024,6,2024-07-10,2024-07-10,0,782,1489.39,1164702.98,Delivered,4.64,Y
PO000808,SUP0039,PRD0047,PLT008,2022-01-16,2022,1,2022-02-21,2022-02-21,0,2914,105.32,306902.48,Delivered,6.43,Y
PO000809,SUP0075,PRD0058,PLT005,2022-04-16,2022,4,2022-05-25,2022-05-25,0,2338,1932.46,4518091.48,Delivered,1.89,Y
PO000810,SUP0020,PRD0017,PLT006,2023-01-17,2023,1,2023-02-01,2023-02-01,0,4612,255.95,1180441.4,Cancelled,5.47,Y
PO000811,SUP0073,PRD0012,PLT002,2024-05-25,2024,5,2024-06-26,2024-06-26,0,3041,1702.14,5176207.74,Delivered,7.81,Y
PO000812,SUP0081,PRD0031,PLT005,2021-11-13,2021,11,2021-12-21,2021-12-21,0,1225,157.63,193096.75,Delivered,6.77,Y
PO000813,SUP0017,PRD0050,PLT008,2023-11-14,2023,11,2023-12-19,2023-12-19,0,4773,1559.04,7441297.92,In Transit,7.29,Y
PO000814,SUP0043,PRD0043,PLT005,2021-05-28,2021,5,2021-06-12,2021-06-13,1,526,840.73,442223.98,Cancelled,4.43,N
PO000815,SUP0052,PRD0058,PLT001,2024-06-06,2024,6,2024-07-21,2024-07-21,0,1188,1360.15,1615858.2,Delivered,3.06,Y
PO000816,SUP0080,PRD0004,PLT008,2023-07-19,2023,7,2023-08-08,2023-08-08,0,2287,704.77,1611808.99,Delivered,3.17,Y
PO000817,SUP0055,PRD0036,PLT008,2022-03-22,2022,3,2022-05-02,2022-05-03,1,3988,1050.31,4188636.28,Delivered,3.63,N
PO000818,SUP0013,PRD0015,PLT004,2024-01-08,2024,1,2024-01-31,2024-01-31,0,3415,863.67,2949433.05,In Transit,1.71,Y
PO000819,SUP0115,PRD0026,PLT001,2024-02-27,2024,2,2024-03-09,2024-03-06,-3,287,19.64,5636.68,Delayed,2.04,Y
PO000820,SUP0038,PRD0037,PLT005,2021-06-19,2021,6,2021-06-28,2021-06-28,0,1148,1729.08,1984983.84,Delayed,1.47,Y
PO000821,SUP0087,PRD0042,PLT001,2022-02-21,2022,2,2022-03-25,2022-03-25,0,3687,1536.23,5664080.01,Partial,1.26,Y
PO000822,SUP0068,PRD0002,PLT007,2024-02-15,2024,2,2024-02-25,2024-03-12,16,843,451.39,380521.77,In Transit,7.56,N
PO000823,SUP0039,PRD0005,PLT004,2023-07-06,2023,7,2023-08-11,2023-08-11,0,4062,1768.76,7184703.12,Delivered,6.53,Y
PO000824,SUP0105,PRD0018,PLT006,2024-12-07,2024,12,2025-01-17,2025-01-17,0,295,1554.51,458580.45,Delayed,5.97,Y
PO000825,SUP0087,PRD0040,PLT004,2024-10-13,2024,10,2024-11-14,2024-11-27,13,2924,956.01,2795373.24,Delivered,4.11,N
PO000826,SUP0022,PRD0007,PLT001,2022-05-13,2022,5,2022-06-09,2022-06-09,0,4473,557.99,2495889.27,Cancelled,7.78,Y
PO000827,SUP0109,PRD0016,PLT001,2022-12-17,2022,12,2023-01-22,2023-01-22,0,555,1799.33,998628.15,Partial,4.01,Y
PO000828,SUP0039,PRD0036,PLT001,2024-06-23,2024,6,2024-07-29,2024-07-29,0,266,948.53,252308.98,Delivered,5.18,Y
PO000829,SUP0015,PRD0049,PLT008,2024-04-08,2024,4,2024-05-19,2024-05-14,-5,1871,729.69,1365249.99,In Transit,5.33,Y
PO000830,SUP0119,PRD0051,PLT007,2024-12-24,2024,12,2025-02-02,2025-02-02,0,3334,922.55,3075781.7,In Transit,1.54,Y
PO000831,SUP0060,PRD0038,PLT008,2021-08-12,2021,8,2021-08-27,2021-08-27,0,1004,1837.82,1845171.28,Delivered,1.27,Y
PO000832,SUP0069,PRD0020,PLT005,2021-10-28,2021,10,2021-12-12,2022-01-07,26,235,1007.31,236717.85,Partial,0.89,N
PO000833,SUP0042,PRD0025,PLT005,2023-03-25,2023,3,2023-04-30,2023-04-30,0,1174,1423.59,1671294.66,Delivered,6.32,Y
PO000834,SUP0089,PRD0029,PLT008,2021-04-20,2021,4,2021-05-09,2021-05-09,0,2551,1320.95,3369743.45,Delivered,5.32,Y
PO000835,SUP0081,PRD0054,PLT001,2024-09-20,2024,9,2024-10-28,2024-11-26,29,404,1060.67,428510.68,Delivered,3.69,N
PO000836,SUP0060,PRD0007,PLT002,2022-01-21,2022,1,2022-02-05,2022-03-06,29,1299,1846.74,2398915.26,Delivered,4.42,N
PO000837,SUP0070,PRD0034,PLT004,2024-06-04,2024,6,2024-06-26,2024-07-22,26,3410,1931.56,6586619.6,Delivered,1.73,N
PO000838,SUP0088,PRD0013,PLT005,2021-10-24,2021,10,2021-11-03,2021-11-03,0,2477,1620.27,4013408.79,Delayed,0.68,Y
PO000839,SUP0059,PRD0045,PLT006,2022-12-19,2022,12,2022-12-27,2022-12-27,0,477,891.85,425412.45,Delayed,4.4,Y
PO000840,SUP0013,PRD0004,PLT001,2021-01-07,2021,1,2021-01-30,2021-01-30,0,4905,722.75,3545088.75,Delivered,0.41,Y
PO000841,SUP0056,PRD0002,PLT003,2021-04-20,2021,4,2021-05-21,2021-05-21,0,3862,1521.52,5876110.24,Delivered,1.88,Y
PO000842,SUP0013,PRD0038,PLT007,2024-03-11,2024,3,2024-04-03,2024-04-03,0,545,1146.86,625038.7,Delayed,3.31,Y
PO000843,SUP0093,PRD0008,PLT004,2023-05-12,2023,5,2023-05-15,2023-05-15,0,2803,1524.43,4272977.29,Delayed,6.43,Y
PO000844,SUP0087,PRD0054,PLT002,2023-03-23,2023,3,2023-04-24,2023-04-24,0,2247,354.71,797033.37,Cancelled,4.79,Y
PO000845,SUP0015,PRD0058,PLT008,2024-08-08,2024,8,2024-09-18,2024-09-20,2,3232,1550.54,5011345.28,Cancelled,1.18,N
PO000846,SUP0038,PRD0040,PLT008,2023-11-16,2023,11,2023-11-25,2023-11-21,-4,325,106.86,34729.5,Delivered,6.08,Y
PO000847,SUP0108,PRD0012,PLT001,2023-06-05,2023,6,2023-06-15,2023-06-27,12,1151,408.72,470436.72,Delivered,7.41,N
PO000848,SUP0023,PRD0006,PLT004,2022-07-13,2022,7,2022-08-14,2022-09-07,24,4660,424.23,1976911.8,In Transit,3.14,N
PO000849,SUP0073,PRD0022,PLT006,2021-10-16,2021,10,2021-11-17,2021-11-17,0,4335,1255.63,5443156.05,Delivered,6.02,Y
PO000850,SUP0092,PRD0031,PLT001,2023-09-16,2023,9,2023-10-07,2023-10-07,0,3368,461.99,1555982.32,Partial,7.1,Y
PO000851,SUP0104,PRD0025,PLT008,2022-06-18,2022,6,2022-06-26,2022-06-26,0,3083,1816.39,5599930.37,Cancelled,7.14,Y
PO000852,SUP0081,PRD0033,PLT003,2022-07-03,2022,7,2022-08-10,2022-08-10,0,2353,1303.59,3067347.27,In Transit,0.6,Y
PO000853,SUP0025,PRD0045,PLT004,2021-08-01,2021,8,2021-08-18,2021-09-12,25,2302,1792.98,4127439.96,Partial,5.56,N
PO000854,SUP0094,PRD0027,PLT003,2022-11-18,2022,11,2022-12-14,2022-12-14,0,4067,1684.84,6852244.28,Partial,2.8,Y
PO000855,SUP0117,PRD0040,PLT003,2022-09-24,2022,9,2022-11-02,2022-11-02,0,2585,1202.58,3108669.3,Cancelled,0.9,Y
PO000856,SUP0097,PRD0005,PLT006,2021-01-08,2021,1,2021-02-05,2021-02-12,7,2207,761.34,1680277.38,Delivered,7.37,N
PO000857,SUP0097,PRD0042,PLT003,2023-12-17,2023,12,2024-01-14,2024-01-09,-5,1592,250.61,398971.12,Partial,3.02,Y
PO000858,SUP0065,PRD0001,PLT008,2023-09-23,2023,9,2023-10-02,2023-10-02,0,1062,1144.25,1215193.5,Delivered,0.5,Y
PO000859,SUP0036,PRD0007,PLT002,2021-09-24,2021,9,2021-10-24,2021-10-24,0,4238,400.75,1698378.5,Delivered,5.97,Y
PO000860,SUP0067,PRD0025,PLT003,2024-07-14,2024,7,2024-08-08,2024-08-31,23,4777,1182.43,5648468.11,Delivered,6.49,N
PO000861,SUP0118,PRD0009,PLT007,2021-01-15,2021,1,2021-02-14,2021-02-23,9,3612,836.61,3021835.32,Delivered,6.12,N
PO000862,SUP0005,PRD0012,PLT005,2021-07-24,2021,7,2021-08-18,2021-08-18,0,4195,401.26,1683285.7,Delayed,5.24,Y
PO000863,SUP0041,PRD0010,PLT002,2021-07-03,2021,7,2021-08-02,2021-08-16,14,4088,1789.38,7314985.44,Delivered,7.92,N
PO000864,SUP0085,PRD0004,PLT005,2021-06-18,2021,6,2021-07-01,2021-07-01,0,3121,255.65,797883.65,Delayed,1.36,Y
PO000865,SUP0078,PRD0041,PLT002,2024-03-18,2024,3,2024-03-22,2024-03-22,0,1108,1230.96,1363903.68,Delivered,4.32,Y
PO000866,SUP0096,PRD0008,PLT008,2024-04-02,2024,4,2024-04-12,2024-04-12,0,740,635.14,470003.6,Delivered,0.95,Y
PO000867,SUP0053,PRD0013,PLT005,2021-12-26,2021,12,2022-01-25,2022-01-25,0,656,164.78,108095.68,Delivered,6.75,Y
PO000868,SUP0034,PRD0054,PLT008,2021-11-23,2021,11,2021-12-10,2021-12-24,14,2096,575.19,1205598.24,Cancelled,4.6,N
PO000869,SUP0014,PRD0039,PLT002,2023-09-03,2023,9,2023-09-26,2023-09-26,0,1970,194.58,383322.6,Delivered,4.61,Y
PO000870,SUP0103,PRD0006,PLT007,2023-08-10,2023,8,2023-08-15,2023-08-15,0,2558,1366.92,3496581.36,Partial,7.82,Y
PO000871,SUP0045,PRD0058,PLT003,2022-09-07,2022,9,2022-09-24,2022-10-13,19,619,1625.47,1006165.93,In Transit,7.39,N
PO000872,SUP0029,PRD0018,PLT004,2022-05-23,2022,5,2022-06-04,2022-06-13,9,3038,1760.53,5348490.14,Delivered,1.35,N
PO000873,SUP0074,PRD0024,PLT002,2023-04-14,2023,4,2023-04-25,2023-05-11,16,432,994.54,429641.28,Cancelled,0.78,N
PO000874,SUP0032,PRD0003,PLT006,2023-11-14,2023,11,2023-11-21,2023-11-21,0,3437,1565.23,5379695.51,Delayed,5.8,Y
PO000875,SUP0018,PRD0005,PLT006,2024-10-18,2024,10,2024-11-06,2024-11-12,6,4165,1334.18,5556859.7,Partial,2.22,N
PO000876,SUP0033,PRD0057,PLT007,2024-05-27,2024,5,2024-07-08,2024-07-08,0,3300,1400.93,4623069.0,Cancelled,5.15,Y
PO000877,SUP0018,PRD0059,PLT002,2021-02-02,2021,2,2021-02-21,2021-02-21,0,3045,1233.71,3756646.95,Delayed,2.36,Y
PO000878,SUP0117,PRD0027,PLT008,2022-08-17,2022,8,2022-09-25,2022-09-25,0,704,838.1,590022.4,Delivered,7.23,Y
PO000879,SUP0108,PRD0059,PLT005,2023-09-18,2023,9,2023-09-28,2023-09-26,-2,3954,101.85,402714.9,In Transit,1.28,Y
PO000880,SUP0050,PRD0045,PLT002,2021-03-19,2021,3,2021-04-25,2021-04-25,0,561,303.09,170033.49,In Transit,5.51,Y
PO000881,SUP0034,PRD0025,PLT005,2024-01-16,2024,1,2024-02-02,2024-02-04,2,4732,1115.78,5279870.96,Delayed,4.75,N
PO000882,SUP0102,PRD0046,PLT001,2022-05-22,2022,5,2022-06-12,2022-06-19,7,3640,1247.17,4539698.8,Partial,6.24,N
PO000883,SUP0021,PRD0010,PLT003,2023-11-03,2023,11,2023-11-30,2023-11-30,0,3083,1953.21,6021746.43,Delivered,7.14,Y
PO000884,SUP0067,PRD0025,PLT002,2021-06-26,2021,6,2021-07-21,2021-07-21,0,972,1535.5,1492506.0,Delivered,6.55,Y
PO000885,SUP0085,PRD0007,PLT008,2024-11-18,2024,11,2024-12-01,2024-12-01,0,1762,602.2,1061076.4,Delivered,7.94,Y
PO000886,SUP0090,PRD0020,PLT006,2024-03-21,2024,3,2024-04-06,2024-04-28,22,4832,1169.43,5650685.76,Cancelled,1.64,N
PO000887,SUP0066,PRD0051,PLT007,2021-10-05,2021,10,2021-11-07,2021-11-07,0,4041,1534.27,6199985.07,Cancelled,3.51,Y
PO000888,SUP0087,PRD0046,PLT003,2023-10-08,2023,10,2023-11-09,2023-11-04,-5,1182,255.68,302213.76,Delivered,5.51,Y
PO000889,SUP0068,PRD0004,PLT005,2023-05-25,2023,5,2023-06-04,2023-06-04,0,1717,788.22,1353373.74,Delivered,2.32,Y
PO000890,SUP0042,PRD0035,PLT005,2021-05-07,2021,5,2021-06-12,2021-06-13,1,2742,1072.29,2940219.18,Cancelled,4.42,N
PO000891,SUP0109,PRD0046,PLT005,2023-12-07,2023,12,2024-01-12,2024-01-12,0,2764,444.36,1228211.04,Cancelled,6.15,Y
PO000892,SUP0046,PRD0024,PLT008,2021-02-23,2021,2,2021-03-21,2021-03-21,0,4843,834.37,4040853.91,Delivered,7.72,Y
PO000893,SUP0071,PRD0020,PLT007,2024-11-28,2024,11,2024-12-20,2024-12-20,0,2757,983.82,2712391.74,Partial,4.42,Y
PO000894,SUP0117,PRD0007,PLT006,2024-05-17,2024,5,2024-06-25,2024-07-13,18,1108,126.61,140283.88,Cancelled,1.55,N
PO000895,SUP0098,PRD0027,PLT004,2022-03-05,2022,3,2022-04-14,2022-04-14,0,2072,566.32,1173415.04,Delivered,4.4,Y
PO000896,SUP0113,PRD0005,PLT002,2022-09-09,2022,9,2022-10-14,2022-10-14,0,1955,1760.65,3442070.75,In Transit,3.9,Y
PO000897,SUP0114,PRD0009,PLT006,2024-07-09,2024,7,2024-08-02,2024-08-02,0,2443,1999.31,4884314.33,In Transit,6.04,Y
PO000898,SUP0043,PRD0059,PLT004,2023-03-04,2023,3,2023-03-19,2023-03-18,-1,3704,1293.39,4790716.56,Delivered,5.57,Y
PO000899,SUP0024,PRD0054,PLT001,2021-02-08,2021,2,2021-02-11,2021-02-11,0,154,355.5,54747.0,Delivered,1.93,Y
PO000900,SUP0044,PRD0039,PLT005,2022-04-10,2022,4,2022-05-07,2022-06-04,28,1815,1090.44,1979148.6,Cancelled,2.72,N
PO000901,SUP0084,PRD0059,PLT001,2022-11-05,2022,11,2022-11-24,2022-12-01,7,3665,475.41,1742377.65,Delayed,6.63,N
PO000902,SUP0032,PRD0020,PLT001,2024-10-09,2024,10,2024-10-16,2024-10-16,0,4660,1321.55,6158423.0,Partial,4.38,Y
PO000903,SUP0028,PRD0053,PLT003,2021-09-09,2021,9,2021-10-21,2021-10-21,0,563,1045.5,588616.5,Delivered,2.15,Y
PO000904,SUP0084,PRD0013,PLT001,2021-10-19,2021,10,2021-11-07,2021-11-07,0,3554,1992.6,7081700.4,Partial,5.88,Y
PO000905,SUP0008,PRD0009,PLT004,2021-01-15,2021,1,2021-01-26,2021-01-26,0,169,834.85,141089.65,Delivered,2.96,Y
PO000906,SUP0100,PRD0056,PLT005,2023-06-06,2023,6,2023-06-14,2023-07-06,22,3686,1233.22,4545648.92,Partial,7.59,N
PO000907,SUP0069,PRD0022,PLT004,2023-01-13,2023,1,2023-02-27,2023-03-29,30,462,1888.36,872422.32,Delivered,1.32,N
PO000908,SUP0094,PRD0001,PLT006,2022-06-07,2022,6,2022-07-03,2022-07-15,12,4174,1191.87,4974865.38,Partial,2.94,N
PO000909,SUP0060,PRD0021,PLT007,2024-02-03,2024,2,2024-02-18,2024-02-18,0,1400,286.04,400456.0,Delivered,6.86,Y
PO000910,SUP0095,PRD0029,PLT001,2023-09-27,2023,9,2023-11-07,2023-11-07,0,3220,920.25,2963205.0,Cancelled,3.08,Y
PO000911,SUP0113,PRD0012,PLT003,2024-11-11,2024,11,2024-12-16,2025-01-13,28,2093,365.39,764761.27,Delivered,5.32,N
PO000912,SUP0111,PRD0056,PLT002,2024-02-14,2024,2,2024-03-26,2024-03-26,0,3664,1614.87,5916883.68,Delayed,7.49,Y
PO000913,SUP0115,PRD0001,PLT003,2021-03-17,2021,3,2021-03-28,2021-03-24,-4,4896,639.47,3130845.12,In Transit,3.47,Y
PO000914,SUP0016,PRD0033,PLT007,2022-02-02,2022,2,2022-02-17,2022-02-17,0,626,1398.21,875279.46,Delivered,5.99,Y
PO000915,SUP0070,PRD0050,PLT006,2021-10-24,2021,10,2021-11-15,2021-11-15,0,138,1668.45,230246.1,Cancelled,5.15,Y
PO000916,SUP0108,PRD0015,PLT007,2021-04-04,2021,4,2021-04-14,2021-04-14,0,1197,228.8,273873.6,Delivered,7.69,Y
PO000917,SUP0104,PRD0035,PLT004,2022-08-13,2022,8,2022-08-21,2022-09-17,27,2774,271.29,752558.46,Delayed,5.09,N
PO000918,SUP0055,PRD0012,PLT004,2022-04-28,2022,4,2022-06-08,2022-06-08,0,228,154.27,35173.56,Delivered,3.31,Y
PO000919,SUP0084,PRD0053,PLT001,2024-06-13,2024,6,2024-07-02,2024-07-03,1,4570,149.42,682849.4,Cancelled,2.77,N
PO000920,SUP0015,PRD0035,PLT005,2023-11-04,2023,11,2023-12-15,2023-12-15,0,694,91.4,63431.6,Cancelled,3.36,Y
PO000921,SUP0002,PRD0006,PLT003,2023-12-11,2023,12,2024-01-22,2024-01-22,0,691,119.77,82761.07,Delivered,0.51,Y
PO000922,SUP0100,PRD0001,PLT003,2024-06-15,2024,6,2024-06-23,2024-06-22,-1,422,746.02,314820.44,In Transit,1.92,Y
PO000923,SUP0062,PRD0046,PLT005,2023-08-23,2023,8,2023-09-30,2023-09-30,0,2542,675.85,1718010.7,Delivered,6.14,Y
PO000924,SUP0055,PRD0022,PLT006,2022-08-11,2022,8,2022-09-21,2022-09-21,0,1949,1462.08,2849593.92,Partial,5.31,Y
PO000925,SUP0036,PRD0055,PLT007,2023-04-27,2023,4,2023-05-27,2023-05-28,1,4767,1214.29,5788520.43,Cancelled,3.42,N
PO000926,SUP0061,PRD0042,PLT008,2021-12-10,2021,12,2022-01-23,2022-01-23,0,1561,236.41,369036.01,Delivered,1.29,Y
PO000927,SUP0087,PRD0060,PLT005,2021-07-14,2021,7,2021-08-15,2021-09-05,21,4645,72.57,337087.65,Delivered,7.09,N
PO000928,SUP0038,PRD0030,PLT006,2021-02-23,2021,2,2021-03-04,2021-03-08,4,453,599.69,271659.57,Delivered,2.74,N
PO000929,SUP0053,PRD0017,PLT007,2024-08-17,2024,8,2024-09-16,2024-09-16,0,252,14.44,3638.88,Delayed,6.43,Y
PO000930,SUP0011,PRD0058,PLT002,2022-10-26,2022,10,2022-11-19,2022-11-19,0,4567,1548.86,7073643.62,Delivered,6.51,Y
PO000931,SUP0108,PRD0010,PLT002,2024-02-10,2024,2,2024-02-20,2024-02-19,-1,2446,1896.12,4637909.52,Cancelled,6.52,Y
PO000932,SUP0108,PRD0042,PLT003,2021-03-18,2021,3,2021-03-28,2021-03-28,0,2153,1044.95,2249777.35,Delivered,5.47,Y
PO000933,SUP0099,PRD0023,PLT008,2022-01-12,2022,1,2022-02-06,2022-02-14,8,927,1686.49,1563376.23,Partial,1.05,N
PO000934,SUP0079,PRD0027,PLT005,2024-11-10,2024,11,2024-12-03,2024-12-03,0,2050,771.4,1581370.0,Delivered,2.08,Y
PO000935,SUP0032,PRD0012,PLT002,2023-10-13,2023,10,2023-10-20,2023-11-05,16,2069,313.34,648300.46,Delayed,0.82,N
PO000936,SUP0031,PRD0019,PLT007,2023-10-19,2023,10,2023-11-16,2023-11-16,0,3530,216.95,765833.5,Delivered,3.14,Y
PO000937,SUP0053,PRD0060,PLT007,2024-11-14,2024,11,2024-12-14,2024-12-25,11,2633,1600.24,4213431.92,Delivered,4.05,N
PO000938,SUP0069,PRD0019,PLT005,2024-03-19,2024,3,2024-05-03,2024-04-30,-3,219,1941.06,425092.14,Delivered,2.98,Y
PO000939,SUP0008,PRD0034,PLT002,2023-04-01,2023,4,2023-04-12,2023-05-07,25,2039,242.7,494865.3,Partial,6.99,N
PO000940,SUP0113,PRD0003,PLT006,2023-10-12,2023,10,2023-11-16,2023-11-27,11,3255,310.96,1012174.8,In Transit,3.99,N
PO000941,SUP0095,PRD0041,PLT001,2023-07-06,2023,7,2023-08-16,2023-08-22,6,4960,1635.3,8111088.0,Delivered,3.44,N
PO000942,SUP0117,PRD0059,PLT003,2021-01-28,2021,1,2021-03-08,2021-03-20,12,3136,544.68,1708116.48,Cancelled,6.23,N
PO000943,SUP0088,PRD0059,PLT002,2021-05-03,2021,5,2021-05-13,2021-05-13,0,1058,1899.09,2009237.22,Partial,4.23,Y
PO000944,SUP0072,PRD0002,PLT004,2022-02-02,2022,2,2022-02-27,2022-02-27,0,3350,1035.26,3468121.0,Delivered,5.86,Y
PO000945,SUP0043,PRD0007,PLT002,2022-04-20,2022,4,2022-05-05,2022-05-05,0,2896,1687.33,4886507.68,In Transit,3.36,Y
PO000946,SUP0120,PRD0022,PLT001,2022-12-03,2022,12,2023-01-11,2023-01-11,0,2900,244.52,709108.0,Partial,0.89,Y
PO000947,SUP0110,PRD0026,PLT002,2023-05-11,2023,5,2023-05-30,2023-06-07,8,2643,801.54,2118470.22,Delivered,7.38,N
PO000948,SUP0120,PRD0050,PLT001,2023-07-03,2023,7,2023-08-11,2023-08-11,0,3587,732.9,2628912.3,In Transit,7.28,Y
PO000949,SUP0049,PRD0002,PLT008,2021-11-14,2021,11,2021-11-18,2021-11-18,0,3604,982.3,3540209.2,Cancelled,5.13,Y
PO000950,SUP0106,PRD0052,PLT004,2021-01-05,2021,1,2021-01-27,2021-01-27,0,1909,291.03,555576.27,Cancelled,1.91,Y
PO000951,SUP0066,PRD0042,PLT007,2024-05-04,2024,5,2024-06-06,2024-06-06,0,1554,1325.94,2060510.76,Delayed,4.02,Y
PO000952,SUP0115,PRD0027,PLT001,2024-07-02,2024,7,2024-07-13,2024-07-29,16,4828,1098.64,5304233.92,In Transit,4.65,N
PO000953,SUP0027,PRD0050,PLT008,2022-07-27,2022,7,2022-08-06,2022-08-10,4,2556,820.58,2097402.48,In Transit,6.66,N
PO000954,SUP0051,PRD0012,PLT006,2021-01-24,2021,1,2021-03-06,2021-03-06,0,4588,1719.72,7890075.36,In Transit,7.51,Y
PO000955,SUP0027,PRD0021,PLT003,2023-06-02,2023,6,2023-06-12,2023-06-12,0,3121,1476.74,4608905.54,Delivered,2.97,Y
PO000956,SUP0099,PRD0001,PLT008,2024-04-14,2024,4,2024-05-09,2024-05-09,0,1448,1004.96,1455182.08,Delivered,2.8,Y
PO000957,SUP0026,PRD0041,PLT007,2022-02-21,2022,2,2022-03-13,2022-04-08,26,4450,1806.08,8037056.0,In Transit,3.55,N
PO000958,SUP0073,PRD0033,PLT007,2022-12-02,2022,12,2023-01-03,2023-01-03,0,1785,1620.61,2892788.85,Cancelled,7.33,Y
PO000959,SUP0064,PRD0046,PLT003,2022-08-19,2022,8,2022-08-31,2022-08-31,0,3247,1479.13,4802735.11,Delivered,4.51,Y
PO000960,SUP0012,PRD0030,PLT001,2024-07-12,2024,7,2024-07-17,2024-07-17,0,3591,648.53,2328871.23,Delivered,2.37,Y
PO000961,SUP0021,PRD0013,PLT004,2021-11-03,2021,11,2021-11-30,2021-12-29,29,2664,425.72,1134118.08,Delayed,2.67,N
PO000962,SUP0070,PRD0056,PLT004,2024-12-15,2024,12,2025-01-06,2025-01-06,0,4384,1613.52,7073671.68,Delivered,6.67,Y
PO000963,SUP0062,PRD0003,PLT008,2022-05-28,2022,5,2022-07-05,2022-07-05,0,4551,79.22,360530.22,Delivered,0.22,Y
PO000964,SUP0056,PRD0017,PLT007,2022-09-23,2022,9,2022-10-24,2022-10-24,0,1353,461.5,624409.5,Cancelled,7.68,Y
PO000965,SUP0095,PRD0031,PLT004,2024-05-04,2024,5,2024-06-14,2024-06-14,0,1430,936.89,1339752.7,Cancelled,2.12,Y
PO000966,SUP0103,PRD0016,PLT008,2024-06-23,2024,6,2024-06-28,2024-07-13,15,747,1164.4,869806.8,Delivered,0.96,N
PO000967,SUP0101,PRD0054,PLT008,2024-05-10,2024,5,2024-06-21,2024-06-21,0,3298,712.82,2350880.36,Delayed,3.03,Y
PO000968,SUP0001,PRD0038,PLT005,2023-03-19,2023,3,2023-03-30,2023-03-30,0,2263,1852.24,4191619.12,Delivered,5.37,Y
PO000969,SUP0043,PRD0051,PLT004,2023-10-08,2023,10,2023-10-23,2023-10-23,0,1475,1916.31,2826557.25,Delivered,5.95,Y
PO000970,SUP0087,PRD0055,PLT006,2022-02-20,2022,2,2022-03-24,2022-03-23,-1,119,1935.68,230345.92,Delayed,2.2,Y
PO000971,SUP0016,PRD0051,PLT005,2024-11-14,2024,11,2024-11-29,2024-11-29,0,4897,1205.61,5903872.17,In Transit,7.75,Y
PO000972,SUP0035,PRD0045,PLT003,2021-10-03,2021,10,2021-10-06,2021-10-04,-2,2590,963.86,2496397.4,Cancelled,3.29,Y
PO000973,SUP0070,PRD0046,PLT007,2021-04-23,2021,4,2021-05-15,2021-05-31,16,623,1196.4,745357.2,Partial,3.75,N
PO000974,SUP0017,PRD0007,PLT001,2021-10-15,2021,10,2021-11-19,2021-11-19,0,1800,1264.04,2275272.0,Delivered,3.7,Y
PO000975,SUP0006,PRD0056,PLT002,2022-10-21,2022,10,2022-10-25,2022-11-07,13,1843,811.38,1495373.34,Partial,0.33,N
PO000976,SUP0097,PRD0041,PLT004,2023-09-04,2023,9,2023-10-02,2023-10-02,0,1547,1565.04,2421116.88,Delayed,3.71,Y
PO000977,SUP0002,PRD0013,PLT004,2024-11-17,2024,11,2024-12-29,2025-01-28,30,3244,1064.24,3452394.56,Delivered,0.9,N
PO000978,SUP0051,PRD0018,PLT003,2021-06-11,2021,6,2021-07-22,2021-07-31,9,4780,80.78,386128.4,In Transit,2.8,N
PO000979,SUP0053,PRD0032,PLT006,2021-11-04,2021,11,2021-12-04,2021-12-04,0,826,519.98,429503.48,Delivered,7.1,Y
PO000980,SUP0059,PRD0051,PLT007,2021-02-16,2021,2,2021-02-24,2021-02-24,0,2036,822.02,1673632.72,Cancelled,5.61,Y
PO000981,SUP0010,PRD0027,PLT007,2021-09-17,2021,9,2021-10-04,2021-10-28,24,190,929.7,176643.0,Delivered,1.59,N
PO000982,SUP0072,PRD0029,PLT002,2021-02-08,2021,2,2021-03-05,2021-03-05,0,3883,1327.0,5152741.0,Delivered,7.74,Y
PO000983,SUP0019,PRD0005,PLT005,2022-11-01,2022,11,2022-11-23,2022-11-23,0,4588,1546.67,7096121.96,Cancelled,2.39,Y
PO000984,SUP0117,PRD0045,PLT008,2024-07-13,2024,7,2024-08-21,2024-08-21,0,4752,639.1,3037003.2,Delivered,3.51,Y
PO000985,SUP0008,PRD0043,PLT002,2023-01-16,2023,1,2023-01-27,2023-01-27,0,3595,1737.2,6245234.0,Partial,5.7,Y
PO000986,SUP0018,PRD0055,PLT002,2023-04-03,2023,4,2023-04-22,2023-04-22,0,2581,169.59,437711.79,Delivered,5.69,Y
PO000987,SUP0021,PRD0022,PLT003,2024-10-28,2024,10,2024-11-24,2024-11-24,0,3935,535.61,2107625.35,In Transit,7.52,Y
PO000988,SUP0115,PRD0051,PLT004,2021-09-08,2021,9,2021-09-19,2021-09-19,0,303,165.7,50207.1,Delivered,1.12,Y
PO000989,SUP0115,PRD0008,PLT008,2021-02-01,2021,2,2021-02-12,2021-02-12,0,3491,1952.17,6815025.47,Delayed,5.49,Y
PO000990,SUP0066,PRD0012,PLT008,2024-11-28,2024,11,2024-12-31,2025-01-28,28,1720,1647.24,2833252.8,In Transit,1.26,N
PO000991,SUP0014,PRD0004,PLT001,2023-10-14,2023,10,2023-11-06,2023-11-06,0,457,1356.95,620126.15,In Transit,0.77,Y
PO000992,SUP0003,PRD0043,PLT005,2024-02-06,2024,2,2024-03-16,2024-03-16,0,4911,517.54,2541638.94,Cancelled,6.59,Y
PO000993,SUP0092,PRD0060,PLT007,2021-05-10,2021,5,2021-05-31,2021-05-31,0,3902,1936.52,7556301.04,Delivered,4.06,Y
PO000994,SUP0099,PRD0028,PLT004,2022-12-16,2022,12,2023-01-10,2023-01-10,0,4615,249.24,1150242.6,In Transit,4.16,Y
PO000995,SUP0117,PRD0029,PLT005,2021-09-05,2021,9,2021-10-14,2021-10-14,0,327,95.98,31385.46,In Transit,8.0,Y
PO000996,SUP0117,PRD0048,PLT005,2021-11-10,2021,11,2021-12-19,2021-12-19,0,4590,1445.37,6634248.3,Delayed,2.5,Y
PO000997,SUP0010,PRD0055,PLT003,2023-02-19,2023,2,2023-03-08,2023-03-08,0,1893,1545.75,2926104.75,Delivered,4.38,Y
PO000998,SUP0100,PRD0060,PLT008,2024-03-16,2024,3,2024-03-24,2024-04-11,18,4373,1592.33,6963259.09,Partial,5.89,N
PO000999,SUP0063,PRD0007,PLT008,2021-06-21,2021,6,2021-08-01,2021-08-01,0,2082,183.38,381797.16,Cancelled,2.42,Y
PO001000,SUP0025,PRD0035,PLT008,2024-07-21,2024,7,2024-08-07,2024-08-07,0,4774,270.92,1293372.08,Partial,3.93,Y
PO001001,SUP0092,PRD0046,PLT007,2021-04-08,2021,4,2021-04-29,2021-04-29,0,3598,970.9,3493298.2,Delivered,1.32,Y
PO001002,SUP0105,PRD0043,PLT002,2024-11-09,2024,11,2024-12-20,2024-12-20,0,200,1202.95,240590.0,Delayed,5.47,Y
PO001003,SUP0056,PRD0051,PLT005,2022-12-04,2022,12,2023-01-04,2023-01-04,0,3201,875.6,2802795.6,In Transit,5.32,Y
PO001004,SUP0044,PRD0056,PLT004,2024-04-26,2024,4,2024-05-23,2024-06-12,20,2635,1282.22,3378649.7,In Transit,7.41,N
PO001005,SUP0065,PRD0051,PLT008,2023-06-21,2023,6,2023-06-30,2023-06-28,-2,2531,1586.13,4014495.03,Delayed,5.73,Y
PO001006,SUP0095,PRD0007,PLT006,2024-12-14,2024,12,2025-01-24,2025-01-24,0,1974,1549.4,3058515.6,Delayed,1.94,Y
PO001007,SUP0071,PRD0045,PLT001,2021-01-20,2021,1,2021-02-11,2021-02-11,0,1754,1411.83,2476349.82,Delivered,5.92,Y
PO001008,SUP0070,PRD0044,PLT002,2024-05-10,2024,5,2024-06-01,2024-06-01,0,2592,1595.35,4135147.2,Delivered,2.52,Y
PO001009,SUP0012,PRD0058,PLT008,2021-07-01,2021,7,2021-07-06,2021-07-06,0,1008,887.36,894458.88,Delivered,1.11,Y
PO001010,SUP0081,PRD0059,PLT003,2023-08-18,2023,8,2023-09-25,2023-09-30,5,4443,183.5,815290.5,Delayed,1.16,N
PO001011,SUP0098,PRD0054,PLT006,2024-02-22,2024,2,2024-04-02,2024-04-09,7,115,1035.33,119062.95,Cancelled,3.66,N
PO001012,SUP0078,PRD0027,PLT005,2024-07-04,2024,7,2024-07-08,2024-07-08,0,792,1139.62,902579.04,Cancelled,4.2,Y
PO001013,SUP0084,PRD0002,PLT005,2022-07-03,2022,7,2022-07-22,2022-07-22,0,4232,673.38,2849744.16,Delayed,6.69,Y
PO001014,SUP0030,PRD0048,PLT004,2024-06-25,2024,6,2024-08-05,2024-08-05,0,379,353.45,133957.55,Cancelled,2.83,Y
PO001015,SUP0019,PRD0024,PLT005,2024-09-17,2024,9,2024-10-09,2024-10-09,0,3983,1818.92,7244758.36,Partial,5.35,Y
PO001016,SUP0078,PRD0004,PLT006,2021-05-16,2021,5,2021-05-20,2021-05-20,0,4847,662.38,3210555.86,Cancelled,3.51,Y
PO001017,SUP0016,PRD0038,PLT007,2023-02-16,2023,2,2023-03-03,2023-03-03,0,4535,1700.55,7711994.25,Delayed,4.35,Y
PO001018,SUP0075,PRD0053,PLT001,2023-07-24,2023,7,2023-09-01,2023-09-20,19,205,1395.5,286077.5,Delivered,7.16,N
PO001019,SUP0080,PRD0009,PLT008,2023-06-07,2023,6,2023-06-27,2023-06-27,0,1708,1050.83,1794817.64,Partial,2.28,Y
PO001020,SUP0085,PRD0059,PLT008,2023-08-24,2023,8,2023-09-06,2023-09-06,0,1514,89.7,135805.8,Partial,6.18,Y
PO001021,SUP0017,PRD0053,PLT005,2023-10-18,2023,10,2023-11-22,2023-11-19,-3,2847,978.0,2784366.0,In Transit,0.6,Y
PO001022,SUP0039,PRD0034,PLT005,2022-12-28,2022,12,2023-02-02,2023-02-18,16,578,159.87,92404.86,In Transit,7.04,N
PO001023,SUP0079,PRD0032,PLT001,2023-02-17,2023,2,2023-03-12,2023-03-12,0,3461,70.23,243066.03,Partial,7.59,Y
PO001024,SUP0032,PRD0036,PLT001,2021-11-27,2021,11,2021-12-04,2021-12-01,-3,838,329.0,275702.0,Partial,5.06,Y
PO001025,SUP0039,PRD0021,PLT004,2023-01-02,2023,1,2023-02-07,2023-02-19,12,1954,822.76,1607673.04,In Transit,1.62,N
PO001026,SUP0100,PRD0041,PLT007,2023-01-05,2023,1,2023-01-13,2023-01-13,0,1355,1106.98,1499957.9,Cancelled,6.05,Y
PO001027,SUP0082,PRD0003,PLT001,2023-03-26,2023,3,2023-04-19,2023-04-19,0,2159,1546.37,3338612.83,Delivered,5.12,Y
PO001028,SUP0035,PRD0051,PLT008,2024-07-11,2024,7,2024-07-14,2024-07-14,0,3336,1543.22,5148181.92,Partial,1.24,Y
PO001029,SUP0020,PRD0032,PLT002,2021-11-26,2021,11,2021-12-11,2021-12-20,9,4170,395.4,1648818.0,Delivered,5.72,N
PO001030,SUP0024,PRD0044,PLT001,2021-09-21,2021,9,2021-09-24,2021-09-24,0,417,859.98,358611.66,Cancelled,3.92,Y
PO001031,SUP0104,PRD0056,PLT005,2022-02-27,2022,2,2022-03-07,2022-03-17,10,3184,1942.12,6183710.08,Delivered,3.55,N
PO001032,SUP0115,PRD0052,PLT007,2022-01-13,2022,1,2022-01-24,2022-01-24,0,1157,199.98,231376.86,Delivered,6.4,Y
PO001033,SUP0104,PRD0054,PLT008,2024-01-23,2024,1,2024-01-31,2024-01-31,0,2146,450.39,966536.94,Delivered,3.52,Y
PO001034,SUP0092,PRD0048,PLT001,2024-01-08,2024,1,2024-01-29,2024-01-25,-4,1262,494.98,624664.76,Delivered,5.75,Y
PO001035,SUP0017,PRD0054,PLT008,2023-06-26,2023,6,2023-07-31,2023-07-31,0,4944,419.38,2073414.72,Partial,2.26,Y
PO001036,SUP0114,PRD0021,PLT001,2024-10-04,2024,10,2024-10-28,2024-10-28,0,3069,478.62,1468884.78,Delayed,3.98,Y
PO001037,SUP0025,PRD0048,PLT008,2024-07-06,2024,7,2024-07-23,2024-07-23,0,438,436.16,191038.08,Delivered,2.7,Y
PO001038,SUP0007,PRD0044,PLT003,2024-04-19,2024,4,2024-05-16,2024-05-16,0,1879,1616.05,3036557.95,Delayed,7.51,Y
PO001039,SUP0018,PRD0023,PLT002,2021-02-27,2021,2,2021-03-18,2021-03-18,0,1751,1316.47,2305138.97,Delivered,4.8,Y
PO001040,SUP0054,PRD0007,PLT004,2024-01-03,2024,1,2024-02-01,2024-02-01,0,1616,1127.93,1822734.88,Delivered,6.47,Y
PO001041,SUP0106,PRD0040,PLT007,2024-10-11,2024,10,2024-11-02,2024-11-02,0,1982,168.5,333967.0,Delayed,0.37,Y
PO001042,SUP0030,PRD0057,PLT002,2022-07-19,2022,7,2022-08-29,2022-08-29,0,1706,1551.22,2646381.32,Cancelled,2.86,Y
PO001043,SUP0093,PRD0032,PLT002,2022-11-10,2022,11,2022-11-13,2022-11-13,0,4866,495.81,2412611.46,In Transit,0.73,Y
PO001044,SUP0094,PRD0056,PLT005,2021-12-16,2021,12,2022-01-11,2022-01-11,0,846,637.12,539003.52,In Transit,5.22,Y
PO001045,SUP0016,PRD0016,PLT006,2021-07-12,2021,7,2021-07-27,2021-07-26,-1,3864,1902.06,7349559.84,Partial,6.98,Y
PO001046,SUP0046,PRD0042,PLT001,2024-01-24,2024,1,2024-02-19,2024-03-10,20,2004,387.26,776069.04,In Transit,1.64,N
PO001047,SUP0064,PRD0014,PLT003,2021-01-20,2021,1,2021-02-01,2021-02-01,0,2110,216.46,456730.6,Cancelled,4.02,Y
PO001048,SUP0070,PRD0003,PLT002,2024-04-16,2024,4,2024-05-08,2024-05-08,0,3180,345.69,1099294.2,Delayed,3.93,Y
PO001049,SUP0069,PRD0007,PLT005,2024-10-03,2024,10,2024-11-17,2024-11-17,0,1039,1145.35,1190018.65,Cancelled,3.62,Y
PO001050,SUP0071,PRD0034,PLT002,2023-02-03,2023,2,2023-02-25,2023-02-25,0,1072,1259.73,1350430.56,Delivered,5.1,Y
PO001051,SUP0008,PRD0001,PLT002,2022-02-18,2022,2,2022-03-01,2022-03-01,0,4598,439.73,2021878.54,Partial,2.31,Y
PO001052,SUP0014,PRD0042,PLT003,2023-02-17,2023,2,2023-03-12,2023-03-12,0,2204,654.82,1443223.28,Delivered,0.11,Y
PO001053,SUP0016,PRD0030,PLT006,2024-12-28,2024,12,2025-01-12,2025-01-12,0,2494,1962.07,4893402.58,Delivered,5.13,Y
PO001054,SUP0092,PRD0038,PLT008,2023-07-09,2023,7,2023-07-30,2023-08-13,14,2932,918.31,2692484.92,Cancelled,0.81,N
PO001055,SUP0091,PRD0051,PLT003,2022-04-10,2022,4,2022-05-04,2022-05-04,0,992,799.36,792965.12,Partial,2.41,Y
PO001056,SUP0115,PRD0041,PLT002,2023-05-06,2023,5,2023-05-17,2023-05-17,0,1413,272.47,385000.11,Cancelled,7.51,Y
PO001057,SUP0098,PRD0029,PLT006,2022-05-18,2022,5,2022-06-27,2022-06-27,0,2401,1478.53,3549950.53,Partial,7.1,Y
PO001058,SUP0114,PRD0040,PLT002,2024-04-13,2024,4,2024-05-07,2024-05-07,0,1982,1893.97,3753848.54,Cancelled,3.16,Y
PO001059,SUP0038,PRD0039,PLT006,2023-05-11,2023,5,2023-05-20,2023-05-20,0,1504,1919.62,2887108.48,In Transit,2.69,Y
PO001060,SUP0040,PRD0027,PLT002,2023-08-20,2023,8,2023-09-07,2023-09-07,0,717,25.94,18598.98,Delivered,1.23,Y
PO001061,SUP0036,PRD0036,PLT006,2022-03-25,2022,3,2022-04-24,2022-04-24,0,2768,1976.9,5472059.2,Delivered,4.31,Y
PO001062,SUP0106,PRD0035,PLT003,2021-05-15,2021,5,2021-06-06,2021-06-06,0,3785,1060.94,4015657.9,Partial,3.13,Y
PO001063,SUP0098,PRD0047,PLT005,2022-12-05,2022,12,2023-01-14,2023-01-25,11,2021,1683.88,3403121.48,Delivered,0.19,N
PO001064,SUP0017,PRD0045,PLT006,2023-12-15,2023,12,2024-01-19,2024-01-19,0,2227,479.94,1068826.38,Delivered,1.18,Y
PO001065,SUP0098,PRD0052,PLT005,2023-04-01,2023,4,2023-05-11,2023-06-04,24,4849,1004.78,4872178.22,Partial,4.75,N
PO001066,SUP0028,PRD0048,PLT003,2023-12-07,2023,12,2024-01-18,2024-01-18,0,2340,409.48,958183.2,Delivered,6.03,Y
PO001067,SUP0031,PRD0025,PLT003,2024-07-10,2024,7,2024-08-07,2024-08-07,0,3361,887.69,2983526.09,In Transit,2.12,Y
PO001068,SUP0097,PRD0017,PLT008,2021-04-11,2021,4,2021-05-09,2021-05-09,0,4540,1825.69,8288632.6,Delayed,5.63,Y
PO001069,SUP0062,PRD0052,PLT001,2021-05-14,2021,5,2021-06-21,2021-06-21,0,1057,1813.63,1917006.91,In Transit,4.83,Y
PO001070,SUP0020,PRD0018,PLT003,2024-12-09,2024,12,2024-12-24,2024-12-23,-1,4456,1392.42,6204623.52,Partial,5.15,Y
PO001071,SUP0079,PRD0007,PLT008,2024-05-09,2024,5,2024-06-01,2024-06-20,19,785,1422.72,1116835.2,Cancelled,6.84,N
PO001072,SUP0118,PRD0052,PLT003,2023-07-13,2023,7,2023-08-12,2023-08-15,3,3612,873.49,3155045.88,Delivered,3.76,N
PO001073,SUP0102,PRD0044,PLT005,2024-04-17,2024,4,2024-05-08,2024-05-08,0,4791,145.69,698000.79,Delivered,5.2,Y
PO001074,SUP0075,PRD0015,PLT008,2023-07-02,2023,7,2023-08-10,2023-08-10,0,4227,1649.77,6973577.79,Delivered,0.33,Y
PO001075,SUP0119,PRD0027,PLT006,2023-10-26,2023,10,2023-12-05,2023-12-05,0,4547,539.95,2455152.65,In Transit,1.11,Y
PO001076,SUP0066,PRD0056,PLT005,2024-09-15,2024,9,2024-10-18,2024-10-18,0,4309,1588.37,6844286.33,Delivered,3.99,Y
PO001077,SUP0070,PRD0049,PLT003,2022-03-09,2022,3,2022-03-31,2022-03-31,0,3397,353.0,1199141.0,Partial,6.22,Y
PO001078,SUP0086,PRD0043,PLT005,2022-09-01,2022,9,2022-10-07,2022-10-07,0,1972,1907.15,3760899.8,Delayed,5.3,Y
PO001079,SUP0074,PRD0009,PLT005,2024-01-12,2024,1,2024-01-23,2024-02-12,20,990,1550.6,1535094.0,In Transit,1.0,N
PO001080,SUP0002,PRD0041,PLT005,2024-08-23,2024,8,2024-10-04,2024-10-10,6,559,571.84,319658.56,Delayed,3.46,N
PO001081,SUP0017,PRD0007,PLT008,2023-05-21,2023,5,2023-06-25,2023-06-25,0,1452,1531.56,2223825.12,Cancelled,0.52,Y
PO001082,SUP0047,PRD0020,PLT001,2023-09-02,2023,9,2023-09-22,2023-09-22,0,231,1982.43,457941.33,Partial,6.07,Y
PO001083,SUP0050,PRD0017,PLT004,2024-08-18,2024,8,2024-09-24,2024-09-24,0,1256,1953.64,2453771.84,In Transit,2.21,Y
PO001084,SUP0098,PRD0059,PLT004,2021-11-22,2021,11,2022-01-01,2022-01-01,0,3247,1748.03,5675853.41,Delayed,0.68,Y
PO001085,SUP0109,PRD0039,PLT008,2022-05-10,2022,5,2022-06-15,2022-06-30,15,3339,1413.47,4719576.33,Delivered,1.4,N
PO001086,SUP0054,PRD0045,PLT003,2022-05-11,2022,5,2022-06-09,2022-06-09,0,1188,1780.39,2115103.32,Delivered,0.05,Y
PO001087,SUP0060,PRD0017,PLT005,2022-06-19,2022,6,2022-07-04,2022-07-13,9,897,1335.04,1197530.88,Delivered,7.65,N
PO001088,SUP0026,PRD0037,PLT004,2022-01-05,2022,1,2022-01-25,2022-01-23,-2,668,1051.21,702208.28,Delayed,6.29,Y
PO001089,SUP0077,PRD0022,PLT005,2021-12-05,2021,12,2021-12-13,2022-01-02,20,3056,228.42,698051.52,Delivered,6.84,N
PO001090,SUP0120,PRD0058,PLT005,2024-07-06,2024,7,2024-08-14,2024-08-14,0,3270,303.43,992216.1,Delivered,1.69,Y
PO001091,SUP0044,PRD0060,PLT001,2022-06-23,2022,6,2022-07-20,2022-07-20,0,2860,103.01,294608.6,Partial,2.03,Y
PO001092,SUP0117,PRD0014,PLT007,2024-06-05,2024,6,2024-07-14,2024-07-14,0,1297,1699.88,2204744.36,Delivered,7.38,Y
PO001093,SUP0032,PRD0051,PLT004,2021-12-05,2021,12,2021-12-12,2021-12-12,0,1957,34.5,67516.5,Delayed,7.9,Y
PO001094,SUP0030,PRD0051,PLT005,2022-08-02,2022,8,2022-09-12,2022-09-12,0,3779,126.27,477174.33,Delivered,3.42,Y
PO001095,SUP0113,PRD0054,PLT003,2021-07-06,2021,7,2021-08-10,2021-08-10,0,196,1355.14,265607.44,Delayed,0.56,Y
PO001096,SUP0059,PRD0033,PLT004,2021-07-03,2021,7,2021-07-11,2021-07-16,5,4428,1276.29,5651412.12,Delivered,3.01,N
PO001097,SUP0006,PRD0040,PLT002,2022-09-07,2022,9,2022-09-11,2022-09-11,0,1792,1208.88,2166312.96,Delivered,1.05,Y
PO001098,SUP0055,PRD0022,PLT005,2024-07-27,2024,7,2024-09-06,2024-10-05,29,882,455.94,402139.08,Cancelled,1.25,N
PO001099,SUP0012,PRD0054,PLT008,2024-05-03,2024,5,2024-05-08,2024-05-08,0,2402,894.24,2147964.48,Delayed,7.33,Y
PO001100,SUP0045,PRD0010,PLT005,2024-05-26,2024,5,2024-06-12,2024-06-12,0,734,1736.6,1274664.4,Delayed,3.71,Y
PO001101,SUP0058,PRD0055,PLT001,2022-03-18,2022,3,2022-04-15,2022-05-13,28,4512,1611.88,7272802.56,Delivered,4.59,N
PO001102,SUP0033,PRD0055,PLT003,2024-10-21,2024,10,2024-12-02,2024-12-02,0,2651,706.71,1873488.21,In Transit,0.48,Y
PO001103,SUP0071,PRD0042,PLT007,2024-02-22,2024,2,2024-03-15,2024-03-15,0,2138,1633.02,3491396.76,Delivered,2.16,Y
PO001104,SUP0033,PRD0051,PLT002,2024-09-26,2024,9,2024-11-07,2024-11-07,0,4419,1140.68,5040664.92,Cancelled,5.63,Y
PO001105,SUP0048,PRD0049,PLT003,2022-11-12,2022,11,2022-12-04,2022-12-31,27,2044,737.71,1507879.24,Delivered,0.57,N
PO001106,SUP0044,PRD0015,PLT006,2023-07-23,2023,7,2023-08-19,2023-08-19,0,3480,730.37,2541687.6,Partial,1.1,Y
PO001107,SUP0004,PRD0012,PLT007,2022-04-27,2022,4,2022-06-04,2022-06-18,14,4431,1114.63,4938925.53,Cancelled,3.96,N
PO001108,SUP0019,PRD0028,PLT003,2023-11-13,2023,11,2023-12-05,2023-12-05,0,2599,831.69,2161562.31,Partial,5.01,Y
PO001109,SUP0045,PRD0008,PLT006,2024-11-11,2024,11,2024-11-28,2024-12-09,11,4520,1140.57,5155376.4,Partial,1.69,N
PO001110,SUP0037,PRD0003,PLT001,2022-06-10,2022,6,2022-07-04,2022-07-18,14,4992,926.54,4625287.68,In Transit,6.7,N
PO001111,SUP0101,PRD0045,PLT005,2022-04-23,2022,4,2022-06-04,2022-06-04,0,3153,1404.22,4427505.66,Delivered,4.13,Y
PO001112,SUP0072,PRD0028,PLT004,2022-05-25,2022,5,2022-06-19,2022-06-19,0,2666,1594.28,4250350.48,In Transit,2.87,Y
PO001113,SUP0080,PRD0019,PLT006,2023-11-10,2023,11,2023-11-30,2023-11-30,0,4647,708.54,3292585.38,Partial,2.03,Y
PO001114,SUP0103,PRD0028,PLT008,2022-11-20,2022,11,2022-11-25,2022-12-04,9,3743,1068.78,4000443.54,Delivered,4.42,N
PO001115,SUP0079,PRD0053,PLT007,2022-08-05,2022,8,2022-08-28,2022-08-28,0,1834,469.51,861081.34,In Transit,4.48,Y
PO001116,SUP0095,PRD0021,PLT007,2022-07-04,2022,7,2022-08-14,2022-09-09,26,2054,1075.45,2208974.3,Delayed,7.85,N
PO001117,SUP0106,PRD0026,PLT008,2024-04-01,2024,4,2024-04-23,2024-04-19,-4,4723,670.25,3165590.75,Delayed,7.45,Y
PO001118,SUP0030,PRD0045,PLT003,2023-01-05,2023,1,2023-02-15,2023-02-15,0,2717,904.98,2458830.66,Delivered,0.43,Y
PO001119,SUP0105,PRD0022,PLT005,2024-10-27,2024,10,2024-12-07,2024-12-19,12,4804,797.26,3830037.04,In Transit,7.55,N
PO001120,SUP0087,PRD0010,PLT001,2022-10-24,2022,10,2022-11-25,2022-11-25,0,3108,1061.39,3298800.12,Delivered,0.98,Y
PO001121,SUP0062,PRD0020,PLT002,2022-04-01,2022,4,2022-05-09,2022-05-09,0,286,1733.24,495706.64,Cancelled,7.16,Y
PO001122,SUP0008,PRD0035,PLT004,2023-05-05,2023,5,2023-05-16,2023-05-13,-3,3973,1576.23,6262361.79,Cancelled,1.05,Y
PO001123,SUP0029,PRD0034,PLT001,2022-01-16,2022,1,2022-01-28,2022-01-23,-5,3762,1752.66,6593506.92,In Transit,3.45,Y
PO001124,SUP0084,PRD0007,PLT007,2021-02-09,2021,2,2021-02-28,2021-02-28,0,3190,911.73,2908418.7,Delivered,0.17,Y
PO001125,SUP0108,PRD0021,PLT004,2021-03-13,2021,3,2021-03-23,2021-03-31,8,2902,1460.18,4237442.36,Cancelled,2.16,N
PO001126,SUP0092,PRD0050,PLT007,2021-01-16,2021,1,2021-02-06,2021-03-07,29,3738,693.04,2590583.52,Delivered,1.85,N
PO001127,SUP0027,PRD0003,PLT008,2022-03-02,2022,3,2022-03-12,2022-03-12,0,4707,1934.0,9103338.0,Delivered,1.32,Y
PO001128,SUP0015,PRD0024,PLT005,2022-05-23,2022,5,2022-07-03,2022-07-03,0,661,1872.86,1237960.46,Delivered,5.0,Y
PO001129,SUP0049,PRD0060,PLT005,2024-07-09,2024,7,2024-07-13,2024-07-12,-1,2236,1797.06,4018226.16,Delayed,1.92,Y
PO001130,SUP0098,PRD0041,PLT004,2021-04-07,2021,4,2021-05-17,2021-05-17,0,4322,1759.04,7602570.88,Delayed,5.46,Y
PO001131,SUP0043,PRD0009,PLT001,2022-07-08,2022,7,2022-07-23,2022-08-22,30,2084,858.37,1788843.08,Partial,4.49,N
PO001132,SUP0105,PRD0004,PLT003,2024-09-03,2024,9,2024-10-14,2024-10-14,0,1793,953.38,1709410.34,Partial,7.93,Y
PO001133,SUP0103,PRD0020,PLT005,2021-01-02,2021,1,2021-01-07,2021-01-07,0,658,1489.55,980123.9,Delivered,5.05,Y
PO001134,SUP0114,PRD0018,PLT002,2023-08-06,2023,8,2023-08-30,2023-08-30,0,3563,1239.37,4415875.31,In Transit,4.43,Y
PO001135,SUP0088,PRD0004,PLT004,2023-04-25,2023,4,2023-05-05,2023-05-05,0,1542,193.51,298392.42,In Transit,5.13,Y
PO001136,SUP0051,PRD0011,PLT008,2023-10-07,2023,10,2023-11-17,2023-11-17,0,679,845.7,574230.3,Delivered,5.79,Y
PO001137,SUP0061,PRD0042,PLT006,2022-02-04,2022,2,2022-03-20,2022-04-04,15,3215,1788.81,5751024.15,Delivered,3.33,N
PO001138,SUP0020,PRD0031,PLT004,2023-02-16,2023,2,2023-03-03,2023-03-03,0,3681,1827.18,6725849.58,Delivered,7.91,Y
PO001139,SUP0069,PRD0015,PLT007,2021-07-02,2021,7,2021-08-16,2021-08-16,0,232,880.27,204222.64,Delivered,7.34,Y
PO001140,SUP0013,PRD0020,PLT005,2021-06-04,2021,6,2021-06-27,2021-06-27,0,1967,124.61,245107.87,Cancelled,3.25,Y
PO001141,SUP0080,PRD0046,PLT007,2021-12-22,2021,12,2022-01-11,2022-01-11,0,3463,1375.75,4764222.25,Partial,4.78,Y
PO001142,SUP0099,PRD0020,PLT006,2023-10-26,2023,10,2023-11-20,2023-11-20,0,2280,1160.97,2647011.6,Partial,3.6,Y
PO001143,SUP0004,PRD0010,PLT002,2024-11-15,2024,11,2024-12-23,2025-01-19,27,4674,1383.41,6466058.34,Delivered,6.37,N
PO001144,SUP0052,PRD0042,PLT004,2024-09-24,2024,9,2024-11-08,2024-11-08,0,134,644.74,86395.16,Delivered,0.82,Y
PO001145,SUP0059,PRD0022,PLT008,2023-05-22,2023,5,2023-05-30,2023-06-17,18,2130,1744.37,3715508.1,Delayed,2.44,N
PO001146,SUP0037,PRD0016,PLT001,2024-01-24,2024,1,2024-02-17,2024-03-08,20,2746,1602.55,4400602.3,Cancelled,6.77,N
PO001147,SUP0052,PRD0054,PLT003,2023-07-27,2023,7,2023-09-10,2023-09-10,0,4617,300.1,1385561.7,Delivered,7.82,Y
PO001148,SUP0048,PRD0003,PLT007,2024-11-21,2024,11,2024-12-13,2024-12-13,0,491,13.28,6520.48,Delivered,4.25,Y
PO001149,SUP0101,PRD0027,PLT005,2024-05-04,2024,5,2024-06-15,2024-06-23,8,832,1433.5,1192672.0,Delivered,7.0,N
PO001150,SUP0057,PRD0017,PLT007,2022-05-07,2022,5,2022-06-11,2022-06-20,9,1662,1154.27,1918396.74,Delivered,1.81,N
PO001151,SUP0066,PRD0011,PLT002,2023-04-02,2023,4,2023-05-05,2023-05-05,0,1420,786.86,1117341.2,Partial,0.35,Y
PO001152,SUP0069,PRD0013,PLT001,2022-04-10,2022,4,2022-05-25,2022-05-25,0,2173,248.22,539382.06,Delivered,1.33,Y
PO001153,SUP0006,PRD0018,PLT008,2022-05-28,2022,5,2022-06-01,2022-06-25,24,794,1290.38,1024561.72,Delivered,2.44,N
PO001154,SUP0018,PRD0050,PLT007,2023-09-12,2023,9,2023-10-01,2023-10-01,0,1313,418.4,549359.2,Delivered,3.82,Y
PO001155,SUP0032,PRD0055,PLT006,2024-03-27,2024,3,2024-04-03,2024-04-03,0,4409,1866.38,8228869.42,Cancelled,0.78,Y
PO001156,SUP0102,PRD0038,PLT006,2021-11-10,2021,11,2021-12-01,2021-12-03,2,4494,736.41,3309426.54,Delivered,4.39,N
PO001157,SUP0073,PRD0033,PLT005,2022-05-02,2022,5,2022-06-03,2022-06-03,0,2345,313.87,736025.15,In Transit,1.49,Y
PO001158,SUP0078,PRD0008,PLT007,2023-09-18,2023,9,2023-09-22,2023-09-22,0,2227,461.48,1027715.96,Delivered,5.97,Y
PO001159,SUP0079,PRD0058,PLT002,2023-12-11,2023,12,2024-01-03,2024-01-14,11,2392,383.71,917834.32,In Transit,0.92,N
PO001160,SUP0103,PRD0048,PLT006,2023-06-19,2023,6,2023-06-24,2023-06-24,0,198,1660.44,328767.12,Delivered,1.0,Y
PO001161,SUP0043,PRD0060,PLT001,2023-03-11,2023,3,2023-03-26,2023-03-26,0,4521,1703.37,7700935.77,Delivered,1.17,Y
PO001162,SUP0016,PRD0008,PLT005,2024-11-17,2024,11,2024-12-02,2024-12-02,0,604,45.19,27294.76,Partial,5.77,Y
PO001163,SUP0089,PRD0034,PLT006,2022-11-26,2022,11,2022-12-15,2022-12-15,0,3791,806.05,3055735.55,Delivered,0.76,Y
PO001164,SUP0067,PRD0029,PLT002,2021-12-24,2021,12,2022-01-18,2022-01-18,0,4520,1460.07,6599516.4,Delivered,6.02,Y
PO001165,SUP0040,PRD0044,PLT004,2024-10-13,2024,10,2024-10-31,2024-11-17,17,3848,652.21,2509704.08,Delivered,3.09,N
PO001166,SUP0047,PRD0056,PLT008,2024-04-03,2024,4,2024-04-23,2024-04-23,0,2362,194.76,460023.12,Delivered,7.77,Y
PO001167,SUP0087,PRD0025,PLT007,2021-05-12,2021,5,2021-06-13,2021-07-13,30,2953,1191.86,3519562.58,Delivered,3.74,N
PO001168,SUP0027,PRD0042,PLT008,2023-02-25,2023,2,2023-03-07,2023-03-07,0,4282,1683.15,7207248.3,Partial,3.96,Y
PO001169,SUP0036,PRD0004,PLT005,2023-01-15,2023,1,2023-02-14,2023-02-14,0,4343,404.07,1754876.01,Partial,0.1,Y
PO001170,SUP0103,PRD0015,PLT007,2024-02-15,2024,2,2024-02-20,2024-02-20,0,3248,1809.87,5878457.76,Delivered,3.84,Y
PO001171,SUP0080,PRD0013,PLT001,2024-02-06,2024,2,2024-02-26,2024-03-05,8,2086,1818.28,3792932.08,Delivered,1.42,N
PO001172,SUP0034,PRD0059,PLT004,2022-11-27,2022,11,2022-12-14,2023-01-03,20,2429,1090.87,2649723.23,In Transit,3.73,N
PO001173,SUP0088,PRD0060,PLT002,2022-01-28,2022,1,2022-02-07,2022-02-07,0,4522,1510.41,6830074.02,Delayed,0.15,Y
PO001174,SUP0055,PRD0041,PLT001,2022-09-24,2022,9,2022-11-04,2022-11-19,15,3312,276.76,916629.12,Delivered,3.55,N
PO001175,SUP0064,PRD0002,PLT008,2023-11-11,2023,11,2023-11-23,2023-11-23,0,1564,80.58,126027.12,In Transit,4.17,Y
PO001176,SUP0104,PRD0059,PLT003,2023-02-16,2023,2,2023-02-24,2023-02-24,0,1576,1538.12,2424077.12,Delayed,6.01,Y
PO001177,SUP0037,PRD0054,PLT001,2024-05-28,2024,5,2024-06-21,2024-06-21,0,3130,303.22,949078.6,Cancelled,3.21,Y
PO001178,SUP0016,PRD0038,PLT007,2023-01-16,2023,1,2023-01-31,2023-01-29,-2,1977,493.49,975629.73,Cancelled,5.82,Y
PO001179,SUP0047,PRD0020,PLT002,2023-08-18,2023,8,2023-09-07,2023-09-07,0,1572,289.92,455754.24,Delivered,2.55,Y
PO001180,SUP0065,PRD0001,PLT005,2023-08-13,2023,8,2023-08-22,2023-08-22,0,2591,1357.7,3517800.7,Delivered,6.58,Y
PO001181,SUP0035,PRD0029,PLT001,2021-08-01,2021,8,2021-08-04,2021-08-04,0,2265,109.98,249104.7,Delivered,2.01,Y
PO001182,SUP0062,PRD0044,PLT007,2022-02-21,2022,2,2022-03-31,2022-03-31,0,2562,542.29,1389346.98,Cancelled,7.13,Y
PO001183,SUP0104,PRD0011,PLT008,2022-06-24,2022,6,2022-07-02,2022-07-15,13,4368,1599.32,6985829.76,In Transit,3.95,N
PO001184,SUP0097,PRD0051,PLT001,2024-04-15,2024,4,2024-05-13,2024-05-13,0,3647,179.25,653724.75,Partial,4.39,Y
PO001185,SUP0020,PRD0007,PLT002,2021-08-25,2021,8,2021-09-09,2021-09-09,0,4617,1984.96,9164560.32,Delivered,2.54,Y
PO001186,SUP0075,PRD0036,PLT008,2024-07-07,2024,7,2024-08-15,2024-08-17,2,896,1383.7,1239795.2,In Transit,4.76,N
PO001187,SUP0120,PRD0047,PLT006,2021-09-11,2021,9,2021-10-20,2021-10-20,0,3365,225.09,757427.85,Delivered,6.34,Y
PO001188,SUP0017,PRD0055,PLT007,2021-09-16,2021,9,2021-10-21,2021-10-21,0,2379,563.43,1340399.97,In Transit,5.95,Y
PO001189,SUP0028,PRD0031,PLT002,2022-01-16,2022,1,2022-02-27,2022-03-23,24,3045,1026.33,3125174.85,Delivered,1.11,N
PO001190,SUP0007,PRD0044,PLT006,2022-10-22,2022,10,2022-11-18,2022-11-18,0,3731,971.93,3626270.83,Delayed,1.69,Y
PO001191,SUP0053,PRD0020,PLT007,2021-01-09,2021,1,2021-02-08,2021-02-08,0,561,1504.48,844013.28,Cancelled,0.5,Y
PO001192,SUP0024,PRD0031,PLT007,2021-06-24,2021,6,2021-06-27,2021-06-27,0,1692,734.8,1243281.6,Partial,6.92,Y
PO001193,SUP0042,PRD0007,PLT003,2022-10-06,2022,10,2022-11-11,2022-11-11,0,2872,993.94,2854595.68,Delayed,7.22,Y
PO001194,SUP0028,PRD0026,PLT004,2024-11-23,2024,11,2025-01-04,2025-01-04,0,1612,485.04,781884.48,Delivered,0.07,Y
PO001195,SUP0089,PRD0031,PLT001,2022-02-13,2022,2,2022-03-04,2022-03-04,0,1547,1893.12,2928656.64,Delivered,4.24,Y
PO001196,SUP0048,PRD0025,PLT005,2023-02-06,2023,2,2023-02-28,2023-02-28,0,3399,648.61,2204625.39,Delivered,1.91,Y
PO001197,SUP0035,PRD0023,PLT004,2024-09-12,2024,9,2024-09-15,2024-09-15,0,2092,873.38,1827110.96,Delivered,1.25,Y
PO001198,SUP0063,PRD0050,PLT003,2022-02-02,2022,2,2022-03-15,2022-03-14,-1,408,150.9,61567.2,In Transit,5.34,Y
PO001199,SUP0109,PRD0046,PLT006,2024-02-04,2024,2,2024-03-11,2024-03-18,7,997,1412.01,1407773.97,Delivered,7.04,N
PO001200,SUP0102,PRD0053,PLT005,2024-12-17,2024,12,2025-01-07,2025-01-07,0,990,1589.84,1573941.6,Delivered,3.53,Y
PO001201,SUP0003,PRD0042,PLT007,2023-05-17,2023,5,2023-06-25,2023-07-16,21,4066,971.43,3949834.38,Partial,6.89,N
PO001202,SUP0006,PRD0026,PLT004,2024-05-16,2024,5,2024-05-20,2024-05-20,0,2301,914.13,2103413.13,Partial,6.04,Y
PO001203,SUP0078,PRD0015,PLT002,2024-12-22,2024,12,2024-12-26,2024-12-26,0,1505,145.07,218330.35,Delivered,2.66,Y
PO001204,SUP0050,PRD0047,PLT005,2023-05-11,2023,5,2023-06-17,2023-06-17,0,4121,1814.5,7477554.5,In Transit,7.63,Y
PO001205,SUP0090,PRD0012,PLT006,2024-01-26,2024,1,2024-02-11,2024-02-21,10,4951,1890.49,9359815.99,Cancelled,4.88,N
PO001206,SUP0077,PRD0036,PLT004,2022-12-09,2022,12,2022-12-17,2022-12-17,0,2764,1028.18,2841889.52,Partial,1.82,Y
PO001207,SUP0033,PRD0029,PLT007,2024-12-24,2024,12,2025-02-04,2025-02-02,-2,4894,1215.03,5946356.82,Delivered,6.68,Y
PO001208,SUP0026,PRD0059,PLT004,2021-02-21,2021,2,2021-03-13,2021-03-13,0,4243,144.83,614513.69,In Transit,5.33,Y
PO001209,SUP0024,PRD0053,PLT007,2021-01-22,2021,1,2021-01-25,2021-02-20,26,4173,1561.44,6515889.12,Delivered,5.95,N
PO001210,SUP0031,PRD0034,PLT006,2024-06-18,2024,6,2024-07-16,2024-07-16,0,351,1136.86,399037.86,Cancelled,7.86,Y
PO001211,SUP0111,PRD0044,PLT002,2022-11-14,2022,11,2022-12-25,2022-12-25,0,4938,302.71,1494781.98,Delivered,3.05,Y
PO001212,SUP0073,PRD0029,PLT002,2021-03-16,2021,3,2021-04-17,2021-05-11,24,929,1197.41,1112393.89,Delivered,2.68,N
PO001213,SUP0041,PRD0054,PLT002,2021-12-22,2021,12,2022-01-21,2022-01-21,0,2078,224.24,465970.72,In Transit,5.03,Y
PO001214,SUP0019,PRD0058,PLT002,2021-09-18,2021,9,2021-10-10,2021-10-11,1,287,623.64,178984.68,In Transit,2.59,N
PO001215,SUP0026,PRD0035,PLT008,2023-01-07,2023,1,2023-01-27,2023-01-27,0,372,1186.82,441497.04,Delayed,0.03,Y
PO001216,SUP0089,PRD0027,PLT007,2022-11-15,2022,11,2022-12-04,2022-12-04,0,3255,967.49,3149179.95,Delivered,0.22,Y
PO001217,SUP0116,PRD0036,PLT005,2023-10-21,2023,10,2023-10-25,2023-10-25,0,2554,175.08,447154.32,Partial,5.51,Y
PO001218,SUP0117,PRD0009,PLT001,2024-03-16,2024,3,2024-04-24,2024-05-09,15,1842,211.41,389417.22,Delivered,5.04,N
PO001219,SUP0035,PRD0014,PLT001,2021-01-06,2021,1,2021-01-09,2021-01-09,0,921,1444.96,1330808.16,In Transit,1.64,Y
PO001220,SUP0115,PRD0023,PLT006,2024-09-17,2024,9,2024-09-28,2024-09-25,-3,4620,1313.07,6066383.4,Delayed,5.73,Y
PO001221,SUP0003,PRD0029,PLT002,2022-06-05,2022,6,2022-07-14,2022-07-14,0,2350,695.41,1634213.5,Cancelled,3.62,Y
PO001222,SUP0044,PRD0012,PLT003,2023-09-23,2023,9,2023-10-20,2023-10-20,0,3480,1600.76,5570644.8,Delayed,1.3,Y
PO001223,SUP0078,PRD0051,PLT003,2023-01-26,2023,1,2023-01-30,2023-01-30,0,2089,513.0,1071657.0,In Transit,6.73,Y
PO001224,SUP0088,PRD0015,PLT007,2023-06-09,2023,6,2023-06-19,2023-07-15,26,755,1493.66,1127713.3,Delayed,5.5,N
PO001225,SUP0064,PRD0024,PLT006,2021-01-04,2021,1,2021-01-16,2021-01-11,-5,1969,844.93,1663667.17,Partial,4.04,Y
PO001226,SUP0055,PRD0025,PLT006,2024-06-20,2024,6,2024-07-31,2024-08-11,11,1564,1999.6,3127374.4,Delivered,6.4,N
PO001227,SUP0008,PRD0008,PLT001,2021-12-21,2021,12,2022-01-01,2022-01-01,0,2948,1826.95,5385848.6,Delivered,2.61,Y
PO001228,SUP0005,PRD0031,PLT004,2024-11-22,2024,11,2024-12-17,2024-12-17,0,1345,924.22,1243075.9,Delivered,2.91,Y
PO001229,SUP0060,PRD0041,PLT001,2024-01-23,2024,1,2024-02-07,2024-02-07,0,2337,1672.74,3909193.38,Delivered,7.91,Y
PO001230,SUP0059,PRD0030,PLT002,2022-07-14,2022,7,2022-07-22,2022-08-16,25,4495,1266.61,5693411.95,Delivered,7.91,N
PO001231,SUP0056,PRD0054,PLT001,2021-05-25,2021,5,2021-06-25,2021-06-20,-5,3582,1506.69,5396963.58,Delivered,5.1,Y
PO001232,SUP0047,PRD0003,PLT004,2021-03-12,2021,3,2021-04-01,2021-04-01,0,2764,867.65,2398184.6,In Transit,3.87,Y
PO001233,SUP0085,PRD0039,PLT003,2024-04-25,2024,4,2024-05-08,2024-05-08,0,1194,1446.05,1726583.7,In Transit,2.3,Y
PO001234,SUP0111,PRD0038,PLT002,2022-05-01,2022,5,2022-06-11,2022-06-11,0,688,1924.78,1324248.64,In Transit,3.78,Y
PO001235,SUP0086,PRD0026,PLT004,2024-01-06,2024,1,2024-02-11,2024-02-24,13,1450,610.2,884790.0,Delivered,7.47,N
PO001236,SUP0023,PRD0058,PLT001,2023-01-25,2023,1,2023-02-26,2023-03-03,5,4739,1336.96,6335853.44,Delivered,2.2,N
PO001237,SUP0049,PRD0013,PLT001,2021-08-17,2021,8,2021-08-21,2021-08-21,0,4202,1844.68,7751345.36,Cancelled,4.14,Y
PO001238,SUP0099,PRD0052,PLT003,2023-04-26,2023,4,2023-05-21,2023-05-21,0,2719,96.2,261567.8,Delivered,7.91,Y
PO001239,SUP0062,PRD0002,PLT002,2021-11-26,2021,11,2022-01-03,2022-01-03,0,2848,1544.75,4399448.0,In Transit,7.17,Y
PO001240,SUP0012,PRD0028,PLT008,2023-12-02,2023,12,2023-12-07,2023-12-28,21,2794,1453.25,4060380.5,Delivered,7.53,N
PO001241,SUP0103,PRD0036,PLT004,2024-02-05,2024,2,2024-02-10,2024-02-10,0,1394,772.79,1077269.26,Delivered,4.5,Y
PO001242,SUP0033,PRD0021,PLT002,2021-06-24,2021,6,2021-08-05,2021-08-14,9,4122,492.34,2029425.48,Cancelled,4.86,N
PO001243,SUP0055,PRD0034,PLT005,2023-11-23,2023,11,2024-01-03,2024-01-03,0,615,1835.83,1129035.45,In Transit,7.95,Y
PO001244,SUP0088,PRD0046,PLT002,2021-09-23,2021,9,2021-10-03,2021-10-03,0,3532,1071.26,3783690.32,Delivered,5.15,Y
PO001245,SUP0025,PRD0032,PLT003,2023-02-15,2023,2,2023-03-04,2023-03-04,0,1138,1752.75,1994629.5,In Transit,1.14,Y
PO001246,SUP0020,PRD0019,PLT008,2022-10-23,2022,10,2022-11-07,2022-11-07,0,2189,1183.51,2590703.39,Delayed,3.53,Y
PO001247,SUP0097,PRD0006,PLT007,2021-06-11,2021,6,2021-07-09,2021-07-10,1,1996,1272.03,2538971.88,Delivered,5.44,N
PO001248,SUP0038,PRD0021,PLT007,2021-01-21,2021,1,2021-01-30,2021-01-30,0,1423,1627.98,2316615.54,In Transit,4.71,Y
PO001249,SUP0026,PRD0001,PLT004,2023-03-26,2023,3,2023-04-15,2023-04-15,0,1004,522.14,524228.56,Delivered,2.14,Y
PO001250,SUP0023,PRD0003,PLT007,2024-11-09,2024,11,2024-12-11,2024-12-11,0,1781,758.94,1351672.14,Delivered,0.5,Y
PO001251,SUP0114,PRD0034,PLT001,2021-11-22,2021,11,2021-12-16,2021-12-16,0,4813,14.18,68248.34,In Transit,3.02,Y
PO001252,SUP0095,PRD0030,PLT001,2024-06-16,2024,6,2024-07-27,2024-08-14,18,3204,310.18,993816.72,Cancelled,1.32,N
PO001253,SUP0005,PRD0012,PLT007,2022-03-16,2022,3,2022-04-10,2022-04-12,2,2771,337.67,935683.57,In Transit,6.72,N
PO001254,SUP0021,PRD0024,PLT004,2024-12-15,2024,12,2025-01-11,2025-01-15,4,2605,1614.13,4204808.65,Partial,4.88,N
PO001255,SUP0100,PRD0022,PLT006,2022-07-23,2022,7,2022-07-31,2022-07-31,0,581,686.06,398600.86,Delayed,6.21,Y
PO001256,SUP0034,PRD0023,PLT005,2024-03-23,2024,3,2024-04-09,2024-04-09,0,105,469.49,49296.45,Delivered,5.26,Y
PO001257,SUP0038,PRD0027,PLT001,2024-07-11,2024,7,2024-07-20,2024-07-20,0,2138,1270.59,2716521.42,Delivered,4.76,Y
PO001258,SUP0114,PRD0051,PLT002,2024-03-26,2024,3,2024-04-19,2024-04-19,0,286,377.29,107904.94,Partial,4.19,Y
PO001259,SUP0115,PRD0040,PLT003,2023-01-16,2023,1,2023-01-27,2023-02-22,26,3473,922.1,3202453.3,Delivered,0.07,N
PO001260,SUP0030,PRD0031,PLT008,2022-07-09,2022,7,2022-08-19,2022-08-25,6,2182,1959.62,4275890.84,Delivered,1.3,N
PO001261,SUP0036,PRD0055,PLT006,2022-09-02,2022,9,2022-10-02,2022-10-15,13,2409,811.1,1953939.9,Delivered,5.77,N
PO001262,SUP0111,PRD0014,PLT003,2024-08-18,2024,8,2024-09-28,2024-09-28,0,1862,941.33,1752756.46,Cancelled,5.64,Y
PO001263,SUP0091,PRD0033,PLT003,2021-07-02,2021,7,2021-07-26,2021-08-09,14,2045,201.44,411944.8,Delivered,2.48,N
PO001264,SUP0064,PRD0056,PLT002,2023-11-14,2023,11,2023-11-26,2023-12-26,30,1507,1760.86,2653616.02,Delivered,3.31,N
PO001265,SUP0059,PRD0016,PLT001,2024-10-05,2024,10,2024-10-13,2024-10-13,0,3132,1733.94,5430700.08,Delivered,2.75,Y
PO001266,SUP0015,PRD0041,PLT003,2023-05-05,2023,5,2023-06-15,2023-06-25,10,414,1713.15,709244.1,In Transit,3.4,N
PO001267,SUP0043,PRD0001,PLT004,2024-02-13,2024,2,2024-02-28,2024-02-28,0,4889,427.97,2092345.33,Delivered,0.49,Y
PO001268,SUP0107,PRD0046,PLT008,2022-07-07,2022,7,2022-08-20,2022-08-20,0,275,1596.14,438938.5,Cancelled,2.39,Y
PO001269,SUP0009,PRD0027,PLT006,2023-12-13,2023,12,2023-12-23,2024-01-01,9,3984,1425.47,5679072.48,Delayed,6.65,N
PO001270,SUP0065,PRD0043,PLT004,2023-04-14,2023,4,2023-04-23,2023-04-23,0,4324,837.46,3621177.04,Partial,6.35,Y
PO001271,SUP0003,PRD0023,PLT006,2021-06-25,2021,6,2021-08-03,2021-08-19,16,1561,290.68,453751.48,Partial,4.07,N
PO001272,SUP0025,PRD0043,PLT005,2024-08-25,2024,8,2024-09-11,2024-09-06,-5,4270,1581.54,6753175.8,Delivered,1.9,Y
PO001273,SUP0011,PRD0005,PLT005,2024-07-08,2024,7,2024-08-01,2024-08-18,17,3657,1469.03,5372242.71,Partial,0.11,N
PO001274,SUP0076,PRD0054,PLT005,2022-05-22,2022,5,2022-05-27,2022-05-27,0,1632,1790.21,2921622.72,Delivered,2.71,Y
PO001275,SUP0039,PRD0035,PLT002,2022-12-11,2022,12,2023-01-16,2023-01-16,0,4826,361.96,1746818.96,Delivered,4.42,Y
PO001276,SUP0061,PRD0044,PLT001,2023-05-21,2023,5,2023-07-04,2023-07-04,0,4014,1086.16,4359846.24,Delivered,3.42,Y
PO001277,SUP0063,PRD0027,PLT001,2024-03-26,2024,3,2024-05-06,2024-06-05,30,1276,1988.7,2537581.2,Delayed,0.3,N
PO001278,SUP0093,PRD0017,PLT004,2022-01-06,2022,1,2022-01-09,2022-01-15,6,4497,792.12,3562163.64,Delivered,1.9,N
PO001279,SUP0015,PRD0050,PLT005,2024-12-18,2024,12,2025-01-28,2025-01-28,0,3975,699.83,2781824.25,In Transit,7.11,Y
PO001280,SUP0058,PRD0031,PLT002,2021-05-01,2021,5,2021-05-29,2021-05-29,0,1295,575.45,745207.75,Delivered,7.7,Y
PO001281,SUP0095,PRD0005,PLT006,2023-05-14,2023,5,2023-06-24,2023-06-24,0,2132,462.98,987073.36,In Transit,2.04,Y
PO001282,SUP0083,PRD0031,PLT002,2021-07-08,2021,7,2021-07-25,2021-08-02,8,4580,1349.56,6180984.8,Delivered,1.49,N
PO001283,SUP0041,PRD0006,PLT005,2024-11-10,2024,11,2024-12-10,2024-12-10,0,191,628.99,120137.09,In Transit,4.14,Y
PO001284,SUP0062,PRD0011,PLT003,2024-10-19,2024,10,2024-11-26,2024-12-13,17,4042,1027.75,4154165.5,Delivered,2.93,N
PO001285,SUP0028,PRD0039,PLT008,2021-07-26,2021,7,2021-09-06,2021-10-01,25,580,1395.17,809198.6,Delivered,6.98,N
PO001286,SUP0041,PRD0031,PLT004,2023-05-09,2023,5,2023-06-08,2023-06-13,5,496,1471.33,729779.68,Partial,1.58,N
PO001287,SUP0001,PRD0021,PLT008,2024-01-02,2024,1,2024-01-13,2024-01-17,4,966,1631.99,1576502.34,Delivered,3.52,N
PO001288,SUP0006,PRD0038,PLT002,2024-01-22,2024,1,2024-01-26,2024-01-28,2,1103,634.34,699677.02,Delayed,1.1,N
PO001289,SUP0079,PRD0012,PLT004,2021-07-10,2021,7,2021-08-02,2021-08-27,25,692,1562.85,1081492.2,Delivered,2.74,N
PO001290,SUP0119,PRD0020,PLT008,2023-04-09,2023,4,2023-05-19,2023-05-19,0,4932,1791.53,8835825.96,In Transit,2.41,Y
PO001291,SUP0032,PRD0045,PLT008,2024-12-15,2024,12,2024-12-22,2024-12-22,0,4573,1680.22,7683646.06,Cancelled,5.86,Y
PO001292,SUP0042,PRD0057,PLT003,2022-04-19,2022,4,2022-05-25,2022-05-25,0,437,593.46,259342.02,Delayed,2.83,Y
PO001293,SUP0060,PRD0031,PLT002,2023-09-10,2023,9,2023-09-25,2023-09-25,0,4874,1047.74,5106684.76,Delivered,6.74,Y
PO001294,SUP0083,PRD0047,PLT008,2023-03-20,2023,3,2023-04-06,2023-04-14,8,3743,1348.38,5046986.34,Delayed,3.23,N
PO001295,SUP0104,PRD0032,PLT006,2022-12-22,2022,12,2022-12-30,2023-01-08,9,1579,1317.45,2080253.55,Delivered,6.24,N
PO001296,SUP0091,PRD0041,PLT003,2024-02-16,2024,2,2024-03-11,2024-03-11,0,2964,644.47,1910209.08,In Transit,5.91,Y
PO001297,SUP0078,PRD0053,PLT004,2021-04-18,2021,4,2021-04-22,2021-04-22,0,4887,1396.44,6824402.28,Delayed,6.48,Y
PO001298,SUP0051,PRD0014,PLT005,2023-09-20,2023,9,2023-10-31,2023-10-31,0,1785,349.32,623536.2,In Transit,2.13,Y
PO001299,SUP0079,PRD0033,PLT004,2024-10-21,2024,10,2024-11-13,2024-11-13,0,3625,1756.68,6367965.0,Partial,2.07,Y
PO001300,SUP0069,PRD0048,PLT008,2024-07-11,2024,7,2024-08-25,2024-08-25,0,4287,233.09,999256.83,Partial,4.62,Y
PO001301,SUP0033,PRD0002,PLT003,2024-08-01,2024,8,2024-09-12,2024-10-05,23,2171,1882.19,4086234.49,Delayed,5.12,N
PO001302,SUP0028,PRD0009,PLT006,2021-03-20,2021,3,2021-05-01,2021-05-01,0,4265,1826.28,7789084.2,In Transit,3.01,Y
PO001303,SUP0036,PRD0038,PLT003,2023-01-25,2023,1,2023-02-24,2023-02-24,0,2666,1505.53,4013742.98,Delivered,2.32,Y
PO001304,SUP0030,PRD0045,PLT006,2024-06-06,2024,6,2024-07-17,2024-07-17,0,1436,1391.46,1998136.56,Cancelled,4.13,Y
PO001305,SUP0025,PRD0006,PLT008,2022-12-18,2022,12,2023-01-04,2023-01-04,0,4876,252.86,1232945.36,Delivered,3.74,Y
PO001306,SUP0054,PRD0046,PLT004,2021-08-07,2021,8,2021-09-05,2021-09-05,0,1606,1318.66,2117767.96,Delayed,6.32,Y
PO001307,SUP0102,PRD0027,PLT001,2024-08-22,2024,8,2024-09-12,2024-09-12,0,4269,1991.49,8501670.81,Delivered,7.19,Y
PO001308,SUP0073,PRD0045,PLT007,2022-11-19,2022,11,2022-12-21,2023-01-16,26,3643,1490.13,5428543.59,Delivered,4.19,N
PO001309,SUP0020,PRD0055,PLT006,2022-08-11,2022,8,2022-08-26,2022-09-03,8,1187,186.18,220995.66,Delivered,3.79,N
PO001310,SUP0102,PRD0048,PLT008,2024-10-08,2024,10,2024-10-29,2024-10-29,0,3474,1437.03,4992242.22,Delivered,0.85,Y
PO001311,SUP0091,PRD0036,PLT002,2023-11-15,2023,11,2023-12-09,2023-12-12,3,3344,1707.02,5708274.88,Cancelled,1.28,N
PO001312,SUP0077,PRD0043,PLT003,2023-11-01,2023,11,2023-11-09,2023-11-15,6,2880,536.21,1544284.8,Partial,7.36,N
PO001313,SUP0055,PRD0049,PLT003,2021-01-13,2021,1,2021-02-23,2021-03-22,27,3825,1598.23,6113229.75,Cancelled,7.02,N
PO001314,SUP0021,PRD0031,PLT005,2021-10-28,2021,10,2021-11-24,2021-12-18,24,2674,1396.85,3735176.9,Delayed,5.28,N
PO001315,SUP0115,PRD0004,PLT008,2022-06-12,2022,6,2022-06-23,2022-06-23,0,426,1954.99,832825.74,Delayed,6.79,Y
PO001316,SUP0113,PRD0018,PLT002,2021-05-25,2021,5,2021-06-29,2021-06-29,0,3626,1764.2,6396989.2,Delivered,1.45,Y
PO001317,SUP0105,PRD0043,PLT008,2022-06-10,2022,6,2022-07-21,2022-07-21,0,3231,116.64,376863.84,In Transit,7.31,Y
PO001318,SUP0118,PRD0019,PLT007,2021-08-09,2021,8,2021-09-08,2021-09-08,0,3976,469.18,1865459.68,Partial,7.14,Y
PO001319,SUP0009,PRD0014,PLT006,2023-01-08,2023,1,2023-01-18,2023-01-18,0,4257,12.56,53467.92,Cancelled,6.51,Y
PO001320,SUP0090,PRD0027,PLT004,2024-11-14,2024,11,2024-11-30,2024-11-30,0,426,1121.41,477720.66,Delivered,3.38,Y
PO001321,SUP0045,PRD0022,PLT006,2024-11-21,2024,11,2024-12-08,2024-12-08,0,3014,398.73,1201772.22,Cancelled,1.71,Y
PO001322,SUP0006,PRD0033,PLT003,2024-11-12,2024,11,2024-11-16,2024-11-16,0,3845,1109.18,4264797.1,Delivered,2.51,Y
PO001323,SUP0104,PRD0041,PLT005,2022-06-10,2022,6,2022-06-18,2022-06-18,0,4602,488.17,2246558.34,Partial,5.45,Y
PO001324,SUP0043,PRD0024,PLT007,2023-08-26,2023,8,2023-09-10,2023-09-10,0,2475,1547.49,3830037.75,In Transit,0.75,Y
PO001325,SUP0090,PRD0032,PLT008,2024-05-03,2024,5,2024-05-19,2024-05-19,0,1131,1118.4,1264910.4,Delivered,1.29,Y
PO001326,SUP0039,PRD0056,PLT003,2024-05-03,2024,5,2024-06-08,2024-06-08,0,2861,77.92,222929.12,Delivered,6.38,Y
PO001327,SUP0082,PRD0007,PLT001,2021-08-22,2021,8,2021-09-15,2021-10-06,21,392,692.39,271416.88,Delivered,6.05,N
PO001328,SUP0072,PRD0025,PLT001,2024-04-11,2024,4,2024-05-06,2024-05-06,0,1556,444.54,691704.24,Delayed,2.25,Y
PO001329,SUP0040,PRD0048,PLT007,2023-07-03,2023,7,2023-07-21,2023-07-21,0,4782,549.85,2629382.7,Delayed,0.23,Y
PO001330,SUP0012,PRD0010,PLT001,2021-04-24,2021,4,2021-04-29,2021-04-29,0,2705,1127.74,3050536.7,In Transit,7.02,Y
PO001331,SUP0039,PRD0016,PLT005,2022-02-11,2022,2,2022-03-19,2022-03-19,0,3028,66.82,202330.96,Delayed,7.11,Y
PO001332,SUP0080,PRD0048,PLT003,2021-07-25,2021,7,2021-08-14,2021-08-14,0,2466,758.04,1869326.64,Delivered,2.84,Y
PO001333,SUP0002,PRD0016,PLT005,2024-03-02,2024,3,2024-04-13,2024-04-15,2,567,1967.09,1115340.03,Cancelled,5.99,N
PO001334,SUP0035,PRD0053,PLT008,2024-05-14,2024,5,2024-05-17,2024-05-17,0,1423,598.23,851281.29,Delivered,6.5,Y
PO001335,SUP0039,PRD0039,PLT003,2022-09-04,2022,9,2022-10-10,2022-10-10,0,3448,1612.04,5558313.92,Delivered,3.98,Y
PO001336,SUP0091,PRD0045,PLT007,2023-11-12,2023,11,2023-12-06,2023-12-06,0,4157,1103.82,4588579.74,Delivered,0.8,Y
PO001337,SUP0072,PRD0032,PLT008,2021-02-06,2021,2,2021-03-03,2021-03-03,0,1893,1530.36,2896971.48,Delivered,4.86,Y
PO001338,SUP0110,PRD0027,PLT008,2024-10-06,2024,10,2024-10-25,2024-10-25,0,477,449.43,214378.11,Partial,1.54,Y
PO001339,SUP0056,PRD0024,PLT003,2024-10-04,2024,10,2024-11-04,2024-11-04,0,4417,1273.74,5626109.58,Cancelled,6.4,Y
PO001340,SUP0009,PRD0051,PLT002,2021-10-07,2021,10,2021-10-17,2021-10-28,11,1573,1656.9,2606303.7,Cancelled,6.21,N
PO001341,SUP0066,PRD0058,PLT008,2022-08-06,2022,8,2022-09-08,2022-09-08,0,1338,626.76,838604.88,Delivered,3.52,Y
PO001342,SUP0022,PRD0053,PLT001,2023-12-12,2023,12,2024-01-08,2024-01-08,0,3536,451.39,1596115.04,Delayed,1.03,Y
PO001343,SUP0110,PRD0047,PLT006,2022-06-28,2022,6,2022-07-17,2022-07-17,0,434,1582.12,686640.08,Delayed,2.05,Y
PO001344,SUP0040,PRD0050,PLT004,2024-01-04,2024,1,2024-01-22,2024-01-22,0,1595,1322.68,2109674.6,Delivered,5.33,Y
PO001345,SUP0017,PRD0060,PLT001,2023-10-19,2023,10,2023-11-23,2023-11-23,0,2438,930.11,2267608.18,Delivered,0.46,Y
PO001346,SUP0037,PRD0019,PLT006,2024-09-20,2024,9,2024-10-14,2024-10-15,1,1315,760.83,1000491.45,In Transit,3.2,N
PO001347,SUP0044,PRD0027,PLT002,2024-02-28,2024,2,2024-03-26,2024-03-26,0,4334,1996.59,8653221.06,Partial,5.72,Y
PO001348,SUP0097,PRD0055,PLT001,2023-08-14,2023,8,2023-09-11,2023-10-01,20,2780,38.96,108308.8,Delivered,1.04,N
PO001349,SUP0119,PRD0036,PLT003,2023-08-06,2023,8,2023-09-15,2023-09-11,-4,4011,826.24,3314048.64,Delivered,7.89,Y
PO001350,SUP0102,PRD0040,PLT008,2024-04-08,2024,4,2024-04-29,2024-04-29,0,1232,322.2,396950.4,Delivered,6.73,Y
PO001351,SUP0014,PRD0018,PLT005,2021-03-13,2021,3,2021-04-05,2021-04-05,0,3368,22.03,74197.04,Partial,3.33,Y
PO001352,SUP0080,PRD0010,PLT003,2022-06-24,2022,6,2022-07-14,2022-07-14,0,2586,1768.65,4573728.9,Delivered,6.63,Y
PO001353,SUP0063,PRD0042,PLT008,2021-02-14,2021,2,2021-03-27,2021-03-27,0,186,1569.15,291861.9,Delivered,1.12,Y
PO001354,SUP0041,PRD0014,PLT005,2024-04-14,2024,4,2024-05-14,2024-05-13,-1,163,1394.02,227225.26,Delivered,5.62,Y
PO001355,SUP0074,PRD0037,PLT002,2024-12-14,2024,12,2024-12-25,2024-12-25,0,2623,776.35,2036366.05,Delivered,5.62,Y
PO001356,SUP0057,PRD0025,PLT002,2022-07-26,2022,7,2022-08-30,2022-08-30,0,2813,480.8,1352490.4,Delayed,1.07,Y
PO001357,SUP0075,PRD0021,PLT007,2021-07-20,2021,7,2021-08-28,2021-08-28,0,4456,1684.07,7504215.92,Partial,4.75,Y
PO001358,SUP0099,PRD0038,PLT001,2024-10-18,2024,10,2024-11-12,2024-11-26,14,104,37.06,3854.24,Cancelled,6.0,N
PO001359,SUP0111,PRD0020,PLT007,2022-03-23,2022,3,2022-05-03,2022-05-18,15,4658,1902.45,8861612.1,Partial,3.49,N
PO001360,SUP0068,PRD0025,PLT002,2022-04-28,2022,4,2022-05-08,2022-05-08,0,4370,1225.61,5355915.7,Cancelled,3.47,Y
PO001361,SUP0113,PRD0045,PLT004,2022-11-11,2022,11,2022-12-16,2022-12-13,-3,1151,1007.5,1159632.5,Delivered,3.62,Y
PO001362,SUP0013,PRD0055,PLT006,2023-05-08,2023,5,2023-05-31,2023-05-31,0,4483,512.19,2296147.77,Delivered,3.99,Y
PO001363,SUP0005,PRD0001,PLT006,2023-02-26,2023,2,2023-03-23,2023-03-23,0,3734,1989.16,7427523.44,Delayed,1.43,Y
PO001364,SUP0047,PRD0052,PLT002,2023-02-28,2023,2,2023-03-20,2023-03-20,0,3188,942.51,3004721.88,Cancelled,0.21,Y
PO001365,SUP0026,PRD0004,PLT003,2024-04-11,2024,4,2024-05-01,2024-05-01,0,1758,1737.78,3055017.24,Partial,6.99,Y
PO001366,SUP0119,PRD0010,PLT008,2024-11-22,2024,11,2025-01-01,2025-01-27,26,861,609.59,524856.99,Delivered,0.95,N
PO001367,SUP0015,PRD0034,PLT002,2023-06-20,2023,6,2023-07-31,2023-07-31,0,875,138.2,120925.0,Delivered,5.4,Y
PO001368,SUP0031,PRD0017,PLT005,2022-09-09,2022,9,2022-10-07,2022-10-07,0,140,1891.33,264786.2,Cancelled,4.72,Y
PO001369,SUP0096,PRD0002,PLT008,2022-03-25,2022,3,2022-04-04,2022-04-04,0,4203,842.6,3541447.8,Partial,7.45,Y
PO001370,SUP0065,PRD0022,PLT007,2022-08-06,2022,8,2022-08-15,2022-08-19,4,935,1136.52,1062646.2,Delivered,2.49,N
PO001371,SUP0071,PRD0029,PLT006,2024-06-28,2024,6,2024-07-20,2024-07-20,0,4727,30.1,142282.7,Delivered,3.16,Y
PO001372,SUP0001,PRD0022,PLT002,2024-01-22,2024,1,2024-02-02,2024-02-16,14,4670,1196.18,5586160.6,In Transit,1.16,N
PO001373,SUP0035,PRD0056,PLT006,2022-01-26,2022,1,2022-01-29,2022-01-29,0,2272,746.74,1696593.28,Cancelled,5.12,Y
PO001374,SUP0038,PRD0017,PLT007,2024-10-05,2024,10,2024-10-14,2024-10-14,0,3731,1352.36,5045655.16,Delayed,6.58,Y
PO001375,SUP0063,PRD0055,PLT001,2024-03-15,2024,3,2024-04-25,2024-04-25,0,522,484.06,252679.32,Cancelled,1.8,Y
PO001376,SUP0098,PRD0038,PLT001,2021-02-11,2021,2,2021-03-23,2021-03-23,0,4908,565.19,2773952.52,Delivered,4.02,Y
PO001377,SUP0086,PRD0001,PLT008,2022-01-16,2022,1,2022-02-21,2022-03-14,21,2283,826.09,1885963.47,Delayed,2.87,N
PO001378,SUP0020,PRD0040,PLT007,2021-08-18,2021,8,2021-09-02,2021-09-21,19,3747,215.1,805979.7,In Transit,1.73,N
PO001379,SUP0067,PRD0039,PLT002,2024-07-03,2024,7,2024-07-28,2024-07-28,0,4702,585.12,2751234.24,In Transit,4.15,Y
PO001380,SUP0043,PRD0029,PLT004,2024-09-11,2024,9,2024-09-26,2024-09-26,0,4814,1101.5,5302621.0,Partial,1.77,Y
PO001381,SUP0101,PRD0008,PLT001,2023-01-05,2023,1,2023-02-16,2023-02-22,6,4117,1947.97,8019792.49,Cancelled,6.2,N
PO001382,SUP0117,PRD0004,PLT007,2024-10-27,2024,10,2024-12-05,2024-12-05,0,4958,1868.13,9262188.54,Delayed,2.31,Y
PO001383,SUP0073,PRD0055,PLT004,2024-06-09,2024,6,2024-07-11,2024-07-11,0,1473,180.24,265493.52,Delayed,0.69,Y
PO001384,SUP0096,PRD0003,PLT003,2023-08-07,2023,8,2023-08-17,2023-08-17,0,1937,1065.08,2063059.96,Delivered,3.99,Y
PO001385,SUP0066,PRD0027,PLT005,2024-07-22,2024,7,2024-08-24,2024-09-11,18,774,101.94,78901.56,Delayed,0.95,N
PO001386,SUP0102,PRD0030,PLT002,2021-01-19,2021,1,2021-02-09,2021-02-09,0,4464,626.44,2796428.16,Cancelled,6.19,Y
PO001387,SUP0039,PRD0031,PLT004,2022-12-05,2022,12,2023-01-10,2023-01-10,0,3207,793.52,2544818.64,Delivered,5.56,Y
PO001388,SUP0030,PRD0022,PLT001,2024-02-08,2024,2,2024-03-20,2024-04-07,18,2033,269.95,548808.35,Delivered,3.01,N
PO001389,SUP0076,PRD0012,PLT003,2021-02-12,2021,2,2021-02-17,2021-02-17,0,1087,817.45,888568.15,In Transit,0.6,Y
PO001390,SUP0027,PRD0042,PLT003,2023-01-10,2023,1,2023-01-20,2023-01-20,0,4214,377.44,1590532.16,Delayed,3.87,Y
PO001391,SUP0038,PRD0044,PLT004,2023-10-03,2023,10,2023-10-12,2023-10-24,12,4745,1280.33,6075165.85,Delivered,0.07,N
PO001392,SUP0059,PRD0022,PLT004,2023-01-24,2023,1,2023-02-01,2023-02-01,0,1737,1004.86,1745441.82,In Transit,2.81,Y
PO001393,SUP0097,PRD0027,PLT003,2023-01-27,2023,1,2023-02-24,2023-02-24,0,3179,1316.25,4184358.75,Delivered,4.1,Y
PO001394,SUP0119,PRD0029,PLT005,2023-11-22,2023,11,2024-01-01,2024-01-01,0,4064,541.83,2201997.12,Cancelled,1.18,Y
PO001395,SUP0004,PRD0027,PLT002,2021-09-09,2021,9,2021-10-17,2021-10-17,0,768,1052.84,808581.12,Partial,5.8,Y
PO001396,SUP0091,PRD0031,PLT007,2024-02-23,2024,2,2024-03-18,2024-03-18,0,2892,608.16,1758798.72,Delivered,5.47,Y
PO001397,SUP0103,PRD0025,PLT002,2024-05-12,2024,5,2024-05-17,2024-05-15,-2,1024,1573.03,1610782.72,Delivered,3.3,Y
PO001398,SUP0037,PRD0035,PLT006,2022-01-22,2022,1,2022-02-15,2022-02-21,6,220,858.9,188958.0,Partial,5.89,N
PO001399,SUP0096,PRD0003,PLT007,2023-05-10,2023,5,2023-05-20,2023-05-18,-2,2364,996.56,2355867.84,Partial,3.3,Y
PO001400,SUP0076,PRD0053,PLT007,2024-05-01,2024,5,2024-05-06,2024-05-06,0,303,728.07,220605.21,Delivered,0.42,Y
PO001401,SUP0096,PRD0023,PLT006,2022-12-23,2022,12,2023-01-02,2023-01-02,0,1476,738.15,1089509.4,Delivered,1.17,Y
PO001402,SUP0104,PRD0060,PLT006,2024-02-28,2024,2,2024-03-07,2024-03-07,0,1503,608.48,914545.44,In Transit,2.33,Y
PO001403,SUP0055,PRD0060,PLT005,2024-11-05,2024,11,2024-12-16,2025-01-05,20,2167,754.47,1634936.49,Delivered,5.99,N
PO001404,SUP0040,PRD0006,PLT003,2022-04-25,2022,4,2022-05-13,2022-05-13,0,1308,1627.39,2128626.12,Delivered,7.51,Y
PO001405,SUP0003,PRD0001,PLT006,2024-12-04,2024,12,2025-01-12,2025-01-12,0,1406,1491.81,2097484.86,In Transit,4.03,Y
PO001406,SUP0086,PRD0049,PLT007,2024-05-15,2024,5,2024-06-20,2024-06-20,0,4108,1576.83,6477617.64,Delayed,6.42,Y
PO001407,SUP0035,PRD0060,PLT007,2024-09-28,2024,9,2024-10-01,2024-10-01,0,4645,1074.51,4991098.95,Delivered,2.89,Y
PO001408,SUP0041,PRD0040,PLT005,2024-01-01,2024,1,2024-01-31,2024-01-31,0,1663,838.44,1394325.72,Delayed,3.0,Y
PO001409,SUP0014,PRD0043,PLT005,2021-02-20,2021,2,2021-03-15,2021-03-15,0,2380,892.05,2123079.0,Delayed,6.54,Y
PO001410,SUP0109,PRD0019,PLT004,2022-02-28,2022,2,2022-04-05,2022-04-05,0,1319,698.91,921862.29,Delayed,6.42,Y
PO001411,SUP0093,PRD0010,PLT008,2022-04-28,2022,4,2022-05-01,2022-05-01,0,4919,1748.64,8601560.16,Cancelled,1.36,Y
PO001412,SUP0023,PRD0057,PLT002,2023-08-13,2023,8,2023-09-14,2023-09-14,0,1711,776.7,1328933.7,Delivered,7.72,Y
PO001413,SUP0070,PRD0012,PLT006,2024-01-20,2024,1,2024-02-11,2024-02-11,0,872,1091.69,951953.68,Delayed,7.96,Y
PO001414,SUP0071,PRD0046,PLT002,2022-09-08,2022,9,2022-09-30,2022-09-30,0,3042,1846.8,5617965.6,In Transit,5.87,Y
PO001415,SUP0067,PRD0050,PLT003,2023-08-09,2023,8,2023-09-03,2023-09-03,0,4737,1909.97,9047527.89,Delivered,7.67,Y
PO001416,SUP0046,PRD0041,PLT001,2024-09-01,2024,9,2024-09-27,2024-10-01,4,421,540.1,227382.1,Delivered,0.36,N
PO001417,SUP0024,PRD0059,PLT008,2023-06-22,2023,6,2023-06-25,2023-06-25,0,3443,1688.99,5815192.57,In Transit,0.99,Y
PO001418,SUP0103,PRD0022,PLT003,2022-11-28,2022,11,2022-12-03,2022-12-01,-2,4029,1283.48,5171140.92,Delivered,1.25,Y
PO001419,SUP0064,PRD0029,PLT002,2022-06-19,2022,6,2022-07-01,2022-07-01,0,4234,1308.81,5541501.54,Delivered,4.0,Y
PO001420,SUP0002,PRD0034,PLT002,2023-06-04,2023,6,2023-07-16,2023-08-01,16,2328,1384.1,3222184.8,Delivered,5.11,N
PO001421,SUP0069,PRD0034,PLT008,2024-06-23,2024,6,2024-08-07,2024-08-25,18,4531,1542.46,6988886.26,Delivered,7.14,N
PO001422,SUP0035,PRD0015,PLT008,2022-01-26,2022,1,2022-01-29,2022-02-03,5,4931,130.8,644974.8,Delivered,1.32,N
PO001423,SUP0079,PRD0016,PLT004,2021-11-24,2021,11,2021-12-17,2022-01-14,28,4919,1819.75,8951350.25,In Transit,0.33,N
PO001424,SUP0066,PRD0008,PLT005,2021-04-21,2021,4,2021-05-24,2021-06-23,30,2972,1032.23,3067787.56,Partial,1.85,N
PO001425,SUP0100,PRD0006,PLT005,2023-07-13,2023,7,2023-07-21,2023-07-21,0,1588,1362.93,2164332.84,Partial,2.81,Y
PO001426,SUP0030,PRD0023,PLT001,2023-03-05,2023,3,2023-04-15,2023-05-13,28,4742,1100.47,5218428.74,Delivered,4.94,N
PO001427,SUP0069,PRD0019,PLT004,2024-10-26,2024,10,2024-12-10,2024-12-10,0,4210,1275.34,5369181.4,Delivered,2.93,Y
PO001428,SUP0065,PRD0019,PLT004,2022-02-26,2022,2,2022-03-07,2022-03-07,0,3725,1866.86,6954053.5,Delayed,4.88,Y
PO001429,SUP0027,PRD0026,PLT005,2022-02-21,2022,2,2022-03-03,2022-03-26,23,3740,705.64,2639093.6,Cancelled,5.81,N
PO001430,SUP0009,PRD0056,PLT003,2024-10-01,2024,10,2024-10-11,2024-10-06,-5,1837,1595.97,2931796.89,Cancelled,7.08,Y
PO001431,SUP0066,PRD0007,PLT008,2024-11-28,2024,11,2024-12-31,2024-12-27,-4,1770,447.56,792181.2,In Transit,5.13,Y
PO001432,SUP0118,PRD0054,PLT002,2021-01-25,2021,1,2021-02-24,2021-02-24,0,4000,753.33,3013320.0,Cancelled,0.96,Y
PO001433,SUP0099,PRD0047,PLT008,2023-02-08,2023,2,2023-03-05,2023-03-05,0,1817,1723.29,3131217.93,Delayed,1.62,Y
PO001434,SUP0013,PRD0030,PLT002,2024-06-21,2024,6,2024-07-14,2024-07-14,0,2672,231.19,617739.68,Cancelled,4.16,Y
PO001435,SUP0056,PRD0021,PLT006,2023-06-28,2023,6,2023-07-29,2023-07-29,0,2418,1044.26,2525020.68,Delayed,7.06,Y
PO001436,SUP0017,PRD0024,PLT008,2024-02-15,2024,2,2024-03-21,2024-04-08,18,4256,1967.16,8372232.96,In Transit,6.33,N
PO001437,SUP0043,PRD0028,PLT007,2021-02-02,2021,2,2021-02-17,2021-02-17,0,3207,1077.93,3456921.51,In Transit,6.04,Y
PO001438,SUP0088,PRD0053,PLT001,2021-06-01,2021,6,2021-06-11,2021-06-11,0,1347,1013.71,1365467.37,Delayed,0.21,Y
PO001439,SUP0018,PRD0049,PLT005,2021-06-26,2021,6,2021-07-15,2021-07-15,0,4336,1575.74,6832408.64,Delayed,0.18,Y
PO001440,SUP0079,PRD0043,PLT001,2022-12-10,2022,12,2023-01-02,2023-01-19,17,4598,353.56,1625668.88,Delivered,5.57,N
PO001441,SUP0057,PRD0046,PLT003,2021-01-28,2021,1,2021-03-04,2021-03-04,0,1647,1903.15,3134488.05,Cancelled,4.17,Y
PO001442,SUP0039,PRD0002,PLT005,2023-09-27,2023,9,2023-11-02,2023-11-05,3,2400,1326.76,3184224.0,Delivered,0.29,N
PO001443,SUP0005,PRD0006,PLT002,2022-05-09,2022,5,2022-06-03,2022-06-03,0,2668,1478.53,3944718.04,Partial,3.24,Y
PO001444,SUP0062,PRD0030,PLT006,2021-09-08,2021,9,2021-10-16,2021-10-11,-5,2883,569.16,1640888.28,Partial,2.24,Y
PO001445,SUP0088,PRD0039,PLT007,2023-12-01,2023,12,2023-12-11,2023-12-11,0,2559,1699.98,4350248.82,Partial,3.57,Y
PO001446,SUP0007,PRD0026,PLT007,2021-11-08,2021,11,2021-12-05,2021-12-05,0,3669,1131.55,4151656.95,Delayed,2.1,Y
PO001447,SUP0068,PRD0018,PLT006,2021-08-22,2021,8,2021-09-01,2021-09-01,0,1225,193.13,236584.25,In Transit,1.48,Y
PO001448,SUP0006,PRD0042,PLT008,2024-11-17,2024,11,2024-11-21,2024-11-21,0,3994,1245.04,4972689.76,In Transit,7.13,Y
PO001449,SUP0087,PRD0001,PLT003,2023-01-12,2023,1,2023-02-13,2023-02-13,0,4215,151.98,640595.7,Cancelled,4.8,Y
PO001450,SUP0003,PRD0036,PLT007,2021-01-01,2021,1,2021-02-09,2021-03-07,26,4053,1531.58,6207493.74,Delivered,0.73,N
PO001451,SUP0118,PRD0023,PLT002,2022-12-19,2022,12,2023-01-18,2023-01-18,0,1344,1040.6,1398566.4,Delivered,1.36,Y
PO001452,SUP0025,PRD0021,PLT002,2023-08-22,2023,8,2023-09-08,2023-09-08,0,1133,307.31,348182.23,Delivered,2.77,Y
PO001453,SUP0021,PRD0046,PLT004,2024-10-17,2024,10,2024-11-13,2024-11-13,0,4757,1714.2,8154449.4,Delivered,6.33,Y
PO001454,SUP0015,PRD0044,PLT003,2022-05-04,2022,5,2022-06-14,2022-06-14,0,2340,929.77,2175661.8,Delivered,6.58,Y
PO001455,SUP0060,PRD0058,PLT003,2023-08-01,2023,8,2023-08-16,2023-08-16,0,1572,1971.58,3099323.76,Delivered,2.06,Y
PO001456,SUP0022,PRD0056,PLT008,2023-09-17,2023,9,2023-10-14,2023-10-14,0,1175,907.12,1065866.0,Delivered,7.93,Y
PO001457,SUP0062,PRD0045,PLT008,2024-05-26,2024,5,2024-07-03,2024-08-02,30,3523,1302.05,4587122.15,In Transit,3.96,N
PO001458,SUP0044,PRD0003,PLT007,2021-11-13,2021,11,2021-12-10,2021-12-10,0,3390,1570.47,5323893.3,Delivered,3.03,Y
PO001459,SUP0083,PRD0013,PLT007,2023-10-18,2023,10,2023-11-04,2023-11-04,0,2449,1802.62,4414616.38,Delivered,5.92,Y
PO001460,SUP0064,PRD0005,PLT007,2023-02-10,2023,2,2023-02-22,2023-02-22,0,4237,1135.57,4811410.09,In Transit,2.3,Y
PO001461,SUP0061,PRD0028,PLT003,2022-07-27,2022,7,2022-09-09,2022-09-09,0,585,240.86,140903.1,In Transit,5.46,Y
PO001462,SUP0103,PRD0005,PLT002,2021-06-23,2021,6,2021-06-28,2021-06-28,0,1146,642.08,735823.68,Partial,6.4,Y
PO001463,SUP0041,PRD0055,PLT002,2023-02-18,2023,2,2023-03-20,2023-03-20,0,4418,1903.9,8411430.2,Delayed,5.5,Y
PO001464,SUP0098,PRD0012,PLT007,2024-02-09,2024,2,2024-03-20,2024-04-04,15,1849,242.2,447827.8,Delayed,1.13,N
PO001465,SUP0055,PRD0060,PLT008,2022-01-20,2022,1,2022-03-02,2022-02-28,-2,3493,1244.32,4346409.76,Delivered,3.22,Y
PO001466,SUP0011,PRD0012,PLT008,2024-07-03,2024,7,2024-07-27,2024-08-10,14,4759,1306.48,6217538.32,Delayed,0.94,N
PO001467,SUP0076,PRD0006,PLT008,2023-05-17,2023,5,2023-05-22,2023-05-17,-5,1807,1886.3,3408544.1,Delivered,1.33,Y
PO001468,SUP0075,PRD0050,PLT001,2023-06-27,2023,6,2023-08-05,2023-08-05,0,4354,232.28,1011347.12,Delivered,1.2,Y
PO001469,SUP0050,PRD0004,PLT007,2021-05-03,2021,5,2021-06-09,2021-06-09,0,3121,1990.17,6211320.57,Partial,2.78,Y
PO001470,SUP0021,PRD0032,PLT005,2021-03-10,2021,3,2021-04-06,2021-04-07,1,1493,1658.49,2476125.57,Delivered,1.22,N
PO001471,SUP0062,PRD0028,PLT002,2021-10-27,2021,10,2021-12-04,2021-12-04,0,185,687.02,127098.7,Cancelled,2.45,Y
PO001472,SUP0082,PRD0026,PLT008,2022-09-06,2022,9,2022-09-30,2022-09-30,0,820,1689.82,1385652.4,Delivered,6.21,Y
PO001473,SUP0101,PRD0010,PLT007,2022-11-17,2022,11,2022-12-29,2022-12-29,0,3882,774.58,3006919.56,Delivered,7.31,Y
PO001474,SUP0059,PRD0021,PLT001,2023-07-02,2023,7,2023-07-10,2023-07-10,0,1453,1075.11,1562134.83,Delayed,7.09,Y
PO001475,SUP0113,PRD0021,PLT001,2024-01-24,2024,1,2024-02-28,2024-02-28,0,3504,490.14,1717450.56,Delivered,3.77,Y
PO001476,SUP0084,PRD0057,PLT001,2022-04-17,2022,4,2022-05-06,2022-05-14,8,3919,20.5,80339.5,Delivered,3.57,N
PO001477,SUP0112,PRD0042,PLT008,2023-09-16,2023,9,2023-10-15,2023-10-15,0,539,178.19,96044.41,In Transit,2.8,Y
PO001478,SUP0097,PRD0004,PLT008,2024-01-23,2024,1,2024-02-20,2024-02-20,0,4742,966.67,4583949.14,Partial,5.95,Y
PO001479,SUP0039,PRD0022,PLT003,2022-06-26,2022,6,2022-08-01,2022-08-01,0,3512,409.52,1438234.24,Delivered,7.94,Y
PO001480,SUP0097,PRD0029,PLT002,2022-02-07,2022,2,2022-03-07,2022-03-07,0,3445,1351.54,4656055.3,Delivered,0.5,Y
PO001481,SUP0098,PRD0033,PLT005,2022-02-15,2022,2,2022-03-27,2022-04-02,6,318,226.59,72055.62,Delivered,3.36,N
PO001482,SUP0002,PRD0055,PLT002,2024-03-12,2024,3,2024-04-23,2024-04-23,0,1232,445.91,549361.12,In Transit,2.34,Y
PO001483,SUP0080,PRD0040,PLT001,2022-01-19,2022,1,2022-02-08,2022-02-09,1,4056,1218.52,4942317.12,In Transit,6.27,N
PO001484,SUP0058,PRD0029,PLT008,2022-07-03,2022,7,2022-07-31,2022-07-31,0,882,1389.36,1225415.52,In Transit,2.52,Y
PO001485,SUP0104,PRD0004,PLT001,2022-12-01,2022,12,2022-12-09,2022-12-09,0,1009,25.08,25305.72,Delivered,1.82,Y
PO001486,SUP0004,PRD0046,PLT008,2023-03-04,2023,3,2023-04-11,2023-04-20,9,4368,1517.62,6628964.16,Delayed,2.17,N
PO001487,SUP0115,PRD0059,PLT004,2022-02-19,2022,2,2022-03-02,2022-03-02,0,2524,516.8,1304403.2,Cancelled,6.06,Y
PO001488,SUP0053,PRD0024,PLT005,2021-07-04,2021,7,2021-08-03,2021-08-03,0,3352,710.54,2381730.08,In Transit,0.95,Y
PO001489,SUP0001,PRD0016,PLT008,2022-01-25,2022,1,2022-02-05,2022-03-06,29,2614,442.1,1155649.4,Cancelled,5.39,N
PO001490,SUP0045,PRD0044,PLT006,2023-07-14,2023,7,2023-07-31,2023-08-21,21,192,27.12,5207.04,Delayed,0.53,N
PO001491,SUP0084,PRD0054,PLT002,2021-10-02,2021,10,2021-10-21,2021-11-10,20,1260,640.8,807408.0,Partial,3.45,N
PO001492,SUP0062,PRD0050,PLT001,2022-04-13,2022,4,2022-05-21,2022-05-21,0,1295,814.87,1055256.65,Delivered,2.94,Y
PO001493,SUP0097,PRD0012,PLT003,2022-07-23,2022,7,2022-08-20,2022-08-20,0,1327,541.19,718159.13,Delivered,5.39,Y
PO001494,SUP0046,PRD0018,PLT004,2022-10-14,2022,10,2022-11-09,2022-11-09,0,2201,994.3,2188454.3,Delivered,4.96,Y
PO001495,SUP0087,PRD0038,PLT001,2022-09-20,2022,9,2022-10-22,2022-10-22,0,1538,1642.76,2526564.88,Delivered,1.52,Y
PO001496,SUP0101,PRD0002,PLT002,2022-06-27,2022,6,2022-08-08,2022-08-08,0,3870,1506.56,5830387.2,Partial,1.68,Y
PO001497,SUP0050,PRD0003,PLT003,2023-03-04,2023,3,2023-04-10,2023-04-10,0,1547,50.63,78324.61,In Transit,7.3,Y
PO001498,SUP0099,PRD0006,PLT006,2024-01-05,2024,1,2024-01-30,2024-02-24,25,385,508.02,195587.7,In Transit,2.81,N
PO001499,SUP0116,PRD0007,PLT008,2022-05-01,2022,5,2022-05-05,2022-05-05,0,2813,769.55,2164744.15,Delivered,6.9,Y
PO001500,SUP0105,PRD0022,PLT006,2024-10-14,2024,10,2024-11-24,2024-11-24,0,3355,284.83,955604.65,Cancelled,5.97,Y
PO001501,SUP0084,PRD0001,PLT008,2022-01-05,2022,1,2022-01-24,2022-01-24,0,3652,668.51,2441398.52,Delivered,0.74,Y
PO001502,SUP0081,PRD0057,PLT005,2023-08-18,2023,8,2023-09-25,2023-09-25,0,4481,1354.73,6070545.13,Delivered,5.94,Y
PO001503,SUP0027,PRD0012,PLT007,2021-12-21,2021,12,2021-12-31,2021-12-31,0,3517,1622.79,5707352.43,Delivered,7.52,Y
PO001504,SUP0084,PRD0049,PLT005,2023-12-19,2023,12,2024-01-07,2024-01-07,0,2113,606.44,1281407.72,Delivered,1.59,Y
PO001505,SUP0067,PRD0017,PLT008,2021-08-03,2021,8,2021-08-28,2021-09-15,18,1259,1308.77,1647741.43,Delayed,5.89,N
PO001506,SUP0107,PRD0001,PLT008,2021-04-01,2021,4,2021-05-15,2021-05-15,0,1334,327.25,436551.5,Delivered,6.31,Y
PO001507,SUP0116,PRD0020,PLT004,2024-01-23,2024,1,2024-01-27,2024-01-27,0,1216,498.36,606005.76,Partial,0.77,Y
PO001508,SUP0103,PRD0029,PLT005,2021-11-13,2021,11,2021-11-18,2021-11-18,0,985,159.29,156900.65,Delivered,5.18,Y
PO001509,SUP0047,PRD0028,PLT007,2022-07-23,2022,7,2022-08-12,2022-08-12,0,837,251.27,210312.99,Delivered,0.73,Y
PO001510,SUP0080,PRD0024,PLT008,2024-01-26,2024,1,2024-02-15,2024-02-23,8,1198,461.33,552673.34,Delivered,6.78,N
PO001511,SUP0050,PRD0036,PLT001,2023-07-27,2023,7,2023-09-02,2023-09-02,0,3966,653.25,2590789.5,Delivered,0.98,Y
PO001512,SUP0008,PRD0011,PLT004,2021-04-08,2021,4,2021-04-19,2021-04-19,0,225,297.16,66861.0,Delayed,1.3,Y
PO001513,SUP0108,PRD0054,PLT006,2022-01-26,2022,1,2022-02-05,2022-02-08,3,3991,648.05,2586367.55,Delivered,0.07,N
PO001514,SUP0033,PRD0003,PLT007,2024-04-27,2024,4,2024-06-08,2024-06-08,0,2913,1321.86,3850578.18,In Transit,3.12,Y
PO001515,SUP0042,PRD0029,PLT001,2022-10-05,2022,10,2022-11-10,2022-11-21,11,1577,715.19,1127854.63,Delivered,0.3,N
PO001516,SUP0076,PRD0009,PLT005,2021-10-14,2021,10,2021-10-19,2021-10-19,0,3712,1894.31,7031678.72,Delivered,2.47,Y
PO001517,SUP0084,PRD0047,PLT002,2022-05-26,2022,5,2022-06-14,2022-06-27,13,2806,1539.86,4320847.16,Delivered,5.6,N
PO001518,SUP0116,PRD0045,PLT002,2024-12-17,2024,12,2024-12-21,2024-12-21,0,977,1002.42,979364.34,Delivered,1.36,Y
PO001519,SUP0102,PRD0046,PLT008,2021-09-01,2021,9,2021-09-22,2021-09-23,1,1367,1019.53,1393697.51,Delayed,5.58,N
PO001520,SUP0115,PRD0052,PLT006,2024-01-05,2024,1,2024-01-16,2024-01-16,0,1960,32.18,63072.8,Delivered,5.43,Y
PO001521,SUP0035,PRD0055,PLT008,2024-08-16,2024,8,2024-08-19,2024-08-19,0,4731,402.49,1904180.19,Cancelled,7.8,Y
PO001522,SUP0053,PRD0049,PLT002,2024-05-03,2024,5,2024-06-02,2024-06-04,2,3235,80.32,259835.2,Delivered,4.13,N
PO001523,SUP0072,PRD0007,PLT004,2023-08-24,2023,8,2023-09-18,2023-09-18,0,950,828.77,787331.5,Cancelled,7.53,Y
PO001524,SUP0055,PRD0034,PLT003,2023-12-28,2023,12,2024-02-07,2024-02-07,0,3157,62.27,196586.39,Cancelled,4.05,Y
PO001525,SUP0086,PRD0011,PLT008,2022-06-18,2022,6,2022-07-24,2022-08-10,17,3357,80.31,269600.67,Delivered,7.71,N
PO001526,SUP0108,PRD0005,PLT008,2024-10-09,2024,10,2024-10-19,2024-10-19,0,4992,1598.21,7978264.32,Partial,2.86,Y
PO001527,SUP0102,PRD0059,PLT007,2024-04-03,2024,4,2024-04-24,2024-04-24,0,4866,61.69,300183.54,Delayed,4.75,Y
PO001528,SUP0027,PRD0009,PLT001,2024-10-09,2024,10,2024-10-19,2024-10-19,0,4600,948.72,4364112.0,Partial,6.75,Y
PO001529,SUP0046,PRD0060,PLT008,2022-11-26,2022,11,2022-12-22,2022-12-22,0,403,1692.57,682105.71,In Transit,2.04,Y
PO001530,SUP0025,PRD0048,PLT003,2023-04-06,2023,4,2023-04-23,2023-04-18,-5,3544,52.07,184536.08,Delivered,2.39,Y
PO001531,SUP0079,PRD0028,PLT003,2024-08-22,2024,8,2024-09-14,2024-09-14,0,1723,846.92,1459243.16,Cancelled,4.14,Y
PO001532,SUP0034,PRD0015,PLT006,2021-10-09,2021,10,2021-10-26,2021-10-26,0,2954,497.45,1469467.3,Delivered,3.95,Y
PO001533,SUP0029,PRD0037,PLT007,2024-06-27,2024,6,2024-07-09,2024-07-09,0,1125,1561.7,1756912.5,Partial,2.4,Y
PO001534,SUP0103,PRD0059,PLT004,2022-07-22,2022,7,2022-07-27,2022-08-19,23,1813,808.41,1465647.33,Delivered,1.28,N
PO001535,SUP0045,PRD0018,PLT007,2022-10-28,2022,10,2022-11-14,2022-11-14,0,3842,533.9,2051243.8,Delivered,3.64,Y
PO001536,SUP0057,PRD0025,PLT002,2021-04-13,2021,4,2021-05-18,2021-05-29,11,4993,832.99,4159119.07,Delivered,6.96,N
PO001537,SUP0095,PRD0044,PLT007,2022-12-28,2022,12,2023-02-07,2023-02-11,4,4448,1262.11,5613865.28,Delivered,4.55,N
PO001538,SUP0087,PRD0019,PLT003,2021-01-04,2021,1,2021-02-05,2021-02-05,0,1805,970.78,1752257.9,Delivered,2.23,Y
PO001539,SUP0027,PRD0010,PLT008,2024-11-19,2024,11,2024-11-29,2024-11-29,0,1845,303.27,559533.15,In Transit,4.7,Y
PO001540,SUP0036,PRD0028,PLT004,2021-06-28,2021,6,2021-07-28,2021-07-30,2,1766,1938.82,3423956.12,Delayed,4.94,N
PO001541,SUP0118,PRD0051,PLT006,2021-05-03,2021,5,2021-06-02,2021-06-02,0,3889,1937.43,7534665.27,Delayed,0.15,Y
PO001542,SUP0034,PRD0051,PLT004,2021-04-28,2021,4,2021-05-15,2021-06-02,18,4566,758.81,3464726.46,Delivered,1.1,N
PO001543,SUP0106,PRD0048,PLT005,2021-03-25,2021,3,2021-04-16,2021-04-12,-4,515,619.51,319047.65,Delivered,6.14,Y
PO001544,SUP0092,PRD0006,PLT008,2023-05-04,2023,5,2023-05-25,2023-05-25,0,1612,297.64,479795.68,Cancelled,1.53,Y
PO001545,SUP0008,PRD0060,PLT007,2021-01-27,2021,1,2021-02-07,2021-02-07,0,4867,1243.46,6051919.82,Delivered,3.58,Y
PO001546,SUP0106,PRD0022,PLT008,2022-01-27,2022,1,2022-02-18,2022-02-18,0,4724,1652.7,7807354.8,Delivered,7.45,Y
PO001547,SUP0067,PRD0058,PLT007,2024-05-24,2024,5,2024-06-18,2024-06-28,10,3759,1137.8,4276990.2,Cancelled,5.77,N
PO001548,SUP0075,PRD0026,PLT005,2021-03-23,2021,3,2021-05-01,2021-05-04,3,4043,1470.32,5944503.76,Cancelled,3.08,N
PO001549,SUP0035,PRD0008,PLT006,2023-07-05,2023,7,2023-07-08,2023-07-08,0,4992,455.36,2273157.12,Delayed,3.95,Y
PO001550,SUP0002,PRD0058,PLT004,2021-03-26,2021,3,2021-05-07,2021-05-07,0,3493,796.73,2782977.89,In Transit,6.17,Y
PO001551,SUP0071,PRD0025,PLT003,2021-07-07,2021,7,2021-07-29,2021-07-29,0,2031,1508.04,3062829.24,In Transit,7.95,Y
PO001552,SUP0091,PRD0037,PLT006,2022-01-01,2022,1,2022-01-25,2022-01-28,3,200,123.07,24614.0,Delayed,3.44,N
PO001553,SUP0111,PRD0012,PLT005,2024-06-06,2024,6,2024-07-17,2024-07-31,14,4593,1129.89,5189584.77,Cancelled,5.71,N
PO001554,SUP0080,PRD0044,PLT004,2021-02-12,2021,2,2021-03-04,2021-03-04,0,4695,1274.71,5984763.45,Partial,4.41,Y
PO001555,SUP0016,PRD0051,PLT002,2022-02-10,2022,2,2022-02-25,2022-02-25,0,1282,1452.2,1861720.4,Delivered,2.51,Y
PO001556,SUP0112,PRD0010,PLT001,2023-08-17,2023,8,2023-09-15,2023-10-08,23,116,1214.9,140928.4,Partial,0.97,N
PO001557,SUP0107,PRD0052,PLT007,2023-07-07,2023,7,2023-08-20,2023-08-20,0,1607,1605.62,2580231.34,In Transit,2.62,Y
PO001558,SUP0092,PRD0046,PLT002,2021-07-05,2021,7,2021-07-26,2021-07-26,0,610,794.27,484504.7,Cancelled,0.56,Y
PO001559,SUP0074,PRD0036,PLT003,2023-09-20,2023,9,2023-10-01,2023-10-01,0,946,673.86,637471.56,Delivered,6.53,Y
PO001560,SUP0108,PRD0038,PLT002,2021-08-12,2021,8,2021-08-22,2021-08-22,0,3328,872.17,2902581.76,Partial,6.45,Y
PO001561,SUP0008,PRD0014,PLT007,2022-08-13,2022,8,2022-08-24,2022-08-24,0,4025,781.8,3146745.0,Delivered,3.93,Y
PO001562,SUP0025,PRD0046,PLT003,2021-05-02,2021,5,2021-05-19,2021-05-19,0,4866,573.93,2792743.38,Delayed,7.45,Y
PO001563,SUP0042,PRD0050,PLT005,2023-05-15,2023,5,2023-06-20,2023-06-20,0,430,893.73,384303.9,Delivered,2.15,Y
PO001564,SUP0070,PRD0033,PLT001,2023-05-13,2023,5,2023-06-04,2023-06-04,0,4748,305.44,1450229.12,Partial,6.57,Y
PO001565,SUP0057,PRD0036,PLT007,2021-04-05,2021,4,2021-05-10,2021-05-10,0,4864,1568.73,7630302.72,Partial,5.77,Y
PO001566,SUP0045,PRD0041,PLT002,2023-05-18,2023,5,2023-06-04,2023-06-04,0,652,718.33,468351.16,Delivered,6.91,Y
PO001567,SUP0072,PRD0003,PLT007,2021-02-11,2021,2,2021-03-08,2021-03-08,0,1706,1556.55,2655474.3,Delivered,5.8,Y
PO001568,SUP0005,PRD0040,PLT007,2023-12-20,2023,12,2024-01-14,2024-01-13,-1,105,743.95,78114.75,Delayed,0.65,Y
PO001569,SUP0097,PRD0010,PLT007,2022-08-20,2022,8,2022-09-17,2022-10-15,28,2207,936.26,2066325.82,Delivered,7.72,N
PO001570,SUP0003,PRD0022,PLT005,2022-04-21,2022,4,2022-05-30,2022-05-30,0,1613,885.82,1428827.66,Delivered,1.71,Y
PO001571,SUP0088,PRD0007,PLT001,2023-05-05,2023,5,2023-05-15,2023-06-02,18,2059,1823.71,3755018.89,Cancelled,7.76,N
PO001572,SUP0021,PRD0017,PLT005,2021-08-07,2021,8,2021-09-03,2021-09-03,0,1558,1770.96,2759155.68,Cancelled,7.08,Y
PO001573,SUP0083,PRD0024,PLT007,2023-01-19,2023,1,2023-02-05,2023-02-05,0,1066,1768.66,1885391.56,Delivered,2.65,Y
PO001574,SUP0072,PRD0057,PLT007,2022-05-17,2022,5,2022-06-11,2022-06-11,0,2618,688.84,1803383.12,Delivered,1.35,Y
PO001575,SUP0038,PRD0008,PLT003,2022-04-28,2022,4,2022-05-07,2022-06-04,28,1198,1927.86,2309576.28,In Transit,4.39,N
PO001576,SUP0035,PRD0021,PLT008,2024-11-26,2024,11,2024-11-29,2024-11-26,-3,112,241.76,27077.12,In Transit,0.96,Y
PO001577,SUP0026,PRD0055,PLT008,2023-09-21,2023,9,2023-10-11,2023-10-11,0,2365,567.73,1342681.45,Partial,6.66,Y
PO001578,SUP0079,PRD0008,PLT003,2023-04-24,2023,4,2023-05-17,2023-05-27,10,1589,1852.87,2944210.43,Delivered,2.68,N
PO001579,SUP0016,PRD0020,PLT004,2022-12-09,2022,12,2022-12-24,2022-12-24,0,4591,343.98,1579212.18,In Transit,7.43,Y
PO001580,SUP0115,PRD0008,PLT008,2021-10-13,2021,10,2021-10-24,2021-11-05,12,224,277.29,62112.96,Cancelled,1.03,N
PO001581,SUP0025,PRD0006,PLT003,2022-11-14,2022,11,2022-12-01,2022-12-15,14,4134,582.75,2409088.5,In Transit,3.0,N
PO001582,SUP0081,PRD0034,PLT007,2021-06-09,2021,6,2021-07-17,2021-07-17,0,1131,1188.57,1344272.67,Delayed,4.67,Y
PO001583,SUP0031,PRD0022,PLT008,2022-12-24,2022,12,2023-01-21,2023-02-05,15,4308,1597.42,6881685.36,Delayed,3.56,N
PO001584,SUP0025,PRD0060,PLT008,2023-08-20,2023,8,2023-09-06,2023-10-06,30,2869,1570.2,4504903.8,Delayed,4.07,N
PO001585,SUP0083,PRD0021,PLT006,2023-02-24,2023,2,2023-03-13,2023-04-06,24,2373,76.66,181914.18,Cancelled,0.63,N
PO001586,SUP0013,PRD0053,PLT007,2022-02-12,2022,2,2022-03-07,2022-03-07,0,4464,491.36,2193431.04,Partial,6.22,Y
PO001587,SUP0079,PRD0049,PLT005,2023-07-14,2023,7,2023-08-06,2023-08-30,24,2389,1951.16,4661321.24,Delivered,3.49,N
PO001588,SUP0021,PRD0003,PLT008,2021-04-10,2021,4,2021-05-07,2021-06-04,28,455,1300.2,591591.0,In Transit,0.7,N
PO001589,SUP0082,PRD0018,PLT001,2021-03-23,2021,3,2021-04-16,2021-04-16,0,4408,1412.27,6225286.16,Cancelled,7.79,Y
PO001590,SUP0016,PRD0026,PLT004,2024-09-14,2024,9,2024-09-29,2024-10-07,8,406,333.54,135417.24,Delayed,6.7,N
PO001591,SUP0046,PRD0012,PLT005,2023-05-22,2023,5,2023-06-17,2023-07-01,14,676,1402.43,948042.68,Cancelled,5.5,N
PO001592,SUP0035,PRD0015,PLT002,2021-03-26,2021,3,2021-03-29,2021-03-29,0,2178,205.72,448058.16,In Transit,0.31,Y
PO001593,SUP0086,PRD0024,PLT003,2021-07-19,2021,7,2021-08-24,2021-08-28,4,1720,547.13,941063.6,Delivered,2.21,N
PO001594,SUP0028,PRD0046,PLT006,2021-02-15,2021,2,2021-03-29,2021-03-29,0,3252,1662.39,5406092.28,Delayed,3.52,Y
PO001595,SUP0016,PRD0026,PLT002,2021-06-16,2021,6,2021-07-01,2021-07-01,0,1930,1486.7,2869331.0,Cancelled,6.47,Y
PO001596,SUP0026,PRD0009,PLT007,2021-07-05,2021,7,2021-07-25,2021-07-25,0,1030,1299.18,1338155.4,Delayed,6.08,Y
PO001597,SUP0075,PRD0053,PLT008,2021-08-24,2021,8,2021-10-02,2021-10-02,0,4313,664.82,2867368.66,In Transit,6.86,Y
PO001598,SUP0028,PRD0038,PLT001,2024-06-17,2024,6,2024-07-29,2024-07-29,0,4305,1324.35,5701326.75,Delayed,7.39,Y
PO001599,SUP0037,PRD0034,PLT007,2023-10-12,2023,10,2023-11-05,2023-11-05,0,320,1043.53,333929.6,Cancelled,6.01,Y
PO001600,SUP0065,PRD0054,PLT001,2023-03-28,2023,3,2023-04-06,2023-04-23,17,1820,983.89,1790679.8,Delivered,4.46,N
PO001601,SUP0026,PRD0008,PLT005,2021-08-19,2021,8,2021-09-08,2021-10-04,26,2189,1623.18,3553141.02,Delivered,2.3,N
PO001602,SUP0082,PRD0006,PLT008,2021-06-24,2021,6,2021-07-18,2021-08-06,19,2213,1708.55,3781021.15,Delivered,4.57,N
PO001603,SUP0066,PRD0036,PLT005,2022-10-22,2022,10,2022-11-24,2022-11-24,0,3720,1025.29,3814078.8,Cancelled,4.91,Y
PO001604,SUP0049,PRD0006,PLT008,2024-07-03,2024,7,2024-07-07,2024-07-07,0,1924,661.1,1271956.4,Partial,3.55,Y
PO001605,SUP0087,PRD0010,PLT003,2022-01-11,2022,1,2022-02-12,2022-02-12,0,1012,1149.95,1163749.4,Delivered,0.44,Y
PO001606,SUP0109,PRD0013,PLT003,2021-05-17,2021,5,2021-06-22,2021-06-22,0,2899,129.62,375768.38,In Transit,6.06,Y
PO001607,SUP0100,PRD0026,PLT002,2023-09-02,2023,9,2023-09-10,2023-09-10,0,3587,1854.63,6652557.81,Delivered,1.9,Y
PO001608,SUP0045,PRD0032,PLT003,2021-10-03,2021,10,2021-10-20,2021-10-20,0,2253,843.39,1900157.67,In Transit,7.27,Y
PO001609,SUP0059,PRD0058,PLT008,2021-07-09,2021,7,2021-07-17,2021-08-06,20,2167,949.03,2056548.01,Delivered,5.5,N
PO001610,SUP0003,PRD0052,PLT005,2024-09-24,2024,9,2024-11-02,2024-11-02,0,336,1453.23,488285.28,In Transit,1.22,Y
PO001611,SUP0046,PRD0008,PLT001,2023-04-26,2023,4,2023-05-22,2023-05-22,0,1221,1211.53,1479278.13,Delivered,5.41,Y
PO001612,SUP0051,PRD0013,PLT008,2024-06-26,2024,6,2024-08-06,2024-08-06,0,922,199.7,184123.4,Delivered,2.96,Y
PO001613,SUP0102,PRD0002,PLT004,2021-12-25,2021,12,2022-01-15,2022-01-15,0,4875,185.47,904166.25,Delivered,4.87,Y
PO001614,SUP0091,PRD0023,PLT008,2024-09-03,2024,9,2024-09-27,2024-09-27,0,587,1900.28,1115464.36,In Transit,3.6,Y
PO001615,SUP0040,PRD0019,PLT002,2024-05-18,2024,5,2024-06-05,2024-06-05,0,3078,1452.11,4469594.58,Delivered,0.59,Y
PO001616,SUP0087,PRD0028,PLT003,2024-01-27,2024,1,2024-02-28,2024-03-15,16,547,1796.07,982450.29,Delivered,4.23,N
PO001617,SUP0029,PRD0003,PLT007,2022-04-26,2022,4,2022-05-08,2022-05-08,0,2010,1535.69,3086736.9,Delayed,4.33,Y
PO001618,SUP0118,PRD0051,PLT005,2024-12-22,2024,12,2025-01-21,2025-01-21,0,508,324.77,164983.16,Partial,0.62,Y
PO001619,SUP0098,PRD0035,PLT005,2023-01-12,2023,1,2023-02-21,2023-02-21,0,4338,1166.49,5060233.62,Delayed,4.74,Y
PO001620,SUP0027,PRD0015,PLT003,2024-11-18,2024,11,2024-11-28,2024-11-28,0,388,291.53,113113.64,Partial,4.58,Y
PO001621,SUP0037,PRD0039,PLT003,2024-10-22,2024,10,2024-11-15,2024-11-15,0,3821,1452.73,5550881.33,Delayed,3.94,Y
PO001622,SUP0110,PRD0032,PLT001,2023-08-23,2023,8,2023-09-11,2023-09-11,0,117,1623.39,189936.63,In Transit,2.67,Y
PO001623,SUP0062,PRD0020,PLT005,2022-10-19,2022,10,2022-11-26,2022-12-23,27,3539,1154.19,4084678.41,Delivered,1.05,N
PO001624,SUP0021,PRD0021,PLT006,2021-11-05,2021,11,2021-12-02,2021-12-02,0,3965,891.08,3533132.2,Cancelled,6.15,Y
PO001625,SUP0037,PRD0011,PLT004,2023-08-20,2023,8,2023-09-13,2023-09-12,-1,2674,1232.16,3294795.84,Delivered,1.79,Y
PO001626,SUP0116,PRD0048,PLT004,2024-08-24,2024,8,2024-08-28,2024-08-28,0,1845,1305.53,2408702.85,Delivered,6.5,Y
PO001627,SUP0082,PRD0024,PLT001,2021-10-18,2021,10,2021-11-11,2021-11-11,0,734,525.41,385650.94,Delayed,6.75,Y
PO001628,SUP0094,PRD0008,PLT007,2024-10-06,2024,10,2024-11-01,2024-11-01,0,1826,1871.21,3416829.46,Delivered,6.08,Y
PO001629,SUP0014,PRD0040,PLT006,2022-03-08,2022,3,2022-03-31,2022-04-13,13,2996,178.62,535145.52,Delivered,3.09,N
PO001630,SUP0116,PRD0050,PLT005,2024-09-26,2024,9,2024-09-30,2024-09-30,0,1192,1919.53,2288079.76,In Transit,3.22,Y
PO001631,SUP0061,PRD0030,PLT001,2024-08-23,2024,8,2024-10-06,2024-10-06,0,3557,660.07,2347868.99,Delayed,0.72,Y
PO001632,SUP0007,PRD0021,PLT001,2024-10-04,2024,10,2024-10-31,2024-10-31,0,1774,990.27,1756738.98,Delivered,3.96,Y
PO001633,SUP0005,PRD0057,PLT006,2024-07-09,2024,7,2024-08-03,2024-08-03,0,4227,487.2,2059394.4,Delivered,5.04,Y
PO001634,SUP0001,PRD0003,PLT003,2024-12-14,2024,12,2024-12-25,2024-12-25,0,2080,536.09,1115067.2,Partial,6.54,Y
PO001635,SUP0010,PRD0057,PLT004,2022-01-12,2022,1,2022-01-29,2022-01-29,0,2853,718.81,2050764.93,Partial,7.41,Y
PO001636,SUP0107,PRD0024,PLT005,2021-08-22,2021,8,2021-10-05,2021-10-05,0,1830,1598.21,2924724.3,Delayed,3.81,Y
PO001637,SUP0001,PRD0010,PLT002,2023-10-01,2023,10,2023-10-12,2023-10-12,0,1826,1749.81,3195153.06,Delivered,0.91,Y
PO001638,SUP0019,PRD0041,PLT008,2022-01-02,2022,1,2022-01-24,2022-01-24,0,469,1264.09,592858.21,Delivered,1.47,Y
PO001639,SUP0101,PRD0004,PLT007,2021-08-26,2021,8,2021-10-07,2021-10-22,15,2572,1801.74,4634075.28,Delayed,7.52,N
PO001640,SUP0098,PRD0045,PLT003,2021-07-08,2021,7,2021-08-17,2021-08-17,0,4799,993.21,4766414.79,In Transit,5.75,Y
PO001641,SUP0072,PRD0039,PLT008,2024-07-20,2024,7,2024-08-14,2024-08-14,0,3781,1204.51,4554252.31,Cancelled,2.99,Y
PO001642,SUP0034,PRD0039,PLT005,2024-12-18,2024,12,2025-01-04,2025-01-04,0,3457,200.76,694027.32,Delivered,2.26,Y
PO001643,SUP0035,PRD0048,PLT004,2024-07-18,2024,7,2024-07-21,2024-07-29,8,3072,900.47,2766243.84,In Transit,4.0,N
PO001644,SUP0003,PRD0017,PLT002,2024-06-21,2024,6,2024-07-30,2024-07-30,0,2900,217.63,631127.0,Delivered,2.05,Y
PO001645,SUP0005,PRD0027,PLT002,2021-08-21,2021,8,2021-09-15,2021-09-15,0,1069,1499.35,1602805.15,Delayed,6.96,Y
PO001646,SUP0097,PRD0033,PLT006,2022-09-13,2022,9,2022-10-11,2022-11-04,24,2015,317.28,639319.2,Delayed,1.67,N
PO001647,SUP0014,PRD0017,PLT008,2024-12-10,2024,12,2025-01-02,2025-01-11,9,154,78.94,12156.76,Delayed,7.92,N
PO001648,SUP0093,PRD0009,PLT008,2023-10-23,2023,10,2023-10-26,2023-11-16,21,464,1363.16,632506.24,Delayed,2.76,N
PO001649,SUP0110,PRD0035,PLT004,2022-04-01,2022,4,2022-04-20,2022-04-20,0,932,235.32,219318.24,In Transit,3.8,Y
PO001650,SUP0090,PRD0027,PLT006,2022-11-21,2022,11,2022-12-07,2022-12-07,0,1244,1872.98,2329987.12,Cancelled,3.74,Y
PO001651,SUP0090,PRD0019,PLT008,2022-09-24,2022,9,2022-10-10,2022-10-10,0,1028,1339.32,1376820.96,Partial,4.52,Y
PO001652,SUP0012,PRD0021,PLT008,2021-05-20,2021,5,2021-05-25,2021-05-25,0,635,1827.44,1160424.4,Delivered,3.07,Y
PO001653,SUP0110,PRD0031,PLT008,2024-01-05,2024,1,2024-01-24,2024-02-23,30,2496,72.56,181109.76,Delivered,7.0,N
PO001654,SUP0033,PRD0056,PLT002,2024-11-14,2024,11,2024-12-26,2024-12-26,0,448,669.98,300151.04,Delivered,0.59,Y
PO001655,SUP0114,PRD0003,PLT006,2023-10-07,2023,10,2023-10-31,2023-10-31,0,3883,1650.65,6409473.95,Delayed,7.17,Y
PO001656,SUP0006,PRD0056,PLT006,2023-05-20,2023,5,2023-05-24,2023-05-24,0,3001,891.29,2674761.29,Delayed,6.34,Y
PO001657,SUP0102,PRD0057,PLT006,2022-09-06,2022,9,2022-09-27,2022-09-27,0,3586,1155.76,4144555.36,In Transit,1.79,Y
PO001658,SUP0095,PRD0005,PLT005,2023-09-19,2023,9,2023-10-30,2023-11-29,30,1446,857.74,1240292.04,Delayed,4.33,N
PO001659,SUP0101,PRD0025,PLT002,2022-07-22,2022,7,2022-09-02,2022-09-02,0,3151,1881.04,5927157.04,Delivered,1.9,Y
PO001660,SUP0040,PRD0019,PLT005,2022-09-01,2022,9,2022-09-19,2022-09-19,0,4159,1136.14,4725206.26,Delivered,6.3,Y
PO001661,SUP0061,PRD0009,PLT007,2023-11-23,2023,11,2024-01-06,2024-01-06,0,1244,725.71,902783.24,In Transit,3.23,Y
PO001662,SUP0046,PRD0042,PLT008,2022-05-24,2022,5,2022-06-19,2022-07-13,24,844,1104.51,932206.44,Delivered,2.26,N
PO001663,SUP0101,PRD0006,PLT001,2023-05-27,2023,5,2023-07-08,2023-07-16,8,107,1775.92,190023.44,In Transit,7.09,N
PO001664,SUP0077,PRD0025,PLT005,2021-04-08,2021,4,2021-04-16,2021-04-16,0,744,1202.59,894726.96,In Transit,0.89,Y
PO001665,SUP0027,PRD0042,PLT003,2022-09-27,2022,9,2022-10-07,2022-10-07,0,3565,1978.73,7054172.45,Delivered,2.97,Y
PO001666,SUP0088,PRD0007,PLT001,2022-10-20,2022,10,2022-10-30,2022-11-05,6,3087,1398.42,4316922.54,Delayed,7.34,N
PO001667,SUP0087,PRD0036,PLT008,2022-08-11,2022,8,2022-09-12,2022-09-12,0,609,342.68,208692.12,In Transit,7.88,Y
PO001668,SUP0074,PRD0047,PLT007,2024-04-23,2024,4,2024-05-04,2024-05-04,0,720,1496.45,1077444.0,Delayed,3.38,Y
PO001669,SUP0054,PRD0026,PLT006,2024-02-28,2024,2,2024-03-28,2024-03-28,0,3385,1003.55,3397016.75,In Transit,7.11,Y
PO001670,SUP0070,PRD0014,PLT003,2021-03-07,2021,3,2021-03-29,2021-03-26,-3,3919,834.43,3270131.17,In Transit,4.56,Y
PO001671,SUP0095,PRD0004,PLT004,2023-05-09,2023,5,2023-06-19,2023-06-19,0,2880,1411.52,4065177.6,Cancelled,6.5,Y
PO001672,SUP0071,PRD0036,PLT004,2021-06-27,2021,6,2021-07-19,2021-07-30,11,539,1269.43,684222.77,In Transit,3.28,N
PO001673,SUP0033,PRD0014,PLT004,2021-08-18,2021,8,2021-09-29,2021-09-29,0,4351,146.64,638030.64,Delivered,2.09,Y
PO001674,SUP0088,PRD0002,PLT007,2024-01-23,2024,1,2024-02-02,2024-02-02,0,2885,1332.71,3844868.35,In Transit,7.51,Y
PO001675,SUP0100,PRD0043,PLT003,2022-01-09,2022,1,2022-01-17,2022-02-13,27,1440,1803.16,2596550.4,In Transit,5.33,N
PO001676,SUP0001,PRD0026,PLT008,2024-01-12,2024,1,2024-01-23,2024-02-21,29,799,167.6,133912.4,Delivered,5.67,N
PO001677,SUP0102,PRD0044,PLT002,2021-11-02,2021,11,2021-11-23,2021-12-06,13,1759,1282.87,2256568.33,Partial,3.02,N
PO001678,SUP0044,PRD0054,PLT007,2021-03-18,2021,3,2021-04-14,2021-05-02,18,1921,227.79,437584.59,Cancelled,1.95,N
PO001679,SUP0048,PRD0055,PLT006,2021-03-04,2021,3,2021-03-26,2021-04-21,26,3442,778.66,2680147.72,Partial,7.13,N
PO001680,SUP0058,PRD0054,PLT004,2021-03-21,2021,3,2021-04-18,2021-04-18,0,4210,1942.66,8178598.6,Partial,2.32,Y
PO001681,SUP0026,PRD0033,PLT006,2024-06-08,2024,6,2024-06-28,2024-06-28,0,4572,312.18,1427286.96,Cancelled,5.06,Y
PO001682,SUP0044,PRD0015,PLT002,2021-01-07,2021,1,2021-02-03,2021-02-03,0,1340,888.42,1190482.8,In Transit,7.36,Y
PO001683,SUP0065,PRD0059,PLT004,2021-09-17,2021,9,2021-09-26,2021-09-25,-1,4867,1205.66,5867947.22,Delivered,1.35,Y
PO001684,SUP0035,PRD0018,PLT001,2024-01-25,2024,1,2024-01-28,2024-01-28,0,2927,615.54,1801685.58,Cancelled,1.78,Y
PO001685,SUP0113,PRD0038,PLT001,2024-10-14,2024,10,2024-11-18,2024-11-18,0,3915,1443.51,5651341.65,Cancelled,2.25,Y
PO001686,SUP0014,PRD0039,PLT008,2023-10-07,2023,10,2023-10-30,2023-11-27,28,843,1681.09,1417158.87,Delivered,6.93,N
PO001687,SUP0104,PRD0051,PLT005,2024-09-10,2024,9,2024-09-18,2024-09-18,0,4372,779.49,3407930.28,Delivered,3.96,Y
PO001688,SUP0033,PRD0022,PLT001,2021-07-22,2021,7,2021-09-02,2021-09-02,0,1086,1042.74,1132415.64,Delivered,1.06,Y
PO001689,SUP0063,PRD0044,PLT001,2021-05-03,2021,5,2021-06-13,2021-07-09,26,4618,743.72,3434498.96,Delayed,3.96,N
PO001690,SUP0068,PRD0014,PLT004,2024-09-12,2024,9,2024-09-22,2024-09-29,7,809,657.7,532079.3,In Transit,5.31,N
PO001691,SUP0072,PRD0043,PLT001,2023-08-13,2023,8,2023-09-07,2023-09-07,0,3672,698.72,2565699.84,Cancelled,2.36,Y
PO001692,SUP0095,PRD0014,PLT008,2021-06-19,2021,6,2021-07-30,2021-07-30,0,1529,1321.81,2021047.49,In Transit,5.39,Y
PO001693,SUP0063,PRD0049,PLT008,2021-04-16,2021,4,2021-05-27,2021-05-27,0,3289,1612.24,5302657.36,Delivered,7.75,Y
PO001694,SUP0045,PRD0051,PLT003,2023-01-22,2023,1,2023-02-08,2023-02-08,0,792,1169.35,926125.2,Delivered,5.28,Y
PO001695,SUP0028,PRD0006,PLT002,2022-10-07,2022,10,2022-11-18,2022-11-30,12,789,79.95,63080.55,In Transit,1.85,N
PO001696,SUP0069,PRD0015,PLT005,2021-09-23,2021,9,2021-11-07,2021-11-07,0,1292,1155.32,1492673.44,Partial,3.18,Y
PO001697,SUP0004,PRD0027,PLT007,2024-04-04,2024,4,2024-05-12,2024-05-12,0,2538,1688.11,4284423.18,Delivered,0.29,Y
PO001698,SUP0045,PRD0043,PLT002,2023-11-09,2023,11,2023-11-26,2023-11-30,4,4610,566.34,2610827.4,In Transit,0.39,N
PO001699,SUP0060,PRD0029,PLT001,2022-09-11,2022,9,2022-09-26,2022-09-26,0,4490,874.2,3925158.0,Delivered,4.34,Y
PO001700,SUP0010,PRD0012,PLT005,2021-03-24,2021,3,2021-04-10,2021-04-10,0,2912,1692.49,4928530.88,Cancelled,3.53,Y
PO001701,SUP0074,PRD0019,PLT004,2024-06-06,2024,6,2024-06-17,2024-06-24,7,4658,51.55,240119.9,Partial,2.19,N
PO001702,SUP0056,PRD0040,PLT003,2023-09-07,2023,9,2023-10-08,2023-10-08,0,2946,700.92,2064910.32,Delivered,3.53,Y
PO001703,SUP0009,PRD0002,PLT001,2022-09-26,2022,9,2022-10-06,2022-10-17,11,1956,290.85,568902.6,Delivered,7.84,N
PO001704,SUP0009,PRD0038,PLT002,2022-12-14,2022,12,2022-12-24,2022-12-24,0,1244,1888.55,2349356.2,Delivered,3.58,Y
PO001705,SUP0060,PRD0005,PLT008,2022-05-26,2022,5,2022-06-10,2022-06-20,10,1229,226.48,278343.92,Delivered,6.08,N
PO001706,SUP0002,PRD0059,PLT001,2021-02-01,2021,2,2021-03-15,2021-03-15,0,4625,481.69,2227816.25,Delivered,4.55,Y
PO001707,SUP0039,PRD0002,PLT008,2021-06-27,2021,6,2021-08-02,2021-09-01,30,900,200.04,180036.0,Cancelled,3.91,N
PO001708,SUP0082,PRD0041,PLT003,2024-10-18,2024,10,2024-11-11,2024-11-11,0,989,34.22,33843.58,Delayed,2.14,Y
PO001709,SUP0058,PRD0046,PLT003,2022-04-10,2022,4,2022-05-08,2022-05-08,0,307,646.28,198407.96,Delayed,3.22,Y
PO001710,SUP0060,PRD0057,PLT001,2024-12-27,2024,12,2025-01-11,2025-01-11,0,3265,732.79,2392559.35,Delivered,5.72,Y
PO001711,SUP0043,PRD0053,PLT004,2021-06-16,2021,6,2021-07-01,2021-06-29,-2,178,792.93,141141.54,Delivered,1.47,Y
PO001712,SUP0077,PRD0040,PLT005,2022-08-15,2022,8,2022-08-23,2022-08-23,0,1152,1162.48,1339176.96,Cancelled,3.53,Y
PO001713,SUP0070,PRD0025,PLT006,2021-01-19,2021,1,2021-02-10,2021-02-10,0,3977,1959.09,7791300.93,Delayed,3.91,Y
PO001714,SUP0094,PRD0037,PLT007,2021-05-09,2021,5,2021-06-04,2021-06-28,24,1429,998.78,1427256.62,Cancelled,4.53,N
PO001715,SUP0118,PRD0040,PLT002,2024-02-03,2024,2,2024-03-04,2024-03-31,27,1206,1262.94,1523105.64,Delivered,7.06,N
PO001716,SUP0103,PRD0049,PLT008,2024-06-04,2024,6,2024-06-09,2024-07-02,23,3803,1881.55,7155534.65,Delivered,7.18,N
PO001717,SUP0107,PRD0003,PLT005,2021-02-05,2021,2,2021-03-21,2021-03-21,0,1737,1922.33,3339087.21,Delivered,7.26,Y
PO001718,SUP0002,PRD0033,PLT002,2021-07-23,2021,7,2021-09-03,2021-09-14,11,2226,1383.07,3078713.82,Delayed,0.03,N
PO001719,SUP0070,PRD0025,PLT006,2022-10-27,2022,10,2022-11-18,2022-11-18,0,3316,1305.74,4329833.84,Delivered,4.24,Y
PO001720,SUP0053,PRD0030,PLT007,2023-09-19,2023,9,2023-10-19,2023-10-19,0,860,795.47,684104.2,Partial,5.98,Y
PO001721,SUP0084,PRD0002,PLT006,2024-03-19,2024,3,2024-04-07,2024-04-07,0,2910,370.96,1079493.6,Partial,1.32,Y
PO001722,SUP0087,PRD0006,PLT007,2022-10-25,2022,10,2022-11-26,2022-11-26,0,1400,1200.94,1681316.0,Delayed,1.27,Y
PO001723,SUP0041,PRD0019,PLT004,2022-05-15,2022,5,2022-06-14,2022-06-14,0,3400,530.64,1804176.0,Delivered,6.86,Y
PO001724,SUP0101,PRD0016,PLT006,2023-09-18,2023,9,2023-10-30,2023-10-30,0,3383,1075.8,3639431.4,Delayed,3.51,Y
PO001725,SUP0067,PRD0012,PLT005,2023-06-08,2023,6,2023-07-03,2023-07-03,0,256,890.09,227863.04,Delivered,4.92,Y
PO001726,SUP0075,PRD0015,PLT004,2022-03-03,2022,3,2022-04-11,2022-04-06,-5,3861,252.07,973242.27,Delivered,5.97,Y
PO001727,SUP0096,PRD0031,PLT003,2021-07-18,2021,7,2021-07-28,2021-07-28,0,3171,868.03,2752523.13,Delivered,3.49,Y
PO001728,SUP0011,PRD0055,PLT008,2022-02-26,2022,2,2022-03-22,2022-03-22,0,4126,1593.41,6574409.66,Cancelled,0.1,Y
PO001729,SUP0002,PRD0023,PLT002,2023-03-17,2023,3,2023-04-28,2023-04-28,0,3674,1267.64,4657309.36,Delivered,2.84,Y
PO001730,SUP0068,PRD0040,PLT005,2021-04-10,2021,4,2021-04-20,2021-05-11,21,4658,969.36,4515278.88,Delivered,0.1,N
PO001731,SUP0040,PRD0022,PLT001,2024-08-18,2024,8,2024-09-05,2024-09-05,0,4440,1855.24,8237265.6,Delivered,4.37,Y
PO001732,SUP0063,PRD0001,PLT003,2023-08-15,2023,8,2023-09-25,2023-10-11,16,2585,1057.2,2732862.0,Partial,4.36,N
PO001733,SUP0070,PRD0051,PLT002,2024-05-27,2024,5,2024-06-18,2024-06-18,0,2454,1079.62,2649387.48,Delivered,6.72,Y
PO001734,SUP0044,PRD0049,PLT004,2022-06-07,2022,6,2022-07-04,2022-07-28,24,781,863.93,674729.33,Cancelled,7.13,N
PO001735,SUP0008,PRD0025,PLT005,2024-01-08,2024,1,2024-01-19,2024-01-19,0,2227,1538.79,3426885.33,Delivered,3.27,Y
PO001736,SUP0057,PRD0045,PLT003,2023-08-20,2023,8,2023-09-24,2023-09-24,0,3749,728.96,2732871.04,Cancelled,1.14,Y
PO001737,SUP0069,PRD0048,PLT005,2024-04-21,2024,4,2024-06-05,2024-06-05,0,3627,1170.89,4246818.03,In Transit,6.3,Y
PO001738,SUP0072,PRD0020,PLT003,2021-11-20,2021,11,2021-12-15,2021-12-15,0,2531,1449.58,3668886.98,Delivered,3.54,Y
PO001739,SUP0055,PRD0054,PLT003,2022-09-12,2022,9,2022-10-23,2022-10-24,1,4207,171.85,722972.95,Partial,5.98,N
PO001740,SUP0086,PRD0009,PLT008,2024-07-12,2024,7,2024-08-17,2024-08-23,6,3229,1977.48,6385282.92,Delivered,6.14,N
PO001741,SUP0032,PRD0058,PLT006,2023-07-26,2023,7,2023-08-02,2023-08-02,0,3641,526.09,1915493.69,In Transit,6.37,Y
PO001742,SUP0020,PRD0058,PLT006,2022-12-20,2022,12,2023-01-04,2023-01-04,0,2767,1081.69,2993036.23,Delivered,6.91,Y
PO001743,SUP0076,PRD0026,PLT005,2023-11-10,2023,11,2023-11-15,2023-12-04,19,3594,1609.49,5784507.06,Partial,7.8,N
PO001744,SUP0105,PRD0051,PLT005,2021-01-09,2021,1,2021-02-19,2021-02-19,0,3080,1181.11,3637818.8,Delivered,7.71,Y
PO001745,SUP0069,PRD0047,PLT001,2021-05-18,2021,5,2021-07-02,2021-07-02,0,3405,1786.79,6084019.95,Delivered,0.75,Y
PO001746,SUP0066,PRD0028,PLT003,2022-07-02,2022,7,2022-08-04,2022-08-10,6,1633,1678.35,2740745.55,Cancelled,2.98,N
PO001747,SUP0054,PRD0011,PLT003,2024-06-25,2024,6,2024-07-24,2024-07-24,0,2354,986.35,2321867.9,Delayed,1.01,Y
PO001748,SUP0075,PRD0010,PLT006,2021-06-24,2021,6,2021-08-02,2021-08-02,0,2854,1596.68,4556924.72,Partial,2.9,Y
PO001749,SUP0028,PRD0025,PLT001,2022-12-05,2022,12,2023-01-16,2023-01-16,0,1544,1356.28,2094096.32,Partial,4.98,Y
PO001750,SUP0015,PRD0018,PLT004,2023-08-10,2023,8,2023-09-20,2023-09-20,0,1580,1172.82,1853055.6,Delivered,1.0,Y
PO001751,SUP0079,PRD0013,PLT002,2023-12-15,2023,12,2024-01-07,2024-01-07,0,1662,410.54,682317.48,Delivered,5.03,Y
PO001752,SUP0075,PRD0056,PLT005,2024-01-21,2024,1,2024-02-29,2024-02-29,0,3499,686.72,2402833.28,Delivered,4.89,Y
PO001753,SUP0098,PRD0015,PLT004,2022-07-26,2022,7,2022-09-04,2022-09-13,9,824,550.63,453719.12,Cancelled,0.58,N
PO001754,SUP0102,PRD0031,PLT006,2022-05-18,2022,5,2022-06-08,2022-06-08,0,2170,1651.65,3584080.5,Partial,1.15,Y
PO001755,SUP0082,PRD0011,PLT008,2024-05-18,2024,5,2024-06-11,2024-06-11,0,4006,806.9,3232441.4,In Transit,4.91,Y
PO001756,SUP0032,PRD0015,PLT003,2024-02-18,2024,2,2024-02-25,2024-02-25,0,3012,720.81,2171079.72,Cancelled,1.55,Y
PO001757,SUP0101,PRD0023,PLT003,2023-08-28,2023,8,2023-10-09,2023-10-10,1,4487,1624.27,7288099.49,In Transit,1.58,N
PO001758,SUP0082,PRD0060,PLT002,2023-05-06,2023,5,2023-05-30,2023-06-24,25,3151,757.12,2385685.12,Delayed,1.34,N
PO001759,SUP0103,PRD0060,PLT006,2022-01-10,2022,1,2022-01-15,2022-01-15,0,3714,780.04,2897068.56,Cancelled,0.23,Y
PO001760,SUP0029,PRD0050,PLT007,2023-05-06,2023,5,2023-05-18,2023-05-18,0,3806,572.02,2177108.12,Delayed,5.16,Y
PO001761,SUP0092,PRD0006,PLT002,2023-08-17,2023,8,2023-09-07,2023-09-06,-1,2687,236.79,636254.73,Delivered,5.3,Y
PO001762,SUP0008,PRD0038,PLT003,2022-06-04,2022,6,2022-06-15,2022-07-10,25,4990,1646.14,8214238.6,Partial,1.29,N
PO001763,SUP0119,PRD0053,PLT007,2023-03-26,2023,3,2023-05-05,2023-05-05,0,4168,771.95,3217487.6,Delivered,6.77,Y
PO001764,SUP0066,PRD0014,PLT002,2021-08-21,2021,8,2021-09-23,2021-09-23,0,439,1781.85,782232.15,In Transit,1.54,Y
PO001765,SUP0043,PRD0017,PLT001,2021-11-13,2021,11,2021-11-28,2021-11-28,0,3009,302.52,910282.68,Delivered,4.03,Y
PO001766,SUP0099,PRD0005,PLT002,2022-02-25,2022,2,2022-03-22,2022-03-22,0,2324,1694.98,3939133.52,Cancelled,5.37,Y
PO001767,SUP0005,PRD0041,PLT007,2023-11-04,2023,11,2023-11-29,2023-11-29,0,506,273.78,138532.68,Delivered,7.58,Y
PO001768,SUP0098,PRD0016,PLT004,2022-09-23,2022,9,2022-11-02,2022-12-01,29,4520,1020.1,4610852.0,Partial,2.7,N
PO001769,SUP0098,PRD0002,PLT006,2024-02-10,2024,2,2024-03-21,2024-03-21,0,510,621.91,317174.1,Delayed,6.48,Y
PO001770,SUP0120,PRD0036,PLT007,2024-03-18,2024,3,2024-04-26,2024-04-26,0,1331,1797.24,2392126.44,Cancelled,6.93,Y
PO001771,SUP0107,PRD0042,PLT004,2023-05-02,2023,5,2023-06-15,2023-06-19,4,2344,1448.83,3396057.52,Cancelled,2.87,N
PO001772,SUP0083,PRD0024,PLT001,2023-04-10,2023,4,2023-04-27,2023-04-27,0,1262,775.21,978315.02,Delivered,4.65,Y
PO001773,SUP0034,PRD0059,PLT005,2021-06-11,2021,6,2021-06-28,2021-07-10,12,2224,700.63,1558201.12,Partial,3.46,N
PO001774,SUP0088,PRD0052,PLT003,2021-12-11,2021,12,2021-12-21,2021-12-21,0,2058,1270.51,2614709.58,Delivered,2.61,Y
PO001775,SUP0101,PRD0026,PLT002,2024-02-12,2024,2,2024-03-25,2024-03-25,0,3935,1119.5,4405232.5,Delivered,0.01,Y
PO001776,SUP0020,PRD0013,PLT004,2022-01-08,2022,1,2022-01-23,2022-01-23,0,1575,846.25,1332843.75,Partial,7.87,Y
PO001777,SUP0032,PRD0042,PLT004,2023-06-19,2023,6,2023-06-26,2023-07-10,14,177,1549.95,274341.15,Delivered,0.5,N
PO001778,SUP0118,PRD0019,PLT001,2023-05-10,2023,5,2023-06-09,2023-06-09,0,2938,495.05,1454456.9,Delivered,6.99,Y
PO001779,SUP0062,PRD0057,PLT004,2022-02-04,2022,2,2022-03-14,2022-03-14,0,4239,1790.78,7591116.42,Delivered,3.51,Y
PO001780,SUP0049,PRD0020,PLT003,2021-09-10,2021,9,2021-09-14,2021-09-14,0,2998,74.87,224460.26,Delivered,0.92,Y
PO001781,SUP0017,PRD0010,PLT005,2021-01-06,2021,1,2021-02-10,2021-02-10,0,3244,465.69,1510698.36,Partial,5.36,Y
PO001782,SUP0082,PRD0007,PLT005,2024-11-08,2024,11,2024-12-02,2024-12-02,0,3792,534.4,2026444.8,Delivered,0.29,Y
PO001783,SUP0103,PRD0028,PLT008,2021-07-16,2021,7,2021-07-21,2021-08-04,14,2546,22.03,56088.38,Delivered,7.68,N
PO001784,SUP0108,PRD0011,PLT006,2022-09-04,2022,9,2022-09-14,2022-10-01,17,3146,466.46,1467483.16,Delayed,3.42,N
PO001785,SUP0069,PRD0020,PLT008,2022-08-19,2022,8,2022-10-03,2022-10-03,0,1045,657.64,687233.8,Delivered,3.35,Y
PO001786,SUP0087,PRD0055,PLT002,2022-03-22,2022,3,2022-04-23,2022-04-22,-1,1775,1797.95,3191361.25,Delivered,1.96,Y
PO001787,SUP0027,PRD0053,PLT004,2022-05-02,2022,5,2022-05-12,2022-05-12,0,4252,1735.74,7380366.48,Cancelled,2.08,Y
PO001788,SUP0021,PRD0007,PLT004,2022-05-12,2022,5,2022-06-08,2022-06-08,0,3341,121.54,406065.14,Delivered,5.63,Y
PO001789,SUP0092,PRD0042,PLT007,2023-10-08,2023,10,2023-10-29,2023-10-29,0,4978,1740.14,8662416.92,Delivered,6.7,Y
PO001790,SUP0034,PRD0035,PLT008,2021-09-09,2021,9,2021-09-26,2021-09-26,0,3832,300.06,1149829.92,In Transit,6.53,Y
PO001791,SUP0052,PRD0022,PLT004,2021-06-19,2021,6,2021-08-03,2021-08-03,0,770,1046.88,806097.6,Partial,3.99,Y
PO001792,SUP0105,PRD0047,PLT001,2023-10-06,2023,10,2023-11-16,2023-11-17,1,1620,722.24,1170028.8,In Transit,1.72,N
PO001793,SUP0022,PRD0047,PLT003,2024-02-19,2024,2,2024-03-17,2024-03-17,0,3570,1283.67,4582701.9,Delayed,2.14,Y
PO001794,SUP0087,PRD0049,PLT003,2022-11-27,2022,11,2022-12-29,2023-01-12,14,256,1424.61,364700.16,Delivered,3.85,N
PO001795,SUP0008,PRD0054,PLT007,2022-08-07,2022,8,2022-08-18,2022-08-18,0,2267,1523.99,3454885.33,Partial,0.85,Y
PO001796,SUP0081,PRD0009,PLT004,2021-04-17,2021,4,2021-05-25,2021-05-25,0,2312,138.76,320813.12,Delivered,0.35,Y
PO001797,SUP0034,PRD0030,PLT008,2022-08-17,2022,8,2022-09-03,2022-09-03,0,3929,1759.59,6913429.11,In Transit,3.3,Y
PO001798,SUP0111,PRD0036,PLT001,2022-03-24,2022,3,2022-05-04,2022-05-04,0,2056,1251.31,2572693.36,Delayed,3.67,Y
PO001799,SUP0059,PRD0012,PLT008,2023-12-08,2023,12,2023-12-16,2023-12-16,0,142,243.18,34531.56,Delivered,7.38,Y
PO001800,SUP0024,PRD0041,PLT004,2024-12-05,2024,12,2024-12-08,2024-12-08,0,1205,1509.12,1818489.6,Delivered,4.0,Y
PO001801,SUP0055,PRD0052,PLT005,2021-08-03,2021,8,2021-09-13,2021-10-10,27,4587,708.89,3251678.43,Cancelled,0.59,N
PO001802,SUP0013,PRD0059,PLT006,2023-10-21,2023,10,2023-11-13,2023-11-13,0,3307,19.94,65941.58,Delivered,6.47,Y
PO001803,SUP0107,PRD0038,PLT008,2022-07-03,2022,7,2022-08-16,2022-08-16,0,1234,1487.78,1835920.52,Delivered,2.25,Y
PO001804,SUP0037,PRD0043,PLT003,2022-11-15,2022,11,2022-12-09,2022-12-04,-5,2391,231.5,553516.5,Cancelled,1.28,Y
PO001805,SUP0018,PRD0044,PLT003,2022-07-01,2022,7,2022-07-20,2022-08-14,25,1075,732.67,787620.25,Partial,3.0,N
PO001806,SUP0100,PRD0007,PLT001,2024-05-02,2024,5,2024-05-10,2024-05-10,0,3334,1508.2,5028338.8,Delivered,4.32,Y
PO001807,SUP0103,PRD0037,PLT005,2022-03-09,2022,3,2022-03-14,2022-03-14,0,737,609.56,449245.72,Delayed,7.96,Y
PO001808,SUP0080,PRD0030,PLT003,2021-06-04,2021,6,2021-06-24,2021-06-24,0,1167,241.82,282203.94,Partial,4.37,Y
PO001809,SUP0001,PRD0057,PLT006,2023-08-10,2023,8,2023-08-21,2023-08-21,0,3638,1498.14,5450233.32,Partial,2.48,Y
PO001810,SUP0109,PRD0048,PLT004,2023-10-14,2023,10,2023-11-19,2023-11-14,-5,1950,1534.7,2992665.0,Partial,2.85,Y
PO001811,SUP0052,PRD0016,PLT006,2021-01-09,2021,1,2021-02-23,2021-02-23,0,2771,1062.32,2943688.72,Cancelled,6.48,Y
PO001812,SUP0033,PRD0023,PLT003,2021-10-03,2021,10,2021-11-14,2021-11-14,0,669,1541.36,1031169.84,Delivered,3.05,Y
PO001813,SUP0018,PRD0058,PLT008,2022-08-08,2022,8,2022-08-27,2022-08-27,0,3978,1215.28,4834383.84,In Transit,4.36,Y
PO001814,SUP0098,PRD0050,PLT008,2023-10-24,2023,10,2023-12-03,2023-12-03,0,1108,1599.34,1772068.72,Cancelled,3.29,Y
PO001815,SUP0033,PRD0060,PLT006,2023-09-22,2023,9,2023-11-03,2023-11-03,0,1898,1274.45,2418906.1,Delivered,6.58,Y
PO001816,SUP0071,PRD0046,PLT004,2022-03-19,2022,3,2022-04-10,2022-04-10,0,4397,578.89,2545379.33,Delayed,2.31,Y
PO001817,SUP0077,PRD0042,PLT003,2022-12-16,2022,12,2022-12-24,2022-12-24,0,2817,373.98,1053501.66,Partial,2.79,Y
PO001818,SUP0006,PRD0039,PLT002,2022-04-28,2022,4,2022-05-02,2022-05-02,0,3057,856.72,2618993.04,Partial,3.45,Y
PO001819,SUP0022,PRD0028,PLT008,2021-03-16,2021,3,2021-04-12,2021-04-12,0,1914,580.79,1111632.06,Delayed,6.5,Y
PO001820,SUP0001,PRD0049,PLT001,2024-05-27,2024,5,2024-06-07,2024-06-07,0,4537,1855.27,8417359.99,Partial,5.19,Y
PO001821,SUP0083,PRD0041,PLT001,2023-08-24,2023,8,2023-09-10,2023-09-10,0,2912,607.41,1768777.92,Delivered,7.55,Y
PO001822,SUP0116,PRD0033,PLT006,2022-08-02,2022,8,2022-08-06,2022-09-05,30,4318,128.54,555035.72,Delivered,6.13,N
PO001823,SUP0009,PRD0005,PLT007,2024-12-01,2024,12,2024-12-11,2025-01-06,26,790,1345.46,1062913.4,Cancelled,0.96,N
PO001824,SUP0112,PRD0033,PLT003,2023-03-07,2023,3,2023-04-05,2023-04-05,0,2422,1260.68,3053366.96,In Transit,1.76,Y
PO001825,SUP0004,PRD0008,PLT007,2021-11-02,2021,11,2021-12-10,2022-01-03,24,3022,624.31,1886664.82,Delivered,2.72,N
PO001826,SUP0037,PRD0034,PLT003,2021-11-28,2021,11,2021-12-22,2021-12-22,0,2118,938.81,1988399.58,Partial,2.82,Y
PO001827,SUP0082,PRD0001,PLT006,2023-08-09,2023,8,2023-09-02,2023-09-02,0,4494,1859.5,8356593.0,Partial,2.33,Y
PO001828,SUP0069,PRD0003,PLT004,2023-12-12,2023,12,2024-01-26,2024-01-26,0,4388,1664.51,7303869.88,Delayed,6.92,Y
PO001829,SUP0074,PRD0044,PLT005,2024-11-27,2024,11,2024-12-08,2024-12-08,0,2970,1116.0,3314520.0,Delivered,0.43,Y
PO001830,SUP0012,PRD0017,PLT002,2021-11-12,2021,11,2021-11-17,2021-11-17,0,1164,1940.59,2258846.76,Delivered,1.7,Y
PO001831,SUP0109,PRD0060,PLT005,2022-11-10,2022,11,2022-12-16,2022-12-21,5,3421,1498.36,5125889.56,In Transit,7.96,N
PO001832,SUP0105,PRD0003,PLT005,2024-03-01,2024,3,2024-04-11,2024-04-14,3,1265,105.57,133546.05,In Transit,6.32,N
PO001833,SUP0023,PRD0054,PLT003,2021-03-03,2021,3,2021-04-04,2021-04-04,0,252,1411.07,355589.64,In Transit,2.52,Y
PO001834,SUP0005,PRD0006,PLT004,2024-04-25,2024,4,2024-05-20,2024-05-20,0,2261,373.93,845455.73,Cancelled,1.96,Y
PO001835,SUP0065,PRD0006,PLT006,2022-02-22,2022,2,2022-03-03,2022-03-03,0,174,1781.97,310062.78,Delayed,5.51,Y
PO001836,SUP0028,PRD0013,PLT007,2023-08-05,2023,8,2023-09-16,2023-09-16,0,2551,1521.68,3881805.68,Delivered,2.64,Y
PO001837,SUP0080,PRD0018,PLT007,2021-08-21,2021,8,2021-09-10,2021-09-10,0,1811,1907.85,3455116.35,Cancelled,6.02,Y
PO001838,SUP0034,PRD0037,PLT006,2023-06-09,2023,6,2023-06-26,2023-06-26,0,1745,642.42,1121022.9,Delivered,5.67,Y
PO001839,SUP0026,PRD0017,PLT005,2021-05-06,2021,5,2021-05-26,2021-05-26,0,655,797.23,522185.65,Delayed,3.5,Y
PO001840,SUP0051,PRD0015,PLT002,2021-05-24,2021,5,2021-07-04,2021-07-04,0,4801,1469.17,7053485.17,Cancelled,0.48,Y
PO001841,SUP0045,PRD0027,PLT003,2022-01-13,2022,1,2022-01-30,2022-01-30,0,2270,1561.31,3544173.7,In Transit,2.0,Y
PO001842,SUP0087,PRD0008,PLT007,2021-02-09,2021,2,2021-03-13,2021-03-13,0,691,1521.3,1051218.3,Partial,4.3,Y
PO001843,SUP0052,PRD0030,PLT003,2022-10-22,2022,10,2022-12-06,2022-12-06,0,1966,462.81,909884.46,Delayed,4.03,Y
PO001844,SUP0089,PRD0019,PLT006,2022-06-14,2022,6,2022-07-03,2022-07-03,0,955,1011.6,966078.0,Delivered,2.35,Y
PO001845,SUP0023,PRD0023,PLT001,2024-12-10,2024,12,2025-01-11,2025-01-11,0,3146,986.33,3102994.18,Delivered,2.73,Y
PO001846,SUP0108,PRD0005,PLT002,2022-08-08,2022,8,2022-08-18,2022-08-18,0,2643,545.8,1442549.4,Delivered,1.85,Y
PO001847,SUP0047,PRD0032,PLT003,2024-01-22,2024,1,2024-02-11,2024-02-29,18,4570,1637.11,7481592.7,Delivered,4.08,N
PO001848,SUP0007,PRD0056,PLT001,2022-01-28,2022,1,2022-02-24,2022-02-24,0,4571,1677.84,7669406.64,Delivered,5.49,Y
PO001849,SUP0074,PRD0017,PLT003,2024-07-27,2024,7,2024-08-07,2024-08-15,8,2675,1325.1,3544642.5,Cancelled,0.57,N
PO001850,SUP0047,PRD0033,PLT003,2021-08-15,2021,8,2021-09-04,2021-09-04,0,4921,1483.03,7297990.63,Cancelled,6.7,Y
PO001851,SUP0037,PRD0008,PLT001,2023-07-03,2023,7,2023-07-27,2023-07-27,0,2696,1530.78,4126982.88,Partial,0.47,Y
PO001852,SUP0050,PRD0024,PLT004,2021-03-11,2021,3,2021-04-17,2021-04-17,0,4722,1016.45,4799676.9,In Transit,6.56,Y
PO001853,SUP0087,PRD0030,PLT003,2024-04-12,2024,4,2024-05-14,2024-05-30,16,1338,1622.62,2171065.56,Delayed,5.64,N
PO001854,SUP0022,PRD0039,PLT006,2021-07-04,2021,7,2021-07-31,2021-07-31,0,1065,118.03,125701.95,Delayed,1.5,Y
PO001855,SUP0039,PRD0053,PLT007,2024-12-06,2024,12,2025-01-11,2025-01-11,0,4189,647.78,2713550.42,In Transit,6.24,Y
PO001856,SUP0016,PRD0041,PLT001,2024-10-23,2024,10,2024-11-07,2024-12-04,27,3430,746.73,2561283.9,Delivered,2.41,N
PO001857,SUP0056,PRD0041,PLT004,2024-03-02,2024,3,2024-04-02,2024-04-17,15,2833,1792.27,5077500.91,Cancelled,6.66,N
PO001858,SUP0058,PRD0056,PLT002,2022-04-09,2022,4,2022-05-07,2022-05-07,0,1132,1503.93,1702448.76,In Transit,3.44,Y
PO001859,SUP0023,PRD0006,PLT003,2021-07-26,2021,7,2021-08-27,2021-08-27,0,1030,1136.31,1170399.3,Delivered,3.11,Y
PO001860,SUP0120,PRD0005,PLT004,2024-11-25,2024,11,2025-01-03,2025-01-03,0,4653,1873.68,8718233.04,Partial,1.48,Y
PO001861,SUP0027,PRD0042,PLT003,2023-02-23,2023,2,2023-03-05,2023-03-05,0,4492,1364.3,6128435.6,Delayed,4.07,Y
PO001862,SUP0028,PRD0004,PLT002,2021-01-08,2021,1,2021-02-19,2021-02-19,0,2891,292.5,845617.5,Delivered,1.85,Y
PO001863,SUP0004,PRD0052,PLT001,2021-07-12,2021,7,2021-08-19,2021-09-06,18,613,874.18,535872.34,Delivered,3.73,N
PO001864,SUP0029,PRD0016,PLT001,2023-04-04,2023,4,2023-04-16,2023-04-16,0,1448,1380.48,1998935.04,In Transit,6.36,Y
PO001865,SUP0107,PRD0057,PLT003,2023-02-13,2023,2,2023-03-29,2023-03-29,0,1195,496.24,593006.8,Delivered,1.66,Y
PO001866,SUP0047,PRD0060,PLT003,2023-10-01,2023,10,2023-10-21,2023-10-21,0,1684,1164.87,1961641.08,Delivered,3.49,Y
PO001867,SUP0003,PRD0005,PLT007,2021-06-17,2021,6,2021-07-26,2021-07-26,0,1502,21.8,32743.6,Delivered,4.02,Y
PO001868,SUP0048,PRD0021,PLT005,2024-12-06,2024,12,2024-12-28,2024-12-28,0,857,1528.28,1309735.96,Delayed,0.57,Y
PO001869,SUP0096,PRD0056,PLT002,2022-05-12,2022,5,2022-05-22,2022-05-22,0,3980,111.9,445362.0,Partial,3.32,Y
PO001870,SUP0030,PRD0009,PLT007,2023-09-11,2023,9,2023-10-22,2023-10-20,-2,3010,92.32,277883.2,Cancelled,1.1,Y
PO001871,SUP0076,PRD0019,PLT008,2023-08-03,2023,8,2023-08-08,2023-08-08,0,4522,373.77,1690187.94,Delayed,2.37,Y
PO001872,SUP0030,PRD0040,PLT006,2022-12-24,2022,12,2023-02-03,2023-01-30,-4,514,312.18,160460.52,Delivered,4.98,Y
PO001873,SUP0040,PRD0029,PLT002,2024-08-18,2024,8,2024-09-05,2024-09-05,0,4113,1882.14,7741241.82,Partial,5.94,Y
PO001874,SUP0058,PRD0018,PLT006,2023-08-22,2023,8,2023-09-19,2023-09-19,0,2686,472.9,1270209.4,Cancelled,1.64,Y
PO001875,SUP0031,PRD0024,PLT005,2022-06-10,2022,6,2022-07-08,2022-08-06,29,3194,831.22,2654916.68,Delivered,6.31,N
PO001876,SUP0111,PRD0011,PLT003,2023-04-10,2023,4,2023-05-21,2023-05-21,0,2012,416.25,837495.0,Cancelled,5.91,Y
PO001877,SUP0054,PRD0049,PLT004,2023-03-28,2023,3,2023-04-26,2023-04-27,1,3299,1940.11,6400422.89,Delivered,2.67,N
PO001878,SUP0069,PRD0055,PLT004,2022-05-02,2022,5,2022-06-16,2022-06-19,3,829,836.04,693077.16,Delayed,7.14,N
PO001879,SUP0087,PRD0048,PLT002,2021-05-12,2021,5,2021-06-13,2021-06-13,0,3842,292.1,1122248.2,Delivered,4.76,Y
PO001880,SUP0075,PRD0007,PLT006,2021-10-20,2021,10,2021-11-28,2021-12-25,27,3996,1716.06,6857375.76,In Transit,5.97,N
PO001881,SUP0015,PRD0033,PLT001,2022-09-05,2022,9,2022-10-16,2022-10-16,0,4406,1234.03,5437136.18,Delivered,1.86,Y
PO001882,SUP0112,PRD0058,PLT001,2024-11-27,2024,11,2024-12-26,2024-12-26,0,4878,348.09,1697983.02,In Transit,4.65,Y
PO001883,SUP0085,PRD0011,PLT005,2021-04-07,2021,4,2021-04-20,2021-04-20,0,4104,1683.93,6910848.72,Delivered,4.85,Y
PO001884,SUP0039,PRD0046,PLT007,2021-08-24,2021,8,2021-09-29,2021-10-09,10,1420,1959.32,2782234.4,Delivered,2.97,N
PO001885,SUP0113,PRD0053,PLT001,2023-07-27,2023,7,2023-08-31,2023-08-31,0,4606,505.63,2328931.78,Delayed,5.29,Y
PO001886,SUP0041,PRD0022,PLT007,2023-06-07,2023,6,2023-07-07,2023-07-22,15,1879,1400.25,2631069.75,Delivered,1.53,N
PO001887,SUP0064,PRD0016,PLT002,2024-08-02,2024,8,2024-08-14,2024-08-14,0,2013,275.07,553715.91,Partial,2.91,Y
PO001888,SUP0112,PRD0014,PLT006,2021-02-02,2021,2,2021-03-03,2021-03-03,0,2144,672.78,1442440.32,Cancelled,5.71,Y
PO001889,SUP0017,PRD0020,PLT001,2023-05-28,2023,5,2023-07-02,2023-07-02,0,920,1425.62,1311570.4,Delivered,4.2,Y
PO001890,SUP0098,PRD0012,PLT003,2024-05-17,2024,5,2024-06-26,2024-06-26,0,2057,507.07,1043042.99,Delivered,2.96,Y
PO001891,SUP0013,PRD0006,PLT002,2024-07-26,2024,7,2024-08-18,2024-08-18,0,3938,540.17,2127189.46,Cancelled,0.79,Y
PO001892,SUP0073,PRD0029,PLT004,2023-02-01,2023,2,2023-03-05,2023-03-02,-3,1441,1578.13,2274085.33,In Transit,1.35,Y
PO001893,SUP0119,PRD0010,PLT003,2023-06-02,2023,6,2023-07-12,2023-07-12,0,4261,378.77,1613938.97,Delivered,0.6,Y
PO001894,SUP0018,PRD0033,PLT007,2022-03-12,2022,3,2022-03-31,2022-03-31,0,731,1935.41,1414784.71,Cancelled,6.86,Y
PO001895,SUP0109,PRD0023,PLT001,2021-08-07,2021,8,2021-09-12,2021-09-12,0,3388,1683.99,5705358.12,Delivered,1.94,Y
PO001896,SUP0017,PRD0011,PLT007,2023-04-02,2023,4,2023-05-07,2023-05-07,0,1673,457.69,765715.37,Delivered,2.81,Y
PO001897,SUP0082,PRD0013,PLT001,2022-10-14,2022,10,2022-11-07,2022-11-30,23,2111,1119.13,2362483.43,Cancelled,5.62,N
PO001898,SUP0090,PRD0040,PLT004,2021-02-02,2021,2,2021-02-18,2021-02-18,0,5000,856.03,4280150.0,In Transit,2.74,Y
PO001899,SUP0077,PRD0050,PLT001,2022-02-26,2022,2,2022-03-06,2022-03-06,0,4052,497.04,2014006.08,Partial,7.07,Y
PO001900,SUP0106,PRD0014,PLT008,2024-03-23,2024,3,2024-04-14,2024-04-18,4,2049,235.04,481596.96,Delivered,5.98,N
PO001901,SUP0025,PRD0014,PLT005,2021-10-07,2021,10,2021-10-24,2021-10-24,0,3231,1989.88,6429302.28,Delivered,2.54,Y
PO001902,SUP0111,PRD0059,PLT004,2022-01-15,2022,1,2022-02-25,2022-02-25,0,4752,842.65,4004272.8,Delayed,5.16,Y
PO001903,SUP0032,PRD0044,PLT007,2024-11-03,2024,11,2024-11-10,2024-11-10,0,1812,971.35,1760086.2,Delivered,6.58,Y
PO001904,SUP0107,PRD0013,PLT004,2024-05-12,2024,5,2024-06-25,2024-07-23,28,1259,118.16,148763.44,Delivered,6.48,N
PO001905,SUP0099,PRD0014,PLT001,2022-07-27,2022,7,2022-08-21,2022-08-16,-5,4539,1862.59,8454296.01,Partial,3.4,Y
PO001906,SUP0007,PRD0032,PLT002,2023-10-08,2023,10,2023-11-04,2023-11-04,0,2896,1639.54,4748107.84,Cancelled,0.9,Y
PO001907,SUP0055,PRD0049,PLT005,2022-10-18,2022,10,2022-11-28,2022-11-28,0,2244,304.85,684083.4,Delivered,5.74,Y
PO001908,SUP0068,PRD0041,PLT006,2023-07-11,2023,7,2023-07-21,2023-08-13,23,1067,560.75,598320.25,Delivered,7.5,N
PO001909,SUP0117,PRD0045,PLT007,2021-03-13,2021,3,2021-04-21,2021-04-21,0,4290,1372.0,5885880.0,Cancelled,3.68,Y
PO001910,SUP0031,PRD0018,PLT005,2023-05-27,2023,5,2023-06-24,2023-06-24,0,969,367.93,356524.17,Cancelled,4.68,Y
PO001911,SUP0097,PRD0056,PLT001,2022-03-02,2022,3,2022-03-30,2022-03-30,0,1305,1769.85,2309654.25,Partial,5.33,Y
PO001912,SUP0089,PRD0019,PLT007,2024-05-21,2024,5,2024-06-09,2024-06-09,0,4281,1846.93,7906707.33,Delivered,0.76,Y
PO001913,SUP0104,PRD0017,PLT005,2024-02-15,2024,2,2024-02-23,2024-02-23,0,1034,1363.52,1409879.68,Delivered,6.07,Y
PO001914,SUP0024,PRD0015,PLT006,2021-05-28,2021,5,2021-05-31,2021-05-31,0,3921,756.86,2967648.06,Delivered,1.2,Y
PO001915,SUP0065,PRD0059,PLT001,2023-05-28,2023,5,2023-06-06,2023-06-06,0,286,385.15,110152.9,Partial,1.59,Y
PO001916,SUP0041,PRD0038,PLT006,2022-07-27,2022,7,2022-08-26,2022-08-26,0,4778,660.04,3153671.12,Delayed,7.95,Y
PO001917,SUP0054,PRD0016,PLT004,2024-01-11,2024,1,2024-02-09,2024-02-09,0,2690,761.6,2048704.0,In Transit,0.54,Y
PO001918,SUP0056,PRD0002,PLT002,2022-01-28,2022,1,2022-02-28,2022-02-28,0,1074,98.18,105445.32,Delivered,2.65,Y
PO001919,SUP0107,PRD0053,PLT008,2022-12-01,2022,12,2023-01-14,2023-01-19,5,3275,1085.25,3554193.75,Partial,6.22,N
PO001920,SUP0105,PRD0002,PLT006,2023-04-28,2023,4,2023-06-08,2023-06-08,0,4373,1204.64,5267890.72,Partial,6.07,Y
PO001921,SUP0080,PRD0018,PLT006,2024-08-10,2024,8,2024-08-30,2024-08-30,0,789,1047.96,826840.44,Cancelled,7.11,Y
PO001922,SUP0029,PRD0057,PLT002,2024-07-17,2024,7,2024-07-29,2024-07-29,0,1982,1067.91,2116597.62,Delayed,0.81,Y
PO001923,SUP0013,PRD0027,PLT003,2022-01-24,2022,1,2022-02-16,2022-02-16,0,4441,802.63,3564479.83,Delivered,0.97,Y
PO001924,SUP0089,PRD0032,PLT001,2022-06-08,2022,6,2022-06-27,2022-06-27,0,2751,1625.05,4470512.55,Delivered,6.05,Y
PO001925,SUP0085,PRD0016,PLT002,2024-11-18,2024,11,2024-12-01,2024-12-14,13,435,376.15,163625.25,Partial,6.4,N
PO001926,SUP0073,PRD0059,PLT004,2021-09-18,2021,9,2021-10-20,2021-10-20,0,1506,983.84,1481663.04,Cancelled,0.17,Y
PO001927,SUP0056,PRD0043,PLT004,2022-02-24,2022,2,2022-03-27,2022-03-27,0,2559,1068.17,2733447.03,Delivered,3.74,Y
PO001928,SUP0031,PRD0036,PLT007,2021-12-22,2021,12,2022-01-19,2022-02-10,22,4293,549.5,2359003.5,Delayed,1.25,N
PO001929,SUP0118,PRD0022,PLT007,2022-05-16,2022,5,2022-06-15,2022-06-15,0,2628,117.45,308658.6,Cancelled,3.25,Y
PO001930,SUP0013,PRD0020,PLT002,2021-12-21,2021,12,2022-01-13,2022-01-28,15,4761,1276.81,6078892.41,Delivered,3.31,N
PO001931,SUP0080,PRD0012,PLT002,2021-12-07,2021,12,2021-12-27,2022-01-18,22,4498,1956.95,8802361.1,Partial,7.22,N
PO001932,SUP0020,PRD0039,PLT003,2021-11-24,2021,11,2021-12-09,2022-01-05,27,1908,446.14,851235.12,Partial,0.48,N
PO001933,SUP0029,PRD0015,PLT005,2021-11-10,2021,11,2021-11-22,2021-11-22,0,3973,397.24,1578234.52,Delivered,2.37,Y
PO001934,SUP0092,PRD0038,PLT004,2022-05-02,2022,5,2022-05-23,2022-05-23,0,1033,180.97,186942.01,Delayed,6.7,Y
PO001935,SUP0062,PRD0049,PLT003,2024-10-27,2024,10,2024-12-04,2024-12-31,27,4335,1208.85,5240364.75,In Transit,2.82,N
PO001936,SUP0033,PRD0048,PLT006,2022-12-09,2022,12,2023-01-20,2023-01-20,0,3909,185.16,723790.44,In Transit,4.69,Y
PO001937,SUP0067,PRD0030,PLT002,2021-03-04,2021,3,2021-03-29,2021-04-08,10,4672,140.85,658051.2,Partial,4.04,N
PO001938,SUP0093,PRD0013,PLT001,2023-09-15,2023,9,2023-09-18,2023-09-18,0,1524,1616.69,2463835.56,Partial,0.27,Y
PO001939,SUP0014,PRD0025,PLT003,2021-08-28,2021,8,2021-09-20,2021-09-20,0,3297,212.61,700975.17,Delivered,2.05,Y
PO001940,SUP0057,PRD0027,PLT006,2021-08-02,2021,8,2021-09-06,2021-09-06,0,142,67.74,9619.08,Delivered,4.57,Y
PO001941,SUP0016,PRD0026,PLT004,2024-12-26,2024,12,2025-01-10,2025-01-25,15,2636,1251.74,3299586.64,In Transit,7.92,N
PO001942,SUP0110,PRD0005,PLT006,2024-08-17,2024,8,2024-09-05,2024-09-05,0,1347,234.15,315400.05,Delivered,7.37,Y
PO001943,SUP0007,PRD0051,PLT001,2022-09-04,2022,9,2022-10-01,2022-10-27,26,4867,1106.21,5383924.07,Delayed,3.07,N
PO001944,SUP0031,PRD0041,PLT002,2022-09-06,2022,9,2022-10-04,2022-10-31,27,4870,817.27,3980104.9,Cancelled,4.42,N
PO001945,SUP0023,PRD0039,PLT004,2024-09-14,2024,9,2024-10-16,2024-10-16,0,3044,1080.19,3288098.36,Delivered,4.77,Y
PO001946,SUP0081,PRD0048,PLT004,2021-08-03,2021,8,2021-09-10,2021-09-10,0,896,154.7,138611.2,Delivered,4.91,Y
PO001947,SUP0003,PRD0043,PLT002,2023-10-23,2023,10,2023-12-01,2023-12-01,0,4163,770.99,3209631.37,Delayed,4.67,Y
PO001948,SUP0043,PRD0037,PLT003,2022-05-17,2022,5,2022-06-01,2022-06-20,19,1776,1459.78,2592569.28,Delivered,7.86,N
PO001949,SUP0109,PRD0012,PLT004,2023-04-10,2023,4,2023-05-16,2023-05-16,0,4819,772.25,3721472.75,In Transit,1.76,Y
PO001950,SUP0003,PRD0003,PLT001,2023-07-11,2023,7,2023-08-19,2023-08-19,0,2482,517.16,1283591.12,Partial,0.39,Y
PO001951,SUP0094,PRD0007,PLT007,2023-01-27,2023,1,2023-02-22,2023-03-18,24,454,293.58,133285.32,Delivered,5.48,N
PO001952,SUP0058,PRD0012,PLT002,2024-07-14,2024,7,2024-08-11,2024-08-16,5,3101,589.42,1827791.42,In Transit,4.58,N
PO001953,SUP0094,PRD0024,PLT003,2023-05-05,2023,5,2023-05-31,2023-06-18,18,4619,1363.63,6298606.97,Delivered,5.68,N
PO001954,SUP0097,PRD0014,PLT004,2022-03-08,2022,3,2022-04-05,2022-05-03,28,3217,804.1,2586789.7,Partial,7.86,N
PO001955,SUP0110,PRD0012,PLT006,2024-01-27,2024,1,2024-02-15,2024-02-15,0,3694,1699.33,6277325.02,Partial,0.71,Y
PO001956,SUP0105,PRD0006,PLT006,2023-02-19,2023,2,2023-04-01,2023-04-01,0,4063,822.38,3341329.94,Delayed,1.12,Y
PO001957,SUP0038,PRD0020,PLT007,2022-08-14,2022,8,2022-08-23,2022-08-23,0,2193,1117.68,2451072.24,Delivered,3.03,Y
PO001958,SUP0049,PRD0006,PLT002,2023-01-10,2023,1,2023-01-14,2023-02-07,24,1438,901.86,1296874.68,Cancelled,4.76,N
PO001959,SUP0027,PRD0041,PLT007,2023-11-06,2023,11,2023-11-16,2023-11-17,1,2057,1617.95,3328123.15,Delayed,7.22,N
PO001960,SUP0083,PRD0006,PLT007,2023-06-22,2023,6,2023-07-09,2023-07-09,0,4657,1338.92,6235350.44,Partial,5.47,Y
PO001961,SUP0077,PRD0022,PLT006,2023-09-08,2023,9,2023-09-16,2023-09-16,0,3524,1290.44,4547510.56,Delivered,3.46,Y
PO001962,SUP0040,PRD0058,PLT003,2021-08-06,2021,8,2021-08-24,2021-08-24,0,3884,692.03,2687844.52,Partial,6.82,Y
PO001963,SUP0013,PRD0008,PLT001,2024-07-10,2024,7,2024-08-02,2024-08-31,29,2322,135.28,314120.16,Delivered,3.77,N
PO001964,SUP0021,PRD0047,PLT008,2021-07-05,2021,7,2021-08-01,2021-08-01,0,1299,354.82,460911.18,Delivered,0.24,Y
PO001965,SUP0081,PRD0045,PLT003,2021-12-17,2021,12,2022-01-24,2022-01-19,-5,489,318.56,155775.84,Cancelled,6.91,Y
PO001966,SUP0028,PRD0052,PLT006,2023-04-02,2023,4,2023-05-14,2023-06-09,26,1432,1604.91,2298231.12,Delivered,1.77,N
PO001967,SUP0053,PRD0002,PLT004,2022-10-10,2022,10,2022-11-09,2022-12-01,22,3666,1009.71,3701596.86,Cancelled,3.81,N
PO001968,SUP0112,PRD0010,PLT005,2023-12-27,2023,12,2024-01-25,2024-01-25,0,4067,934.5,3800611.5,Delivered,4.48,Y
PO001969,SUP0108,PRD0056,PLT004,2021-07-19,2021,7,2021-07-29,2021-08-22,24,924,841.13,777204.12,Delivered,6.93,N
PO001970,SUP0027,PRD0057,PLT001,2024-01-17,2024,1,2024-01-27,2024-01-27,0,4597,407.85,1874886.45,Cancelled,2.7,Y
PO001971,SUP0009,PRD0045,PLT006,2024-11-21,2024,11,2024-12-01,2024-12-01,0,1718,675.43,1160388.74,Delivered,3.51,Y
PO001972,SUP0106,PRD0046,PLT002,2024-05-21,2024,5,2024-06-12,2024-06-12,0,1474,1644.07,2423359.18,Delivered,2.08,Y
PO001973,SUP0097,PRD0024,PLT003,2023-03-21,2023,3,2023-04-18,2023-05-06,18,4755,163.37,776824.35,Delivered,2.64,N
PO001974,SUP0069,PRD0022,PLT004,2021-01-25,2021,1,2021-03-11,2021-03-25,14,2117,654.73,1386063.41,Cancelled,0.33,N
PO001975,SUP0078,PRD0020,PLT004,2022-12-28,2022,12,2023-01-01,2023-01-01,0,4201,1786.28,7504162.28,Delivered,2.94,Y
PO001976,SUP0046,PRD0040,PLT006,2022-07-27,2022,7,2022-08-22,2022-08-22,0,3306,967.53,3198654.18,Cancelled,7.05,Y
PO001977,SUP0054,PRD0011,PLT005,2023-11-14,2023,11,2023-12-13,2024-01-03,21,4499,154.54,695275.46,Delivered,6.87,N
PO001978,SUP0093,PRD0037,PLT003,2021-10-10,2021,10,2021-10-13,2021-10-20,7,4200,812.86,3414012.0,In Transit,3.31,N
PO001979,SUP0120,PRD0040,PLT002,2024-05-07,2024,5,2024-06-15,2024-07-09,24,806,177.29,142895.74,Delivered,3.23,N
PO001980,SUP0073,PRD0022,PLT003,2024-02-28,2024,2,2024-03-31,2024-03-31,0,1678,46.2,77523.6,In Transit,6.37,Y
PO001981,SUP0073,PRD0014,PLT004,2021-06-13,2021,6,2021-07-15,2021-07-15,0,2300,491.56,1130588.0,Delayed,4.72,Y
PO001982,SUP0069,PRD0039,PLT001,2023-01-01,2023,1,2023-02-15,2023-02-15,0,1135,1457.58,1654353.3,Delayed,0.16,Y
PO001983,SUP0088,PRD0035,PLT008,2024-06-26,2024,6,2024-07-06,2024-07-06,0,2975,1755.76,5223386.0,Delivered,6.13,Y
PO001984,SUP0092,PRD0047,PLT001,2023-10-16,2023,10,2023-11-06,2023-11-06,0,3139,239.62,752167.18,Partial,2.83,Y
PO001985,SUP0104,PRD0040,PLT003,2024-07-06,2024,7,2024-07-14,2024-07-14,0,4237,1254.84,5316757.08,Delivered,1.88,Y
PO001986,SUP0028,PRD0047,PLT001,2022-07-15,2022,7,2022-08-26,2022-08-26,0,4514,1405.32,6343614.48,Delivered,0.38,Y
PO001987,SUP0059,PRD0051,PLT005,2021-05-01,2021,5,2021-05-09,2021-05-07,-2,429,435.69,186911.01,Delivered,3.78,Y
PO001988,SUP0099,PRD0049,PLT008,2024-04-26,2024,4,2024-05-21,2024-05-21,0,3837,187.08,717825.96,Delayed,2.66,Y
PO001989,SUP0015,PRD0012,PLT005,2021-01-01,2021,1,2021-02-11,2021-02-28,17,2102,382.46,803930.92,In Transit,3.21,N
PO001990,SUP0044,PRD0002,PLT001,2023-03-22,2023,3,2023-04-18,2023-04-18,0,4211,1700.14,7159289.54,Delayed,3.59,Y
PO001991,SUP0002,PRD0024,PLT004,2023-03-22,2023,3,2023-05-03,2023-05-03,0,2906,416.7,1210930.2,In Transit,2.83,Y
PO001992,SUP0052,PRD0055,PLT004,2023-09-14,2023,9,2023-10-29,2023-10-29,0,2152,1131.66,2435332.32,Delayed,7.13,Y
PO001993,SUP0034,PRD0033,PLT008,2023-03-22,2023,3,2023-04-08,2023-04-08,0,2846,199.76,568516.96,Delivered,7.41,Y
PO001994,SUP0089,PRD0060,PLT001,2023-10-19,2023,10,2023-11-07,2023-11-07,0,260,23.43,6091.8,Delivered,4.71,Y
PO001995,SUP0055,PRD0002,PLT005,2024-01-28,2024,1,2024-03-09,2024-03-09,0,3238,49.29,159601.02,In Transit,4.73,Y
PO001996,SUP0081,PRD0039,PLT005,2023-10-07,2023,10,2023-11-14,2023-11-29,15,740,476.99,352972.6,Delayed,1.06,N
PO001997,SUP0004,PRD0024,PLT007,2021-01-15,2021,1,2021-02-22,2021-02-22,0,4415,122.49,540793.35,Delivered,3.5,Y
PO001998,SUP0093,PRD0016,PLT001,2022-11-26,2022,11,2022-11-29,2022-12-03,4,3895,1327.38,5170145.1,Delivered,1.59,N
PO001999,SUP0080,PRD0014,PLT003,2021-04-28,2021,4,2021-05-18,2021-05-18,0,4890,197.71,966801.9,Delivered,5.27,Y
PO002000,SUP0005,PRD0035,PLT006,2023-02-12,2023,2,2023-03-09,2023-03-09,0,937,104.26,97691.62,Delayed,0.76,Y
PO002001,SUP0026,PRD0048,PLT002,2022-11-13,2022,11,2022-12-03,2022-12-10,7,4145,1191.63,4939306.35,Delivered,6.11,N
PO002002,SUP0023,PRD0045,PLT002,2022-12-04,2022,12,2023-01-05,2023-01-05,0,379,1274.2,482921.8,Delivered,5.66,Y
PO002003,SUP0095,PRD0003,PLT008,2021-09-20,2021,9,2021-10-31,2021-10-31,0,2696,658.2,1774507.2,In Transit,4.58,Y
PO002004,SUP0080,PRD0006,PLT001,2024-12-03,2024,12,2024-12-23,2025-01-18,26,221,747.78,165259.38,Cancelled,3.09,N
PO002005,SUP0010,PRD0029,PLT006,2021-09-04,2021,9,2021-09-21,2021-09-21,0,2429,859.79,2088429.91,Delayed,7.95,Y
PO002006,SUP0089,PRD0035,PLT003,2023-08-03,2023,8,2023-08-22,2023-08-22,0,1101,496.77,546943.77,Delayed,1.02,Y
PO002007,SUP0096,PRD0043,PLT003,2022-07-11,2022,7,2022-07-21,2022-07-21,0,4421,331.44,1465296.24,Delivered,1.02,Y
PO002008,SUP0062,PRD0014,PLT005,2022-08-03,2022,8,2022-09-10,2022-09-10,0,3966,932.22,3697184.52,Delivered,5.67,Y
PO002009,SUP0012,PRD0027,PLT002,2022-01-19,2022,1,2022-01-24,2022-01-24,0,4881,272.4,1329584.4,In Transit,4.76,Y
PO002010,SUP0079,PRD0048,PLT002,2022-12-11,2022,12,2023-01-03,2023-01-27,24,2450,1687.79,4135085.5,Delivered,2.39,N
PO002011,SUP0102,PRD0015,PLT006,2024-12-16,2024,12,2025-01-06,2025-01-06,0,2128,1516.25,3226580.0,Partial,4.32,Y
PO002012,SUP0090,PRD0044,PLT007,2024-10-22,2024,10,2024-11-07,2024-11-07,0,1867,1168.44,2181477.48,Partial,0.17,Y
PO002013,SUP0047,PRD0049,PLT004,2021-05-19,2021,5,2021-06-08,2021-06-05,-3,3863,700.49,2705992.87,Delivered,0.73,Y
PO002014,SUP0026,PRD0060,PLT003,2022-07-20,2022,7,2022-08-09,2022-08-09,0,2880,1123.08,3234470.4,Delivered,4.47,Y
PO002015,SUP0099,PRD0001,PLT008,2023-10-24,2023,10,2023-11-18,2023-11-18,0,2084,460.61,959911.24,Cancelled,7.39,Y
PO002016,SUP0038,PRD0040,PLT006,2023-10-18,2023,10,2023-10-27,2023-10-27,0,1547,916.34,1417577.98,Delivered,1.52,Y
PO002017,SUP0074,PRD0006,PLT006,2021-12-23,2021,12,2022-01-03,2022-01-23,20,2359,550.07,1297615.13,Cancelled,7.25,N
PO002018,SUP0108,PRD0060,PLT002,2021-04-10,2021,4,2021-04-20,2021-04-20,0,2951,1382.46,4079639.46,Cancelled,3.45,Y
PO002019,SUP0067,PRD0035,PLT004,2023-01-11,2023,1,2023-02-05,2023-02-05,0,2812,682.1,1918065.2,Delivered,5.1,Y
PO002020,SUP0025,PRD0055,PLT005,2024-05-13,2024,5,2024-05-30,2024-05-30,0,4756,41.79,198753.24,Delivered,0.76,Y
PO002021,SUP0097,PRD0046,PLT001,2023-11-26,2023,11,2023-12-24,2023-12-24,0,4541,1232.64,5597418.24,Delayed,3.0,Y
PO002022,SUP0006,PRD0027,PLT001,2021-09-25,2021,9,2021-09-29,2021-09-26,-3,4294,1367.88,5873676.72,Delivered,3.09,Y
PO002023,SUP0087,PRD0015,PLT002,2022-11-02,2022,11,2022-12-04,2022-12-07,3,2556,1864.37,4765329.72,Delivered,4.45,N
PO002024,SUP0055,PRD0046,PLT001,2024-11-16,2024,11,2024-12-27,2024-12-27,0,3787,530.74,2009912.38,Partial,7.24,Y
PO002025,SUP0090,PRD0011,PLT005,2024-07-04,2024,7,2024-07-20,2024-07-29,9,1026,761.15,780939.9,Delayed,4.62,N
PO002026,SUP0016,PRD0047,PLT006,2024-10-26,2024,10,2024-11-10,2024-11-10,0,4750,916.15,4351712.5,Delivered,7.01,Y
PO002027,SUP0042,PRD0048,PLT008,2024-06-09,2024,6,2024-07-15,2024-07-15,0,3885,701.23,2724278.55,Delayed,5.78,Y
PO002028,SUP0018,PRD0041,PLT007,2022-07-03,2022,7,2022-07-22,2022-07-23,1,4609,462.48,2131570.32,Partial,6.74,N
PO002029,SUP0082,PRD0024,PLT001,2023-07-28,2023,7,2023-08-21,2023-08-21,0,3831,1836.34,7035018.54,Delivered,1.08,Y
PO002030,SUP0069,PRD0018,PLT008,2024-05-03,2024,5,2024-06-17,2024-06-20,3,4691,1362.59,6391909.69,Partial,6.42,N
PO002031,SUP0108,PRD0003,PLT001,2022-01-06,2022,1,2022-01-16,2022-02-02,17,1514,613.0,928082.0,Delivered,7.65,N
PO002032,SUP0106,PRD0005,PLT005,2021-03-19,2021,3,2021-04-10,2021-04-10,0,946,879.98,832461.08,Cancelled,6.19,Y
PO002033,SUP0059,PRD0035,PLT003,2023-11-14,2023,11,2023-11-22,2023-11-22,0,1848,169.86,313901.28,Partial,6.17,Y
PO002034,SUP0093,PRD0006,PLT003,2022-01-17,2022,1,2022-01-20,2022-01-20,0,3646,898.51,3275967.46,Delayed,7.1,Y
PO002035,SUP0064,PRD0053,PLT002,2024-09-21,2024,9,2024-10-03,2024-10-26,23,1453,1140.05,1656492.65,Cancelled,3.74,N
PO002036,SUP0065,PRD0044,PLT004,2024-11-05,2024,11,2024-11-14,2024-11-14,0,2976,1155.53,3438857.28,Delivered,5.34,Y
PO002037,SUP0005,PRD0011,PLT003,2021-10-11,2021,10,2021-11-05,2021-11-05,0,4166,1669.56,6955386.96,Delivered,1.28,Y
PO002038,SUP0080,PRD0005,PLT003,2024-01-09,2024,1,2024-01-29,2024-02-15,17,3706,168.38,624016.28,Partial,2.45,N
PO002039,SUP0118,PRD0011,PLT003,2022-11-13,2022,11,2022-12-13,2022-12-13,0,3484,1079.2,3759932.8,Delivered,3.37,Y
PO002040,SUP0012,PRD0060,PLT001,2021-12-11,2021,12,2021-12-16,2021-12-16,0,1750,109.61,191817.5,Delivered,0.61,Y
PO002041,SUP0099,PRD0032,PLT004,2021-01-08,2021,1,2021-02-02,2021-02-02,0,1424,1119.9,1594737.6,In Transit,2.96,Y
PO002042,SUP0034,PRD0059,PLT006,2024-03-03,2024,3,2024-03-20,2024-03-26,6,3858,1333.3,5143871.4,Delivered,1.55,N
PO002043,SUP0016,PRD0038,PLT007,2022-05-02,2022,5,2022-05-17,2022-05-24,7,4856,196.41,953766.96,Delivered,5.72,N
PO002044,SUP0018,PRD0055,PLT003,2023-09-22,2023,9,2023-10-11,2023-10-11,0,721,1049.21,756480.41,Delayed,6.91,Y
PO002045,SUP0091,PRD0054,PLT002,2022-05-10,2022,5,2022-06-03,2022-06-03,0,3868,520.36,2012752.48,Partial,1.17,Y
PO002046,SUP0091,PRD0055,PLT002,2022-12-12,2022,12,2023-01-05,2023-01-05,0,4406,1906.61,8400523.66,Partial,6.1,Y
PO002047,SUP0113,PRD0003,PLT005,2022-05-05,2022,5,2022-06-09,2022-06-09,0,3453,126.05,435250.65,Cancelled,2.07,Y
PO002048,SUP0062,PRD0016,PLT008,2024-07-09,2024,7,2024-08-16,2024-08-16,0,1801,913.09,1644475.09,Partial,2.94,Y
PO002049,SUP0069,PRD0055,PLT003,2021-10-11,2021,10,2021-11-25,2021-12-23,28,3124,328.89,1027452.36,Cancelled,3.74,N
PO002050,SUP0101,PRD0024,PLT008,2023-05-21,2023,5,2023-07-02,2023-07-02,0,849,345.69,293490.81,Delivered,0.74,Y
PO002051,SUP0018,PRD0054,PLT003,2021-10-28,2021,10,2021-11-16,2021-11-16,0,2772,1520.22,4214049.84,Delivered,6.1,Y
PO002052,SUP0112,PRD0026,PLT002,2024-10-09,2024,10,2024-11-07,2024-11-07,0,4506,42.58,191865.48,Cancelled,4.59,Y
PO002053,SUP0111,PRD0025,PLT008,2023-05-18,2023,5,2023-06-28,2023-06-28,0,2816,192.66,542530.56,Delivered,5.17,Y
PO002054,SUP0020,PRD0004,PLT008,2022-04-16,2022,4,2022-05-01,2022-05-01,0,2948,814.83,2402118.84,Partial,2.5,Y
PO002055,SUP0004,PRD0041,PLT008,2021-07-19,2021,7,2021-08-26,2021-08-30,4,3493,946.71,3306858.03,Delivered,0.21,N
PO002056,SUP0119,PRD0055,PLT006,2023-09-04,2023,9,2023-10-14,2023-10-16,2,2945,1304.99,3843195.55,In Transit,7.97,N
PO002057,SUP0010,PRD0020,PLT007,2021-05-16,2021,5,2021-06-02,2021-06-04,2,3757,1990.98,7480111.86,Cancelled,6.03,N
PO002058,SUP0036,PRD0009,PLT006,2023-05-27,2023,5,2023-06-26,2023-06-22,-4,3222,419.8,1352595.6,Delivered,2.76,Y
PO002059,SUP0067,PRD0055,PLT001,2023-11-04,2023,11,2023-11-29,2023-11-29,0,453,1953.26,884826.78,Partial,3.68,Y
PO002060,SUP0025,PRD0002,PLT006,2023-01-03,2023,1,2023-01-20,2023-01-22,2,2896,152.54,441755.84,Delivered,0.23,N
PO002061,SUP0013,PRD0029,PLT008,2024-02-02,2024,2,2024-02-25,2024-02-26,1,495,1930.7,955696.5,Cancelled,2.8,N
PO002062,SUP0022,PRD0045,PLT001,2024-05-03,2024,5,2024-05-30,2024-06-09,10,2142,289.77,620687.34,Partial,0.87,N
PO002063,SUP0057,PRD0020,PLT007,2021-07-17,2021,7,2021-08-21,2021-09-12,22,4472,1494.1,6681615.2,Partial,6.75,N
PO002064,SUP0059,PRD0035,PLT005,2021-04-04,2021,4,2021-04-12,2021-04-12,0,4350,60.43,262870.5,Delivered,4.93,Y
PO002065,SUP0058,PRD0058,PLT002,2024-04-16,2024,4,2024-05-14,2024-05-25,11,151,1679.53,253609.03,Partial,1.14,N
PO002066,SUP0114,PRD0055,PLT001,2022-03-01,2022,3,2022-03-25,2022-03-25,0,958,1788.54,1713421.32,Delayed,3.03,Y
PO002067,SUP0004,PRD0013,PLT003,2022-10-17,2022,10,2022-11-24,2022-11-24,0,2088,541.97,1131633.36,Delivered,2.31,Y
PO002068,SUP0004,PRD0047,PLT005,2023-07-04,2023,7,2023-08-11,2023-08-29,18,2680,1470.64,3941315.2,Delivered,4.77,N
PO002069,SUP0094,PRD0025,PLT006,2024-12-14,2024,12,2025-01-09,2025-01-09,0,865,40.77,35266.05,In Transit,6.03,Y
PO002070,SUP0106,PRD0007,PLT007,2021-11-09,2021,11,2021-12-01,2021-12-08,7,453,854.78,387215.34,Delivered,2.04,N
PO002071,SUP0093,PRD0056,PLT001,2021-04-17,2021,4,2021-04-20,2021-04-20,0,3879,411.7,1596984.3,Delivered,3.77,Y
PO002072,SUP0016,PRD0005,PLT004,2022-12-05,2022,12,2022-12-20,2022-12-20,0,1287,1161.69,1495095.03,In Transit,1.91,Y
PO002073,SUP0017,PRD0051,PLT002,2024-06-19,2024,6,2024-07-24,2024-07-23,-1,4711,1632.24,7689482.64,Delivered,4.88,Y
PO002074,SUP0051,PRD0034,PLT004,2023-01-19,2023,1,2023-03-01,2023-03-01,0,2064,456.6,942422.4,Cancelled,4.45,Y
PO002075,SUP0008,PRD0033,PLT007,2023-07-09,2023,7,2023-07-20,2023-07-31,11,2477,1328.73,3291264.21,In Transit,4.94,N
PO002076,SUP0098,PRD0044,PLT007,2023-07-23,2023,7,2023-09-01,2023-09-09,8,2890,1591.93,4600677.7,Delivered,3.8,N
PO002077,SUP0033,PRD0032,PLT008,2023-05-18,2023,5,2023-06-29,2023-07-06,7,3440,65.65,225836.0,In Transit,4.11,N
PO002078,SUP0027,PRD0021,PLT005,2021-01-12,2021,1,2021-01-22,2021-01-22,0,1399,631.01,882782.99,Delivered,3.28,Y
PO002079,SUP0088,PRD0043,PLT001,2021-02-28,2021,2,2021-03-10,2021-03-10,0,497,975.59,484868.23,Partial,2.13,Y
PO002080,SUP0007,PRD0045,PLT003,2023-10-19,2023,10,2023-11-15,2023-12-02,17,2157,795.45,1715785.65,In Transit,1.75,N
PO002081,SUP0100,PRD0014,PLT006,2023-04-03,2023,4,2023-04-11,2023-04-11,0,4599,633.96,2915582.04,Cancelled,7.39,Y
PO002082,SUP0117,PRD0012,PLT004,2023-12-06,2023,12,2024-01-14,2024-01-14,0,865,118.39,102407.35,Delayed,5.23,Y
PO002083,SUP0007,PRD0032,PLT001,2023-03-26,2023,3,2023-04-22,2023-04-22,0,2822,1638.94,4625088.68,Partial,7.74,Y
PO002084,SUP0120,PRD0037,PLT001,2021-09-14,2021,9,2021-10-23,2021-10-27,4,685,1578.81,1081484.85,Delivered,2.04,N
PO002085,SUP0025,PRD0041,PLT002,2022-02-20,2022,2,2022-03-09,2022-03-04,-5,4688,170.87,801038.56,Delayed,7.3,Y
PO002086,SUP0003,PRD0051,PLT001,2021-06-23,2021,6,2021-08-01,2021-08-01,0,159,384.51,61137.09,Delivered,6.84,Y
PO002087,SUP0090,PRD0012,PLT002,2022-02-14,2022,2,2022-03-02,2022-03-02,0,1338,609.72,815805.36,Delayed,3.6,Y
PO002088,SUP0033,PRD0017,PLT004,2023-06-12,2023,6,2023-07-24,2023-08-05,12,3692,1591.29,5875042.68,Partial,6.32,N
PO002089,SUP0044,PRD0022,PLT008,2022-05-05,2022,5,2022-06-01,2022-06-01,0,2122,1948.9,4135565.8,In Transit,2.91,Y
PO002090,SUP0035,PRD0008,PLT008,2024-04-01,2024,4,2024-04-04,2024-04-15,11,662,1631.81,1080258.22,Delivered,7.48,N
PO002091,SUP0070,PRD0042,PLT008,2023-05-21,2023,5,2023-06-12,2023-06-20,8,4345,1585.86,6890561.7,Delivered,3.86,N
PO002092,SUP0100,PRD0049,PLT006,2022-04-27,2022,4,2022-05-05,2022-05-02,-3,1696,1293.06,2193029.76,Cancelled,2.29,Y
PO002093,SUP0003,PRD0012,PLT004,2022-11-07,2022,11,2022-12-16,2022-12-16,0,4489,22.91,102842.99,Delivered,0.96,Y
PO002094,SUP0056,PRD0038,PLT004,2023-01-11,2023,1,2023-02-11,2023-02-11,0,2957,1198.07,3542692.99,Partial,2.41,Y
PO002095,SUP0067,PRD0049,PLT007,2021-12-06,2021,12,2021-12-31,2021-12-31,0,3083,1965.05,6058249.15,Delayed,5.52,Y
PO002096,SUP0047,PRD0021,PLT004,2021-07-24,2021,7,2021-08-13,2021-08-31,18,4313,1150.6,4962537.8,Delivered,7.77,N
PO002097,SUP0006,PRD0040,PLT008,2021-09-17,2021,9,2021-09-21,2021-10-12,21,1221,1517.48,1852843.08,Delivered,4.58,N
PO002098,SUP0057,PRD0043,PLT006,2021-11-13,2021,11,2021-12-18,2021-12-18,0,2237,299.97,671032.89,Partial,7.12,Y
PO002099,SUP0078,PRD0001,PLT002,2024-11-22,2024,11,2024-11-26,2024-12-09,13,4751,170.46,809855.46,Delayed,4.83,N
PO002100,SUP0024,PRD0009,PLT002,2023-11-17,2023,11,2023-11-20,2023-11-20,0,3882,1922.81,7464348.42,Partial,4.71,Y
PO002101,SUP0100,PRD0050,PLT006,2022-03-20,2022,3,2022-03-28,2022-03-28,0,2748,220.55,606071.4,Delivered,7.14,Y
PO002102,SUP0060,PRD0008,PLT003,2021-03-13,2021,3,2021-03-28,2021-03-28,0,3090,1885.03,5824742.7,Delivered,1.85,Y
PO002103,SUP0100,PRD0020,PLT005,2024-04-23,2024,4,2024-05-01,2024-05-01,0,4895,1549.97,7587103.15,Delivered,0.98,Y
PO002104,SUP0080,PRD0013,PLT006,2024-11-02,2024,11,2024-11-22,2024-12-18,26,1887,1879.72,3547031.64,Delivered,3.0,N
PO002105,SUP0091,PRD0001,PLT002,2024-09-03,2024,9,2024-09-27,2024-10-12,15,2153,438.27,943595.31,Cancelled,3.84,N
PO002106,SUP0070,PRD0028,PLT006,2021-11-23,2021,11,2021-12-15,2021-12-15,0,2536,1974.17,5006495.12,Cancelled,2.71,Y
PO002107,SUP0075,PRD0027,PLT007,2024-02-20,2024,2,2024-03-30,2024-03-30,0,2226,1504.81,3349707.06,Delivered,7.37,Y
PO002108,SUP0019,PRD0003,PLT001,2023-09-03,2023,9,2023-09-25,2023-09-26,1,701,1670.37,1170929.37,Delayed,2.46,N
PO002109,SUP0035,PRD0048,PLT003,2023-10-19,2023,10,2023-10-22,2023-10-22,0,1998,361.76,722796.48,Cancelled,5.43,Y
PO002110,SUP0019,PRD0011,PLT004,2024-02-04,2024,2,2024-02-26,2024-02-24,-2,4006,91.86,367991.16,Delayed,6.7,Y
PO002111,SUP0029,PRD0045,PLT008,2021-12-14,2021,12,2021-12-26,2022-01-14,19,2453,1278.31,3135694.43,Partial,5.17,N
PO002112,SUP0033,PRD0046,PLT001,2024-02-19,2024,2,2024-04-01,2024-04-01,0,4921,262.0,1289302.0,In Transit,1.77,Y
PO002113,SUP0092,PRD0011,PLT005,2021-09-22,2021,9,2021-10-13,2021-10-13,0,2588,1378.24,3566885.12,Partial,5.95,Y
PO002114,SUP0042,PRD0059,PLT002,2022-03-13,2022,3,2022-04-18,2022-05-13,25,824,969.99,799271.76,Delayed,5.41,N
PO002115,SUP0046,PRD0057,PLT005,2023-05-26,2023,5,2023-06-21,2023-07-12,21,1113,460.05,512035.65,Partial,1.44,N
PO002116,SUP0108,PRD0044,PLT007,2021-08-17,2021,8,2021-08-27,2021-08-27,0,4429,514.79,2280004.91,Delivered,6.61,Y
PO002117,SUP0098,PRD0049,PLT005,2021-12-21,2021,12,2022-01-30,2022-02-20,21,638,875.41,558511.58,Delayed,3.3,N
PO002118,SUP0099,PRD0014,PLT004,2024-06-20,2024,6,2024-07-15,2024-07-15,0,172,1389.76,239038.72,Delivered,0.13,Y
PO002119,SUP0044,PRD0006,PLT006,2024-03-07,2024,3,2024-04-03,2024-04-03,0,3243,1842.83,5976297.69,Delivered,5.88,Y
PO002120,SUP0085,PRD0016,PLT004,2022-01-08,2022,1,2022-01-21,2022-01-21,0,3890,1938.36,7540220.4,In Transit,1.2,Y
PO002121,SUP0075,PRD0049,PLT004,2024-11-12,2024,11,2024-12-21,2024-12-21,0,2803,528.16,1480432.48,Delayed,3.52,Y
PO002122,SUP0069,PRD0009,PLT003,2022-05-21,2022,5,2022-07-05,2022-07-05,0,4241,1849.36,7843135.76,Partial,0.41,Y
PO002123,SUP0027,PRD0052,PLT002,2024-10-28,2024,10,2024-11-07,2024-12-03,26,4347,1150.49,5001180.03,Delayed,2.49,N
PO002124,SUP0011,PRD0056,PLT003,2024-03-21,2024,3,2024-04-14,2024-04-14,0,271,958.74,259818.54,Delivered,7.18,Y
PO002125,SUP0105,PRD0034,PLT008,2023-01-19,2023,1,2023-03-01,2023-03-01,0,1684,660.2,1111776.8,Delivered,0.25,Y
PO002126,SUP0001,PRD0025,PLT006,2021-07-20,2021,7,2021-07-31,2021-07-31,0,1110,1112.95,1235374.5,Delivered,0.47,Y
PO002127,SUP0079,PRD0040,PLT004,2023-01-17,2023,1,2023-02-09,2023-02-26,17,2526,611.14,1543739.64,Cancelled,1.07,N
PO002128,SUP0094,PRD0017,PLT001,2021-05-15,2021,5,2021-06-10,2021-07-01,21,1175,737.42,866468.5,Delayed,5.86,N
PO002129,SUP0060,PRD0033,PLT001,2022-09-07,2022,9,2022-09-22,2022-09-22,0,3707,1402.41,5198733.87,Partial,7.86,Y
PO002130,SUP0065,PRD0039,PLT001,2024-07-18,2024,7,2024-07-27,2024-07-27,0,3662,1063.95,3896184.9,Delayed,2.77,Y
PO002131,SUP0091,PRD0039,PLT003,2021-07-09,2021,7,2021-08-02,2021-08-02,0,275,1902.61,523217.75,Delivered,3.27,Y
PO002132,SUP0066,PRD0005,PLT006,2022-03-27,2022,3,2022-04-29,2022-04-29,0,2885,738.01,2129158.85,In Transit,6.37,Y
PO002133,SUP0006,PRD0053,PLT003,2024-07-07,2024,7,2024-07-11,2024-07-11,0,3384,1883.35,6373256.4,Partial,2.45,Y
PO002134,SUP0117,PRD0019,PLT008,2024-12-16,2024,12,2025-01-24,2025-01-24,0,4564,60.52,276213.28,Cancelled,0.96,Y
PO002135,SUP0036,PRD0052,PLT003,2024-10-22,2024,10,2024-11-21,2024-11-21,0,2476,564.34,1397305.84,Partial,5.35,Y
PO002136,SUP0010,PRD0035,PLT008,2024-09-21,2024,9,2024-10-08,2024-10-08,0,183,1485.66,271875.78,Delivered,5.05,Y
PO002137,SUP0091,PRD0053,PLT008,2024-06-25,2024,6,2024-07-19,2024-07-30,11,3167,727.8,2304942.6,Partial,7.21,N
PO002138,SUP0020,PRD0041,PLT002,2022-03-18,2022,3,2022-04-02,2022-03-28,-5,1021,1875.06,1914436.26,In Transit,2.09,Y
PO002139,SUP0054,PRD0036,PLT001,2024-05-24,2024,5,2024-06-22,2024-06-22,0,2303,1108.29,2552391.87,Cancelled,4.5,Y
PO002140,SUP0035,PRD0035,PLT008,2021-12-27,2021,12,2021-12-30,2022-01-20,21,3181,1952.31,6210298.11,Cancelled,2.42,N
PO002141,SUP0083,PRD0035,PLT001,2023-06-16,2023,6,2023-07-03,2023-07-03,0,4994,994.31,4965584.14,Delayed,1.39,Y
PO002142,SUP0104,PRD0014,PLT004,2022-10-01,2022,10,2022-10-09,2022-10-28,19,4275,951.42,4067320.5,In Transit,7.76,N
PO002143,SUP0093,PRD0046,PLT004,2021-08-20,2021,8,2021-08-23,2021-08-20,-3,245,1087.29,266386.05,Partial,6.17,Y
PO002144,SUP0006,PRD0038,PLT008,2022-02-22,2022,2,2022-02-26,2022-02-26,0,1693,165.31,279869.83,Cancelled,7.78,Y
PO002145,SUP0035,PRD0043,PLT002,2021-05-13,2021,5,2021-05-16,2021-05-16,0,3128,587.83,1838732.24,Delivered,5.36,Y
PO002146,SUP0068,PRD0036,PLT004,2023-12-03,2023,12,2023-12-13,2023-12-09,-4,4977,1768.44,8801525.88,Cancelled,6.87,Y
PO002147,SUP0018,PRD0057,PLT007,2024-03-08,2024,3,2024-03-27,2024-03-27,0,2873,1566.71,4501157.83,Delivered,3.08,Y
PO002148,SUP0116,PRD0042,PLT006,2021-10-07,2021,10,2021-10-11,2021-10-11,0,1037,688.42,713891.54,Delivered,3.51,Y
PO002149,SUP0112,PRD0031,PLT005,2022-07-21,2022,7,2022-08-19,2022-08-19,0,3372,334.87,1129181.64,Partial,1.83,Y
PO002150,SUP0092,PRD0035,PLT001,2022-04-23,2022,4,2022-05-14,2022-05-14,0,489,341.83,167154.87,Delivered,3.48,Y
PO002151,SUP0034,PRD0037,PLT007,2022-04-27,2022,4,2022-05-14,2022-05-14,0,2409,1635.02,3938763.18,Delivered,2.75,Y
PO002152,SUP0047,PRD0044,PLT006,2022-07-21,2022,7,2022-08-10,2022-09-09,30,2555,366.08,935334.4,Delayed,5.99,N
PO002153,SUP0073,PRD0001,PLT005,2024-04-22,2024,4,2024-05-24,2024-05-24,0,2978,1023.58,3048221.24,Cancelled,1.66,Y
PO002154,SUP0033,PRD0050,PLT003,2022-05-25,2022,5,2022-07-06,2022-07-12,6,426,926.78,394808.28,Partial,2.69,N
PO002155,SUP0061,PRD0039,PLT003,2022-12-25,2022,12,2023-02-07,2023-02-07,0,4520,803.85,3633402.0,Cancelled,3.32,Y
PO002156,SUP0100,PRD0038,PLT002,2023-12-09,2023,12,2023-12-17,2024-01-08,22,3276,523.5,1714986.0,Partial,5.49,N
PO002157,SUP0068,PRD0030,PLT003,2022-03-03,2022,3,2022-03-13,2022-04-12,30,2130,254.04,541105.2,Delivered,3.5,N
PO002158,SUP0072,PRD0002,PLT005,2022-07-24,2022,7,2022-08-18,2022-08-18,0,653,1721.61,1124211.33,Delayed,2.22,Y
PO002159,SUP0048,PRD0043,PLT005,2023-03-02,2023,3,2023-03-24,2023-03-24,0,1653,597.53,987717.09,Partial,1.11,Y
PO002160,SUP0109,PRD0060,PLT003,2024-09-02,2024,9,2024-10-08,2024-10-10,2,2598,545.27,1416611.46,Cancelled,6.81,N
PO002161,SUP0065,PRD0003,PLT007,2024-08-04,2024,8,2024-08-13,2024-08-13,0,2927,1507.4,4412159.8,Delayed,4.29,Y
PO002162,SUP0111,PRD0020,PLT002,2022-05-01,2022,5,2022-06-11,2022-06-11,0,2338,322.44,753864.72,Delivered,4.77,Y
PO002163,SUP0016,PRD0035,PLT001,2023-09-24,2023,9,2023-10-09,2023-10-09,0,1199,157.96,189394.04,Delivered,4.22,Y
PO002164,SUP0086,PRD0032,PLT007,2022-03-28,2022,3,2022-05-03,2022-05-23,20,4242,1303.67,5530168.14,Partial,2.76,N
PO002165,SUP0113,PRD0012,PLT003,2021-07-02,2021,7,2021-08-06,2021-08-09,3,2032,653.49,1327891.68,Delivered,4.33,N
PO002166,SUP0010,PRD0047,PLT005,2023-01-26,2023,1,2023-02-12,2023-02-12,0,4064,1697.45,6898436.8,Delayed,5.58,Y
PO002167,SUP0089,PRD0031,PLT004,2024-05-01,2024,5,2024-05-20,2024-05-20,0,3171,1888.62,5988814.02,Delivered,1.47,Y
PO002168,SUP0105,PRD0012,PLT007,2023-09-13,2023,9,2023-10-24,2023-10-24,0,4627,1928.0,8920856.0,Delivered,7.66,Y
PO002169,SUP0017,PRD0044,PLT005,2023-07-21,2023,7,2023-08-25,2023-08-25,0,4491,1988.09,8928512.19,Delivered,0.29,Y
PO002170,SUP0094,PRD0006,PLT004,2024-08-26,2024,8,2024-09-21,2024-10-17,26,603,841.97,507707.91,Partial,0.52,N
PO002171,SUP0099,PRD0053,PLT008,2022-01-01,2022,1,2022-01-26,2022-01-26,0,3569,209.64,748205.16,In Transit,7.96,Y
PO002172,SUP0030,PRD0052,PLT006,2023-12-16,2023,12,2024-01-26,2024-01-26,0,832,711.28,591784.96,Partial,6.24,Y
PO002173,SUP0008,PRD0016,PLT008,2021-11-13,2021,11,2021-11-24,2021-11-24,0,1482,280.28,415374.96,Delivered,6.45,Y
PO002174,SUP0016,PRD0043,PLT004,2024-04-26,2024,4,2024-05-11,2024-05-23,12,4377,1711.48,7491147.96,Delivered,1.57,N
PO002175,SUP0106,PRD0019,PLT004,2024-11-09,2024,11,2024-12-01,2024-12-01,0,1553,60.3,93645.9,Partial,1.42,Y
PO002176,SUP0055,PRD0014,PLT001,2021-07-20,2021,7,2021-08-30,2021-08-30,0,3503,1665.52,5834316.56,Delayed,1.43,Y
PO002177,SUP0053,PRD0034,PLT008,2021-12-09,2021,12,2022-01-08,2022-01-08,0,3796,1158.5,4397666.0,Delivered,5.14,Y
PO002178,SUP0021,PRD0041,PLT005,2023-10-11,2023,10,2023-11-07,2023-11-07,0,1093,1817.94,1987008.42,Delivered,4.11,Y
PO002179,SUP0044,PRD0056,PLT003,2024-11-24,2024,11,2024-12-21,2024-12-21,0,4670,1004.47,4690874.9,Cancelled,6.12,Y
PO002180,SUP0012,PRD0003,PLT005,2021-11-25,2021,11,2021-11-30,2021-12-05,5,818,1141.88,934057.84,Delivered,7.65,N
PO002181,SUP0015,PRD0048,PLT008,2021-03-22,2021,3,2021-05-02,2021-05-24,22,1577,1931.58,3046101.66,Delivered,1.0,N
PO002182,SUP0059,PRD0044,PLT001,2021-01-17,2021,1,2021-01-25,2021-01-25,0,1443,1002.46,1446549.78,Partial,1.89,Y
PO002183,SUP0085,PRD0044,PLT008,2023-06-12,2023,6,2023-06-25,2023-07-08,13,969,794.97,770325.93,Delivered,5.13,N
PO002184,SUP0048,PRD0005,PLT005,2024-08-18,2024,8,2024-09-09,2024-09-09,0,2842,1035.21,2942066.82,In Transit,4.06,Y
PO002185,SUP0111,PRD0034,PLT008,2023-09-28,2023,9,2023-11-08,2023-11-08,0,1957,152.87,299166.59,Partial,7.11,Y
PO002186,SUP0117,PRD0007,PLT003,2022-10-24,2022,10,2022-12-02,2022-11-29,-3,840,372.91,313244.4,Delivered,5.27,Y
PO002187,SUP0110,PRD0036,PLT008,2022-06-09,2022,6,2022-06-28,2022-06-28,0,1747,1401.35,2448158.45,Delivered,6.55,Y
PO002188,SUP0021,PRD0024,PLT005,2021-06-03,2021,6,2021-06-30,2021-07-01,1,3945,534.25,2107616.25,In Transit,0.26,N
PO002189,SUP0114,PRD0017,PLT001,2021-04-21,2021,4,2021-05-15,2021-05-15,0,882,159.93,141058.26,Partial,5.39,Y
PO002190,SUP0042,PRD0017,PLT005,2022-12-27,2022,12,2023-02-01,2023-02-01,0,1853,1472.21,2728005.13,Cancelled,2.5,Y
PO002191,SUP0046,PRD0042,PLT008,2021-03-05,2021,3,2021-03-31,2021-04-08,8,1256,285.32,358361.92,Partial,5.04,N
PO002192,SUP0052,PRD0050,PLT004,2024-09-10,2024,9,2024-10-25,2024-10-25,0,876,702.38,615284.88,Delivered,6.9,Y
PO002193,SUP0015,PRD0008,PLT005,2023-03-28,2023,3,2023-05-08,2023-05-10,2,1687,1065.49,1797481.63,Delivered,4.4,N
PO002194,SUP0088,PRD0032,PLT007,2021-08-14,2021,8,2021-08-24,2021-08-24,0,2526,110.68,279577.68,Delivered,4.27,Y
PO002195,SUP0067,PRD0003,PLT007,2024-12-03,2024,12,2024-12-28,2025-01-17,20,2378,639.56,1520873.68,Cancelled,6.09,N
PO002196,SUP0083,PRD0057,PLT002,2021-12-04,2021,12,2021-12-21,2021-12-21,0,4591,317.02,1455438.82,Partial,4.31,Y
PO002197,SUP0036,PRD0030,PLT008,2024-08-12,2024,8,2024-09-11,2024-09-11,0,215,299.84,64465.6,Delivered,7.5,Y
PO002198,SUP0031,PRD0036,PLT005,2024-06-01,2024,6,2024-06-29,2024-07-23,24,3439,335.17,1152649.63,Delivered,2.77,N
PO002199,SUP0118,PRD0033,PLT008,2022-09-15,2022,9,2022-10-15,2022-10-15,0,475,272.62,129494.5,Partial,5.22,Y
PO002200,SUP0102,PRD0023,PLT005,2024-04-15,2024,4,2024-05-06,2024-05-22,16,2748,92.93,255371.64,In Transit,7.13,N
PO002201,SUP0042,PRD0037,PLT005,2021-11-01,2021,11,2021-12-07,2021-12-07,0,1123,1197.56,1344859.88,Delivered,5.29,Y
PO002202,SUP0038,PRD0029,PLT002,2022-07-06,2022,7,2022-07-15,2022-07-15,0,532,1062.9,565462.8,Delivered,3.5,Y
PO002203,SUP0098,PRD0038,PLT003,2021-10-14,2021,10,2021-11-23,2021-11-23,0,1967,1807.73,3555804.91,Partial,5.48,Y
PO002204,SUP0079,PRD0035,PLT006,2021-12-12,2021,12,2022-01-04,2022-01-04,0,3487,672.72,2345774.64,Cancelled,0.17,Y
PO002205,SUP0017,PRD0028,PLT004,2021-07-07,2021,7,2021-08-11,2021-09-03,23,3048,230.78,703417.44,Delivered,2.11,N
PO002206,SUP0030,PRD0004,PLT005,2021-07-23,2021,7,2021-09-02,2021-09-02,0,1213,1683.92,2042594.96,Delivered,0.85,Y
PO002207,SUP0078,PRD0058,PLT004,2023-02-14,2023,2,2023-02-18,2023-02-18,0,4257,696.3,2964149.1,Delivered,3.48,Y
PO002208,SUP0043,PRD0054,PLT004,2021-01-23,2021,1,2021-02-07,2021-02-07,0,203,317.6,64472.8,Delivered,0.44,Y
PO002209,SUP0009,PRD0023,PLT005,2022-04-08,2022,4,2022-04-18,2022-04-18,0,1386,270.78,375301.08,Delivered,1.48,Y
PO002210,SUP0058,PRD0008,PLT002,2021-09-26,2021,9,2021-10-24,2021-10-24,0,941,379.59,357194.19,Delivered,4.21,Y
PO002211,SUP0059,PRD0024,PLT005,2023-01-22,2023,1,2023-01-30,2023-02-10,11,4573,416.76,1905843.48,Delivered,1.11,N
PO002212,SUP0036,PRD0048,PLT006,2022-02-10,2022,2,2022-03-12,2022-03-12,0,4755,80.19,381303.45,Delivered,4.21,Y
PO002213,SUP0097,PRD0016,PLT004,2024-10-17,2024,10,2024-11-14,2024-11-14,0,3848,1195.15,4598937.2,Delivered,7.12,Y
PO002214,SUP0008,PRD0028,PLT008,2024-06-13,2024,6,2024-06-24,2024-07-23,29,3654,394.91,1443001.14,Delayed,2.43,N
PO002215,SUP0048,PRD0044,PLT006,2021-07-02,2021,7,2021-07-24,2021-07-30,6,4005,1391.34,5572316.7,Delivered,1.26,N
PO002216,SUP0036,PRD0011,PLT007,2023-09-12,2023,9,2023-10-12,2023-10-12,0,2680,323.38,866658.4,Delivered,3.09,Y
PO002217,SUP0084,PRD0054,PLT007,2021-11-17,2021,11,2021-12-06,2021-12-06,0,2066,1720.41,3554367.06,Partial,5.21,Y
PO002218,SUP0095,PRD0052,PLT008,2021-03-27,2021,3,2021-05-07,2021-05-18,11,2490,252.85,629596.5,Delivered,4.16,N
PO002219,SUP0109,PRD0014,PLT008,2021-07-15,2021,7,2021-08-20,2021-09-17,28,4042,615.77,2488942.34,Delivered,0.2,N
PO002220,SUP0045,PRD0040,PLT002,2023-12-28,2023,12,2024-01-14,2024-01-15,1,3985,934.59,3724341.15,Delivered,6.08,N
PO002221,SUP0104,PRD0012,PLT001,2024-11-18,2024,11,2024-11-26,2024-11-21,-5,4632,1153.9,5344864.8,Delivered,3.01,Y
PO002222,SUP0012,PRD0002,PLT004,2022-11-07,2022,11,2022-11-12,2022-11-12,0,4839,1813.59,8775962.01,Cancelled,3.63,Y
PO002223,SUP0048,PRD0023,PLT007,2022-06-23,2022,6,2022-07-15,2022-07-15,0,3625,1601.89,5806851.25,Cancelled,1.59,Y
PO002224,SUP0057,PRD0009,PLT008,2024-01-24,2024,1,2024-02-28,2024-02-28,0,1579,1845.17,2913523.43,Partial,1.42,Y
PO002225,SUP0085,PRD0028,PLT001,2023-11-25,2023,11,2023-12-08,2023-12-08,0,253,1695.67,429004.51,Delayed,4.84,Y
PO002226,SUP0048,PRD0030,PLT002,2023-08-27,2023,8,2023-09-18,2023-09-18,0,2643,606.94,1604142.42,Delivered,1.47,Y
PO002227,SUP0033,PRD0004,PLT008,2023-05-08,2023,5,2023-06-19,2023-06-19,0,1102,420.95,463886.9,Delayed,7.81,Y
PO002228,SUP0071,PRD0011,PLT005,2024-06-09,2024,6,2024-07-01,2024-07-01,0,1301,1493.42,1942939.42,Cancelled,4.32,Y
PO002229,SUP0059,PRD0039,PLT003,2022-02-23,2022,2,2022-03-03,2022-03-03,0,3291,634.04,2086625.64,Delayed,5.94,Y
PO002230,SUP0092,PRD0055,PLT006,2022-11-21,2022,11,2022-12-12,2022-12-12,0,2832,87.04,246497.28,Partial,5.66,Y
PO002231,SUP0054,PRD0048,PLT007,2021-08-14,2021,8,2021-09-12,2021-09-19,7,1963,1475.89,2897172.07,Delivered,3.56,N
PO002232,SUP0010,PRD0048,PLT004,2024-09-08,2024,9,2024-09-25,2024-09-25,0,3869,1046.76,4049914.44,Partial,1.13,Y
PO002233,SUP0007,PRD0001,PLT004,2022-06-24,2022,6,2022-07-21,2022-07-21,0,4449,1252.38,5571838.62,Partial,3.43,Y
PO002234,SUP0047,PRD0049,PLT003,2022-04-21,2022,4,2022-05-11,2022-05-10,-1,2994,329.64,986942.16,Partial,6.81,Y
PO002235,SUP0008,PRD0053,PLT006,2024-12-02,2024,12,2024-12-13,2024-12-22,9,4163,637.52,2653995.76,Delayed,4.5,N
PO002236,SUP0064,PRD0051,PLT002,2024-11-27,2024,11,2024-12-09,2024-12-24,15,2125,870.69,1850216.25,Delivered,7.53,N
PO002237,SUP0105,PRD0003,PLT007,2024-08-19,2024,8,2024-09-29,2024-09-29,0,1860,627.91,1167912.6,Delivered,6.29,Y
PO002238,SUP0068,PRD0047,PLT007,2022-07-07,2022,7,2022-07-17,2022-08-09,23,2077,1858.53,3860166.81,Cancelled,7.1,N
PO002239,SUP0006,PRD0026,PLT008,2024-08-13,2024,8,2024-08-17,2024-08-17,0,4825,1690.62,8157241.5,Delivered,5.06,Y
PO002240,SUP0051,PRD0029,PLT008,2023-09-10,2023,9,2023-10-21,2023-11-19,29,2042,847.78,1731166.76,In Transit,6.62,N
PO002241,SUP0116,PRD0029,PLT008,2024-04-23,2024,4,2024-04-27,2024-04-27,0,1548,1482.61,2295080.28,Delivered,5.97,Y
PO002242,SUP0077,PRD0053,PLT001,2023-10-28,2023,10,2023-11-05,2023-11-05,0,4362,24.18,105473.16,Delayed,7.87,Y
PO002243,SUP0059,PRD0032,PLT008,2024-10-11,2024,10,2024-10-19,2024-11-13,25,910,699.39,636444.9,Delivered,3.91,N
PO002244,SUP0071,PRD0011,PLT004,2024-12-05,2024,12,2024-12-27,2024-12-27,0,2426,1362.0,3304212.0,Delivered,1.39,Y
PO002245,SUP0024,PRD0029,PLT006,2021-08-13,2021,8,2021-08-16,2021-08-24,8,2459,1687.17,4148751.03,Delivered,6.53,N
PO002246,SUP0071,PRD0046,PLT004,2024-04-25,2024,4,2024-05-17,2024-05-17,0,3385,1651.78,5591275.3,In Transit,7.99,Y
PO002247,SUP0116,PRD0018,PLT003,2021-07-02,2021,7,2021-07-06,2021-07-06,0,2734,1023.23,2797510.82,Delivered,4.38,Y
PO002248,SUP0045,PRD0049,PLT004,2022-12-07,2022,12,2022-12-24,2022-12-24,0,4210,1871.38,7878509.8,Delivered,6.32,Y
PO002249,SUP0081,PRD0058,PLT007,2024-05-03,2024,5,2024-06-10,2024-07-10,30,2625,1329.8,3490725.0,In Transit,0.29,N
PO002250,SUP0110,PRD0001,PLT003,2022-04-05,2022,4,2022-04-24,2022-04-24,0,2973,1183.05,3517207.65,Delivered,2.75,Y
PO002251,SUP0071,PRD0052,PLT005,2022-06-12,2022,6,2022-07-04,2022-07-26,22,1758,1215.69,2137183.02,Partial,5.54,N
PO002252,SUP0063,PRD0010,PLT005,2021-11-18,2021,11,2021-12-29,2021-12-29,0,3965,1087.73,4312849.45,Partial,5.13,Y
PO002253,SUP0120,PRD0021,PLT005,2021-06-17,2021,6,2021-07-26,2021-07-26,0,1421,1737.68,2469243.28,In Transit,1.58,Y
PO002254,SUP0018,PRD0010,PLT001,2023-08-28,2023,8,2023-09-16,2023-09-16,0,429,134.89,57867.81,Partial,1.33,Y
PO002255,SUP0035,PRD0048,PLT003,2022-08-21,2022,8,2022-08-24,2022-08-28,4,2219,1547.96,3434923.24,Cancelled,3.55,N
PO002256,SUP0111,PRD0001,PLT007,2022-03-20,2022,3,2022-04-30,2022-05-02,2,1473,1051.28,1548535.44,Cancelled,3.24,N
PO002257,SUP0051,PRD0005,PLT007,2021-02-12,2021,2,2021-03-25,2021-03-25,0,1233,1136.6,1401427.8,Delivered,1.21,Y
PO002258,SUP0048,PRD0033,PLT008,2022-08-22,2022,8,2022-09-13,2022-10-02,19,4718,1794.97,8468668.46,Delivered,2.8,N
PO002259,SUP0008,PRD0003,PLT003,2024-05-09,2024,5,2024-05-20,2024-05-20,0,2681,481.68,1291384.08,Delivered,1.51,Y
PO002260,SUP0006,PRD0055,PLT006,2024-10-15,2024,10,2024-10-19,2024-10-19,0,837,289.61,242403.57,Delayed,6.57,Y
PO002261,SUP0112,PRD0044,PLT004,2023-05-04,2023,5,2023-06-02,2023-06-02,0,2725,365.98,997295.5,Partial,3.6,Y
PO002262,SUP0054,PRD0003,PLT003,2021-06-10,2021,6,2021-07-09,2021-07-09,0,4915,1268.13,6232858.95,Cancelled,4.53,Y
PO002263,SUP0109,PRD0025,PLT007,2023-10-05,2023,10,2023-11-10,2023-11-26,16,3920,1720.21,6743223.2,Delivered,3.06,N
PO002264,SUP0116,PRD0008,PLT001,2021-12-04,2021,12,2021-12-08,2021-12-30,22,1566,805.11,1260802.26,Delivered,1.79,N
PO002265,SUP0033,PRD0041,PLT001,2021-08-24,2021,8,2021-10-05,2021-10-17,12,3802,224.7,854309.4,Delivered,0.82,N
PO002266,SUP0117,PRD0055,PLT001,2024-03-09,2024,3,2024-04-17,2024-04-17,0,2705,1290.19,3489963.95,Cancelled,6.19,Y
PO002267,SUP0040,PRD0002,PLT003,2023-05-05,2023,5,2023-05-23,2023-05-23,0,327,870.09,284519.43,In Transit,1.8,Y
PO002268,SUP0011,PRD0032,PLT005,2024-03-14,2024,3,2024-04-07,2024-04-07,0,3782,1690.08,6391882.56,Partial,1.77,Y
PO002269,SUP0085,PRD0045,PLT007,2024-06-12,2024,6,2024-06-25,2024-06-25,0,675,86.67,58502.25,Delivered,7.66,Y
PO002270,SUP0021,PRD0057,PLT001,2021-07-05,2021,7,2021-08-01,2021-08-01,0,2425,1608.28,3900079.0,Delivered,3.25,Y
PO002271,SUP0059,PRD0045,PLT006,2022-08-12,2022,8,2022-08-20,2022-08-20,0,4530,1922.66,8709649.8,Cancelled,7.72,Y
PO002272,SUP0005,PRD0013,PLT004,2022-01-23,2022,1,2022-02-17,2022-02-17,0,2032,94.15,191312.8,Cancelled,1.12,Y
PO002273,SUP0030,PRD0023,PLT004,2023-02-11,2023,2,2023-03-24,2023-03-24,0,3607,343.09,1237525.63,Cancelled,1.77,Y
PO002274,SUP0051,PRD0026,PLT004,2022-08-13,2022,8,2022-09-23,2022-09-23,0,4058,1448.97,5879920.26,In Transit,1.29,Y
PO002275,SUP0092,PRD0035,PLT008,2021-03-28,2021,3,2021-04-18,2021-04-13,-5,2375,431.25,1024218.75,Cancelled,0.72,Y
PO002276,SUP0082,PRD0059,PLT006,2023-03-16,2023,3,2023-04-09,2023-04-16,7,425,1528.35,649548.75,Delivered,3.64,N
PO002277,SUP0054,PRD0059,PLT007,2021-04-08,2021,4,2021-05-07,2021-05-07,0,1214,1102.08,1337925.12,Delivered,6.23,Y
PO002278,SUP0081,PRD0028,PLT008,2024-10-25,2024,10,2024-12-02,2024-12-06,4,2070,905.07,1873494.9,Cancelled,3.23,N
PO002279,SUP0027,PRD0031,PLT004,2023-01-20,2023,1,2023-01-30,2023-01-30,0,685,1568.35,1074319.75,In Transit,2.49,Y
PO002280,SUP0025,PRD0010,PLT006,2023-08-13,2023,8,2023-08-30,2023-08-30,0,578,801.25,463122.5,Partial,7.38,Y
PO002281,SUP0106,PRD0011,PLT008,2021-12-05,2021,12,2021-12-27,2022-01-22,26,439,1525.93,669883.27,Partial,0.15,N
PO002282,SUP0118,PRD0030,PLT008,2024-02-01,2024,2,2024-03-02,2024-03-30,28,1877,1650.52,3098026.04,Delivered,1.68,N
PO002283,SUP0107,PRD0002,PLT001,2022-11-28,2022,11,2023-01-11,2023-01-11,0,1679,814.65,1367797.35,In Transit,4.81,Y
PO002284,SUP0093,PRD0015,PLT002,2022-06-04,2022,6,2022-06-07,2022-06-07,0,1083,1519.01,1645087.83,Partial,4.82,Y
PO002285,SUP0103,PRD0033,PLT002,2023-11-11,2023,11,2023-11-16,2023-11-16,0,3797,793.6,3013299.2,In Transit,0.12,Y
PO002286,SUP0042,PRD0023,PLT007,2023-08-17,2023,8,2023-09-22,2023-10-13,21,2205,194.17,428144.85,In Transit,7.56,N
PO002287,SUP0002,PRD0032,PLT007,2024-05-26,2024,5,2024-07-07,2024-08-05,29,3272,1792.23,5864176.56,In Transit,5.11,N
PO002288,SUP0083,PRD0003,PLT004,2021-08-28,2021,8,2021-09-14,2021-09-14,0,1381,540.33,746195.73,Delivered,0.54,Y
PO002289,SUP0108,PRD0056,PLT001,2024-04-27,2024,4,2024-05-07,2024-05-07,0,2258,315.53,712466.74,Delivered,7.6,Y
PO002290,SUP0038,PRD0036,PLT006,2021-11-18,2021,11,2021-11-27,2021-12-25,28,537,1080.13,580029.81,Delivered,4.96,N
PO002291,SUP0062,PRD0014,PLT003,2024-07-11,2024,7,2024-08-18,2024-08-18,0,1227,67.03,82245.81,Partial,2.26,Y
PO002292,SUP0061,PRD0057,PLT005,2021-03-12,2021,3,2021-04-25,2021-04-25,0,2943,1749.65,5149219.95,Delivered,7.94,Y
PO002293,SUP0032,PRD0045,PLT004,2022-09-04,2022,9,2022-09-11,2022-09-26,15,3407,559.23,1905296.61,Partial,1.67,N
PO002294,SUP0005,PRD0049,PLT008,2022-11-21,2022,11,2022-12-16,2022-12-16,0,4095,338.27,1385215.65,Delivered,6.0,Y
PO002295,SUP0083,PRD0040,PLT001,2023-07-23,2023,7,2023-08-09,2023-08-17,8,2354,540.61,1272595.94,In Transit,1.77,N
PO002296,SUP0012,PRD0039,PLT006,2024-04-19,2024,4,2024-04-24,2024-05-21,27,1662,1705.59,2834690.58,Delivered,0.11,N
PO002297,SUP0115,PRD0015,PLT008,2024-01-23,2024,1,2024-02-03,2024-02-03,0,639,422.32,269862.48,Delivered,6.76,Y
PO002298,SUP0073,PRD0032,PLT004,2024-07-16,2024,7,2024-08-17,2024-08-17,0,3094,1557.44,4818719.36,Cancelled,0.25,Y
PO002299,SUP0031,PRD0022,PLT007,2021-10-11,2021,10,2021-11-08,2021-11-08,0,1875,1855.45,3478968.75,Delayed,0.9,Y
PO002300,SUP0107,PRD0031,PLT001,2024-12-15,2024,12,2025-01-28,2025-01-28,0,2327,1980.15,4607809.05,Delayed,5.16,Y
PO002301,SUP0119,PRD0051,PLT001,2022-01-13,2022,1,2022-02-22,2022-03-12,18,4441,1823.18,8096742.38,Cancelled,7.04,N
PO002302,SUP0013,PRD0028,PLT007,2022-03-21,2022,3,2022-04-13,2022-05-12,29,1380,130.23,179717.4,Partial,6.83,N
PO002303,SUP0016,PRD0055,PLT007,2024-10-23,2024,10,2024-11-07,2024-11-07,0,4261,1999.22,8518676.42,Partial,2.44,Y
PO002304,SUP0061,PRD0029,PLT002,2021-11-20,2021,11,2022-01-03,2022-01-03,0,2905,1194.78,3470835.9,Partial,4.54,Y
PO002305,SUP0017,PRD0003,PLT003,2023-07-09,2023,7,2023-08-13,2023-08-13,0,2935,742.36,2178826.6,Delivered,2.87,Y
PO002306,SUP0024,PRD0038,PLT003,2021-11-07,2021,11,2021-11-10,2021-11-10,0,3048,10.99,33497.52,Delivered,3.6,Y
PO002307,SUP0070,PRD0014,PLT008,2021-03-21,2021,3,2021-04-12,2021-04-12,0,4787,596.15,2853770.05,Cancelled,4.68,Y
PO002308,SUP0057,PRD0047,PLT002,2023-04-06,2023,4,2023-05-11,2023-05-11,0,1611,1016.58,1637710.38,Delayed,7.32,Y
PO002309,SUP0089,PRD0001,PLT005,2023-02-11,2023,2,2023-03-02,2023-03-17,15,223,674.45,150402.35,Delayed,0.05,N
PO002310,SUP0038,PRD0002,PLT006,2022-09-21,2022,9,2022-09-30,2022-09-30,0,2180,1923.38,4192968.4,Delayed,5.62,Y
PO002311,SUP0118,PRD0060,PLT003,2023-08-09,2023,8,2023-09-08,2023-09-08,0,2403,1869.85,4493249.55,Partial,2.21,Y
PO002312,SUP0074,PRD0060,PLT001,2022-12-14,2022,12,2022-12-25,2022-12-25,0,1117,583.66,651948.22,Delivered,7.51,Y
PO002313,SUP0065,PRD0018,PLT003,2022-04-26,2022,4,2022-05-05,2022-05-06,1,2227,1447.33,3223203.91,Delayed,5.07,N
PO002314,SUP0111,PRD0044,PLT008,2023-02-23,2023,2,2023-04-05,2023-04-05,0,1191,1523.88,1814941.08,Partial,0.02,Y
PO002315,SUP0083,PRD0024,PLT008,2021-06-25,2021,6,2021-07-12,2021-07-12,0,3591,1512.19,5430274.29,Cancelled,7.35,Y
PO002316,SUP0077,PRD0015,PLT002,2021-02-05,2021,2,2021-02-13,2021-02-13,0,1229,14.0,17206.0,Delivered,6.18,Y
PO002317,SUP0116,PRD0024,PLT008,2023-10-05,2023,10,2023-10-09,2023-10-09,0,2790,1575.37,4395282.3,Delivered,3.41,Y
PO002318,SUP0048,PRD0048,PLT007,2024-07-01,2024,7,2024-07-23,2024-07-22,-1,266,1736.4,461882.4,In Transit,0.08,Y
PO002319,SUP0031,PRD0028,PLT008,2023-12-27,2023,12,2024-01-24,2024-01-24,0,953,307.03,292599.59,Delivered,7.19,Y
PO002320,SUP0091,PRD0051,PLT007,2023-07-05,2023,7,2023-07-29,2023-08-21,23,3923,1586.29,6223015.67,In Transit,4.57,N
PO002321,SUP0044,PRD0032,PLT008,2023-05-11,2023,5,2023-06-07,2023-06-27,20,2509,265.64,666490.76,Partial,3.06,N
PO002322,SUP0002,PRD0020,PLT006,2022-07-02,2022,7,2022-08-13,2022-08-13,0,1112,354.01,393659.12,Delayed,1.17,Y
PO002323,SUP0040,PRD0053,PLT006,2023-01-17,2023,1,2023-02-04,2023-02-27,23,2472,1288.61,3185443.92,Delivered,5.24,N
PO002324,SUP0030,PRD0040,PLT002,2023-11-02,2023,11,2023-12-13,2023-12-13,0,2391,1030.12,2463016.92,In Transit,6.2,Y
PO002325,SUP0017,PRD0005,PLT004,2023-07-27,2023,7,2023-08-31,2023-09-12,12,3467,1475.15,5114345.05,Delivered,3.8,N
PO002326,SUP0010,PRD0046,PLT002,2024-12-28,2024,12,2025-01-14,2025-01-14,0,2263,1784.03,4037259.89,Cancelled,1.79,Y
PO002327,SUP0032,PRD0049,PLT001,2023-01-17,2023,1,2023-01-24,2023-01-24,0,3313,278.85,923830.05,Partial,7.44,Y
PO002328,SUP0104,PRD0046,PLT006,2021-12-03,2021,12,2021-12-11,2021-12-11,0,596,1494.83,890918.68,Delivered,4.34,Y
PO002329,SUP0080,PRD0047,PLT007,2023-03-10,2023,3,2023-03-30,2023-03-30,0,2552,1646.88,4202837.76,Partial,6.78,Y
PO002330,SUP0041,PRD0048,PLT002,2022-03-22,2022,3,2022-04-21,2022-04-21,0,1004,249.31,250307.24,Delivered,5.16,Y
PO002331,SUP0106,PRD0014,PLT007,2023-09-17,2023,9,2023-10-09,2023-10-09,0,801,1095.65,877615.65,Delayed,5.53,Y
PO002332,SUP0102,PRD0014,PLT001,2021-05-09,2021,5,2021-05-30,2021-06-21,22,581,496.93,288716.33,Cancelled,1.56,N
PO002333,SUP0063,PRD0005,PLT003,2024-09-18,2024,9,2024-10-29,2024-10-29,0,162,1332.86,215923.32,Delivered,4.84,Y
PO002334,SUP0030,PRD0013,PLT005,2024-03-15,2024,3,2024-04-25,2024-04-25,0,2169,1758.23,3813600.87,Cancelled,0.05,Y
PO002335,SUP0094,PRD0001,PLT008,2024-12-28,2024,12,2025-01-23,2025-01-23,0,2901,1791.64,5197547.64,In Transit,5.68,Y
PO002336,SUP0105,PRD0054,PLT003,2023-04-06,2023,4,2023-05-17,2023-05-17,0,3722,1030.56,3835744.32,Delayed,1.78,Y
PO002337,SUP0028,PRD0025,PLT005,2021-06-15,2021,6,2021-07-27,2021-07-27,0,3762,1903.57,7161230.34,Delivered,5.43,Y
PO002338,SUP0093,PRD0058,PLT001,2024-01-18,2024,1,2024-01-21,2024-01-21,0,4019,1756.16,7058007.04,Partial,1.44,Y
PO002339,SUP0107,PRD0015,PLT002,2023-03-24,2023,3,2023-05-07,2023-05-07,0,4996,1430.81,7148326.76,In Transit,5.35,Y
PO002340,SUP0104,PRD0035,PLT002,2023-08-19,2023,8,2023-08-27,2023-08-27,0,747,165.5,123628.5,In Transit,4.49,Y
PO002341,SUP0105,PRD0021,PLT001,2024-02-09,2024,2,2024-03-21,2024-03-21,0,1750,957.61,1675817.5,Delayed,5.53,Y
PO002342,SUP0037,PRD0015,PLT007,2022-06-04,2022,6,2022-06-28,2022-06-28,0,3800,1182.05,4491790.0,Delivered,0.08,Y
PO002343,SUP0106,PRD0027,PLT004,2023-03-01,2023,3,2023-03-23,2023-04-19,27,4261,329.02,1401954.22,Delivered,7.95,N
PO002344,SUP0052,PRD0034,PLT003,2021-11-15,2021,11,2021-12-30,2021-12-31,1,3975,329.99,1311710.25,Delivered,6.04,N
PO002345,SUP0072,PRD0001,PLT002,2021-09-21,2021,9,2021-10-16,2021-10-16,0,2808,776.54,2180524.32,Delayed,2.15,Y
PO002346,SUP0082,PRD0027,PLT003,2022-10-06,2022,10,2022-10-30,2022-10-29,-1,1299,122.92,159673.08,Partial,3.94,Y
PO002347,SUP0017,PRD0019,PLT005,2022-02-16,2022,2,2022-03-23,2022-03-23,0,2595,25.97,67392.15,Cancelled,5.11,Y
PO002348,SUP0106,PRD0052,PLT004,2024-09-20,2024,9,2024-10-12,2024-10-12,0,1400,1846.29,2584806.0,Delivered,4.39,Y
PO002349,SUP0033,PRD0009,PLT003,2022-12-17,2022,12,2023-01-28,2023-02-27,30,1499,134.93,202260.07,In Transit,3.95,N
PO002350,SUP0021,PRD0031,PLT006,2024-11-22,2024,11,2024-12-19,2024-12-19,0,3194,1646.24,5258090.56,Cancelled,7.82,Y
PO002351,SUP0024,PRD0059,PLT005,2023-02-16,2023,2,2023-02-19,2023-03-14,23,3048,939.82,2864571.36,Delivered,7.62,N
PO002352,SUP0065,PRD0028,PLT005,2023-10-16,2023,10,2023-10-25,2023-11-23,29,2200,734.91,1616802.0,In Transit,0.43,N
PO002353,SUP0073,PRD0043,PLT004,2022-09-14,2022,9,2022-10-16,2022-10-16,0,4889,554.82,2712514.98,Delayed,6.77,Y
PO002354,SUP0101,PRD0037,PLT004,2023-03-10,2023,3,2023-04-21,2023-04-21,0,3707,1965.38,7285663.66,Delayed,7.09,Y
PO002355,SUP0003,PRD0029,PLT001,2021-12-06,2021,12,2022-01-14,2022-01-09,-5,570,545.21,310769.7,Delayed,3.12,Y
PO002356,SUP0079,PRD0002,PLT006,2021-06-28,2021,6,2021-07-21,2021-07-19,-2,2537,288.82,732736.34,Delayed,3.68,Y
PO002357,SUP0017,PRD0054,PLT001,2022-01-12,2022,1,2022-02-16,2022-02-16,0,1623,701.03,1137771.69,Delivered,2.55,Y
PO002358,SUP0057,PRD0005,PLT003,2021-04-12,2021,4,2021-05-17,2021-05-17,0,2456,534.35,1312363.6,In Transit,0.67,Y
PO002359,SUP0074,PRD0015,PLT003,2023-08-25,2023,8,2023-09-05,2023-09-05,0,3664,314.17,1151118.88,Cancelled,2.12,Y
PO002360,SUP0047,PRD0045,PLT003,2022-10-04,2022,10,2022-10-24,2022-10-24,0,4521,436.79,1974727.59,Delivered,0.35,Y
PO002361,SUP0025,PRD0002,PLT008,2022-11-24,2022,11,2022-12-11,2022-12-11,0,1329,1012.08,1345054.32,Cancelled,6.95,Y
PO002362,SUP0062,PRD0018,PLT004,2022-06-14,2022,6,2022-07-22,2022-07-22,0,4040,881.25,3560250.0,In Transit,0.64,Y
PO002363,SUP0018,PRD0034,PLT002,2023-06-19,2023,6,2023-07-08,2023-07-08,0,4311,1056.37,4554011.07,Delayed,1.69,Y
PO002364,SUP0104,PRD0039,PLT008,2023-10-19,2023,10,2023-10-27,2023-10-27,0,3531,1719.8,6072613.8,Cancelled,1.28,Y
PO002365,SUP0057,PRD0031,PLT001,2023-04-21,2023,4,2023-05-26,2023-06-15,20,4966,1162.79,5774415.14,Delivered,6.52,N
PO002366,SUP0089,PRD0019,PLT007,2023-01-13,2023,1,2023-02-01,2023-02-19,18,4227,808.28,3416599.56,Delivered,5.5,N
PO002367,SUP0019,PRD0026,PLT005,2021-02-03,2021,2,2021-02-25,2021-02-25,0,488,42.82,20896.16,Delivered,5.27,Y
PO002368,SUP0005,PRD0006,PLT005,2022-07-14,2022,7,2022-08-08,2022-08-08,0,1354,1048.63,1419845.02,Partial,6.62,Y
PO002369,SUP0088,PRD0025,PLT005,2022-05-01,2022,5,2022-05-11,2022-06-07,27,3573,291.48,1041458.04,Partial,0.72,N
PO002370,SUP0061,PRD0004,PLT001,2021-08-20,2021,8,2021-10-03,2021-10-03,0,1963,174.74,343014.62,Delivered,4.0,Y
PO002371,SUP0075,PRD0014,PLT008,2024-11-11,2024,11,2024-12-20,2024-12-20,0,122,373.97,45624.34,Delivered,2.09,Y
PO002372,SUP0037,PRD0029,PLT003,2022-10-05,2022,10,2022-10-29,2022-10-29,0,4930,1757.84,8666151.2,Cancelled,4.24,Y
PO002373,SUP0042,PRD0023,PLT005,2021-11-27,2021,11,2022-01-02,2022-01-02,0,2708,720.92,1952251.36,In Transit,2.07,Y
PO002374,SUP0044,PRD0059,PLT004,2023-12-18,2023,12,2024-01-14,2024-01-14,0,1073,1127.44,1209743.12,Delivered,2.13,Y
PO002375,SUP0078,PRD0009,PLT001,2023-06-08,2023,6,2023-06-12,2023-06-24,12,4937,819.43,4045525.91,Cancelled,3.39,N
PO002376,SUP0067,PRD0013,PLT004,2021-03-03,2021,3,2021-03-28,2021-04-19,22,2428,782.34,1899521.52,Delivered,4.4,N
PO002377,SUP0119,PRD0035,PLT004,2023-10-27,2023,10,2023-12-06,2023-12-06,0,1077,361.8,389658.6,In Transit,0.64,Y
PO002378,SUP0087,PRD0023,PLT005,2023-04-15,2023,4,2023-05-17,2023-05-17,0,1128,1744.67,1967987.76,Delayed,4.23,Y
PO002379,SUP0113,PRD0049,PLT003,2024-11-16,2024,11,2024-12-21,2024-12-21,0,4327,1780.51,7704266.77,Partial,0.69,Y
PO002380,SUP0080,PRD0045,PLT008,2021-01-15,2021,1,2021-02-04,2021-02-27,23,947,1267.39,1200218.33,Delivered,2.05,N
PO002381,SUP0010,PRD0014,PLT006,2024-02-22,2024,2,2024-03-10,2024-03-25,15,2220,331.19,735241.8,Delivered,2.75,N
PO002382,SUP0077,PRD0040,PLT005,2024-12-21,2024,12,2024-12-29,2024-12-29,0,4703,1023.62,4814084.86,In Transit,1.4,Y
PO002383,SUP0023,PRD0060,PLT003,2024-12-08,2024,12,2025-01-09,2025-01-09,0,2114,993.57,2100406.98,Delivered,1.38,Y
PO002384,SUP0114,PRD0059,PLT001,2021-06-22,2021,6,2021-07-16,2021-07-16,0,4335,1128.89,4893738.15,Partial,6.24,Y
PO002385,SUP0070,PRD0060,PLT001,2024-12-16,2024,12,2025-01-07,2025-01-07,0,3065,1073.01,3288775.65,Delivered,6.17,Y
PO002386,SUP0068,PRD0011,PLT006,2022-12-17,2022,12,2022-12-27,2022-12-29,2,1893,1334.33,2525886.69,In Transit,7.18,N
PO002387,SUP0054,PRD0004,PLT003,2022-02-20,2022,2,2022-03-21,2022-04-10,20,1571,465.29,730970.59,Delivered,6.17,N
PO002388,SUP0013,PRD0059,PLT007,2022-08-20,2022,8,2022-09-12,2022-09-12,0,1290,1864.74,2405514.6,Delivered,4.91,Y
PO002389,SUP0078,PRD0027,PLT006,2023-04-09,2023,4,2023-04-13,2023-04-27,14,2654,1679.87,4458374.98,Delivered,5.58,N
PO002390,SUP0090,PRD0046,PLT001,2024-11-22,2024,11,2024-12-08,2024-12-08,0,2725,1655.93,4512409.25,Cancelled,6.96,Y
PO002391,SUP0101,PRD0054,PLT001,2024-11-22,2024,11,2025-01-03,2025-01-03,0,1668,1598.05,2665547.4,Delivered,0.96,Y
PO002392,SUP0033,PRD0022,PLT005,2024-10-28,2024,10,2024-12-09,2024-12-09,0,842,519.58,437486.36,Delivered,2.06,Y
PO002393,SUP0019,PRD0010,PLT002,2022-08-08,2022,8,2022-08-30,2022-08-30,0,664,1045.16,693986.24,Delayed,2.78,Y
PO002394,SUP0105,PRD0044,PLT005,2023-05-16,2023,5,2023-06-26,2023-07-06,10,3011,1556.17,4685627.87,Delivered,1.09,N
PO002395,SUP0043,PRD0037,PLT008,2024-08-06,2024,8,2024-08-21,2024-08-21,0,973,1444.92,1405907.16,Delayed,4.41,Y
PO002396,SUP0103,PRD0044,PLT006,2021-08-19,2021,8,2021-08-24,2021-08-19,-5,3903,318.63,1243612.89,Delivered,6.86,Y
PO002397,SUP0077,PRD0051,PLT001,2024-05-25,2024,5,2024-06-02,2024-06-02,0,4478,1955.43,8756415.54,In Transit,2.15,Y
PO002398,SUP0088,PRD0060,PLT004,2021-01-04,2021,1,2021-01-14,2021-01-14,0,3186,1514.05,4823763.3,Delivered,0.6,Y
PO002399,SUP0114,PRD0001,PLT002,2022-04-21,2022,4,2022-05-15,2022-05-15,0,1040,160.39,166805.6,Delayed,7.54,Y
PO002400,SUP0002,PRD0013,PLT006,2021-02-18,2021,2,2021-04-01,2021-04-01,0,1734,1124.67,1950177.78,Delivered,3.05,Y
PO002401,SUP0017,PRD0005,PLT008,2022-10-07,2022,10,2022-11-11,2022-11-11,0,3673,94.43,346841.39,Partial,5.84,Y
PO002402,SUP0108,PRD0007,PLT002,2024-06-25,2024,6,2024-07-05,2024-07-28,23,4898,1467.64,7188500.72,In Transit,6.13,N
PO002403,SUP0036,PRD0029,PLT005,2023-03-15,2023,3,2023-04-14,2023-04-14,0,2305,485.15,1118270.75,Cancelled,5.07,Y
PO002404,SUP0010,PRD0004,PLT004,2024-12-08,2024,12,2024-12-25,2025-01-05,11,3298,1696.3,5594397.4,Delivered,2.82,N
PO002405,SUP0049,PRD0031,PLT005,2023-08-22,2023,8,2023-08-26,2023-09-20,25,3610,1082.34,3907247.4,Delivered,2.5,N
PO002406,SUP0064,PRD0031,PLT001,2022-03-16,2022,3,2022-03-28,2022-04-04,7,2582,1013.75,2617502.5,Delivered,2.53,N
PO002407,SUP0026,PRD0003,PLT002,2023-09-03,2023,9,2023-09-23,2023-10-05,12,3338,281.9,940982.2,Delivered,4.45,N
PO002408,SUP0040,PRD0011,PLT001,2024-11-02,2024,11,2024-11-20,2024-11-20,0,2013,1377.76,2773430.88,Delayed,3.23,Y
PO002409,SUP0043,PRD0046,PLT005,2023-01-26,2023,1,2023-02-10,2023-02-10,0,1747,1793.31,3132912.57,Delayed,4.62,Y
PO002410,SUP0080,PRD0011,PLT002,2022-06-28,2022,6,2022-07-18,2022-07-18,0,1496,1932.26,2890660.96,Delayed,3.25,Y
PO002411,SUP0089,PRD0026,PLT001,2021-12-26,2021,12,2022-01-14,2022-01-14,0,2769,1196.36,3312720.84,In Transit,5.15,Y
PO002412,SUP0109,PRD0010,PLT001,2024-02-23,2024,2,2024-03-30,2024-03-30,0,2526,179.25,452785.5,Partial,3.57,Y
PO002413,SUP0087,PRD0058,PLT004,2023-11-01,2023,11,2023-12-03,2023-12-03,0,4541,1536.99,6979471.59,In Transit,4.94,Y
PO002414,SUP0103,PRD0022,PLT001,2024-11-24,2024,11,2024-11-29,2024-11-29,0,1120,1575.18,1764201.6,Delivered,5.31,Y
PO002415,SUP0100,PRD0001,PLT008,2021-08-21,2021,8,2021-08-29,2021-08-29,0,4519,1508.97,6819035.43,Delivered,5.49,Y
PO002416,SUP0117,PRD0032,PLT001,2021-01-03,2021,1,2021-02-11,2021-02-11,0,3772,1548.0,5839056.0,Cancelled,4.5,Y
PO002417,SUP0081,PRD0039,PLT008,2024-05-27,2024,5,2024-07-04,2024-07-04,0,4639,1740.14,8072509.46,Delivered,4.3,Y
PO002418,SUP0095,PRD0022,PLT008,2023-10-13,2023,10,2023-11-23,2023-11-23,0,4553,1513.75,6892103.75,In Transit,3.92,Y
PO002419,SUP0086,PRD0050,PLT004,2023-06-04,2023,6,2023-07-10,2023-07-10,0,3027,1949.78,5901984.06,Partial,3.21,Y
PO002420,SUP0011,PRD0023,PLT005,2022-01-02,2022,1,2022-01-26,2022-02-23,28,1797,1491.94,2681016.18,Cancelled,2.77,N
PO002421,SUP0109,PRD0026,PLT008,2021-02-28,2021,2,2021-04-05,2021-04-05,0,4987,1230.44,6136204.28,Delivered,4.33,Y
PO002422,SUP0037,PRD0051,PLT008,2024-11-24,2024,11,2024-12-18,2024-12-18,0,118,1868.54,220487.72,Partial,2.54,Y
PO002423,SUP0048,PRD0034,PLT004,2022-12-07,2022,12,2022-12-29,2022-12-29,0,3531,1591.06,5618032.86,Delayed,4.86,Y
PO002424,SUP0065,PRD0044,PLT003,2024-04-13,2024,4,2024-04-22,2024-04-27,5,2963,1811.63,5367859.69,Cancelled,0.91,N
PO002425,SUP0034,PRD0022,PLT004,2022-10-24,2022,10,2022-11-10,2022-11-08,-2,4963,993.83,4932378.29,Delayed,3.76,Y
PO002426,SUP0075,PRD0011,PLT003,2022-03-23,2022,3,2022-05-01,2022-05-01,0,2287,933.68,2135326.16,Partial,2.22,Y
PO002427,SUP0004,PRD0029,PLT001,2022-04-24,2022,4,2022-06-01,2022-06-01,0,4369,1856.14,8109475.66,Cancelled,6.39,Y
PO002428,SUP0050,PRD0024,PLT006,2022-07-23,2022,7,2022-08-29,2022-09-07,9,588,1125.6,661852.8,Cancelled,0.29,N
PO002429,SUP0018,PRD0051,PLT004,2023-02-03,2023,2,2023-02-22,2023-02-22,0,2187,618.35,1352331.45,Delivered,0.49,Y
PO002430,SUP0001,PRD0052,PLT002,2022-12-22,2022,12,2023-01-02,2023-01-02,0,1263,1343.64,1697017.32,Delivered,3.42,Y
PO002431,SUP0094,PRD0052,PLT006,2021-08-18,2021,8,2021-09-13,2021-09-13,0,4797,95.18,456578.46,Delivered,4.0,Y
PO002432,SUP0020,PRD0013,PLT008,2021-12-27,2021,12,2022-01-11,2022-01-11,0,1973,282.25,556879.25,In Transit,1.36,Y
PO002433,SUP0096,PRD0042,PLT008,2023-07-12,2023,7,2023-07-22,2023-07-22,0,2881,122.92,354132.52,Delayed,2.93,Y
PO002434,SUP0031,PRD0027,PLT008,2022-12-06,2022,12,2023-01-03,2023-01-03,0,834,1939.75,1617751.5,Cancelled,7.14,Y
PO002435,SUP0119,PRD0040,PLT005,2023-08-23,2023,8,2023-10-02,2023-10-02,0,3953,436.06,1723745.18,Delivered,5.13,Y
PO002436,SUP0066,PRD0060,PLT005,2021-09-11,2021,9,2021-10-14,2021-10-14,0,4591,52.91,242909.81,Delivered,1.56,Y
PO002437,SUP0089,PRD0026,PLT004,2021-07-24,2021,7,2021-08-12,2021-08-12,0,323,1701.98,549739.54,Partial,0.78,Y
PO002438,SUP0002,PRD0039,PLT007,2023-07-05,2023,7,2023-08-16,2023-08-16,0,4161,1329.17,5530676.37,Delivered,5.04,Y
PO002439,SUP0117,PRD0054,PLT007,2024-11-16,2024,11,2024-12-25,2024-12-25,0,500,508.09,254045.0,Delivered,3.7,Y
PO002440,SUP0017,PRD0014,PLT007,2022-07-06,2022,7,2022-08-10,2022-08-29,19,3874,1651.05,6396167.7,In Transit,6.63,N
PO002441,SUP0099,PRD0046,PLT008,2023-02-11,2023,2,2023-03-08,2023-03-05,-3,593,1085.81,643885.33,Delayed,3.39,Y
PO002442,SUP0034,PRD0006,PLT003,2022-04-05,2022,4,2022-04-22,2022-04-22,0,728,1996.27,1453284.56,Partial,2.61,Y
PO002443,SUP0087,PRD0017,PLT006,2022-07-28,2022,7,2022-08-29,2022-08-24,-5,4449,1258.4,5598621.6,In Transit,4.68,Y
PO002444,SUP0113,PRD0060,PLT001,2023-08-28,2023,8,2023-10-02,2023-10-02,0,3130,328.71,1028862.3,Delivered,5.6,Y
PO002445,SUP0116,PRD0042,PLT006,2023-01-15,2023,1,2023-01-19,2023-01-19,0,3680,528.87,1946241.6,In Transit,0.34,Y
PO002446,SUP0109,PRD0013,PLT002,2021-03-06,2021,3,2021-04-11,2021-04-11,0,2662,648.63,1726653.06,Delivered,1.93,Y
PO002447,SUP0017,PRD0034,PLT006,2022-11-03,2022,11,2022-12-08,2022-12-23,15,529,1752.04,926829.16,Delayed,5.24,N
PO002448,SUP0031,PRD0017,PLT004,2023-12-08,2023,12,2024-01-05,2024-01-24,19,3814,1354.1,5164537.4,Delivered,2.52,N
PO002449,SUP0030,PRD0005,PLT002,2024-10-17,2024,10,2024-11-27,2024-11-27,0,2239,743.5,1664696.5,Delivered,3.98,Y
PO002450,SUP0057,PRD0039,PLT007,2021-11-25,2021,11,2021-12-30,2021-12-30,0,478,493.0,235654.0,Delayed,3.75,Y
PO002451,SUP0029,PRD0040,PLT001,2024-04-20,2024,4,2024-05-02,2024-05-26,24,3651,1814.28,6623936.28,Delivered,7.31,N
PO002452,SUP0100,PRD0016,PLT002,2023-05-08,2023,5,2023-05-16,2023-05-16,0,2692,46.18,124316.56,Delivered,3.71,Y
PO002453,SUP0065,PRD0022,PLT008,2023-02-09,2023,2,2023-02-18,2023-02-16,-2,3308,1830.09,6053937.72,Delayed,7.72,Y
PO002454,SUP0019,PRD0014,PLT008,2022-11-14,2022,11,2022-12-06,2022-12-02,-4,3295,1658.05,5463274.75,In Transit,5.53,Y
PO002455,SUP0100,PRD0016,PLT006,2024-08-19,2024,8,2024-08-27,2024-09-14,18,4363,50.17,218891.71,Partial,2.95,N
PO002456,SUP0110,PRD0034,PLT004,2023-06-10,2023,6,2023-06-29,2023-07-16,17,4216,846.57,3569139.12,In Transit,4.02,N
PO002457,SUP0047,PRD0045,PLT008,2023-05-08,2023,5,2023-05-28,2023-05-28,0,4969,963.44,4787333.36,Delivered,3.01,Y
PO002458,SUP0033,PRD0018,PLT007,2024-02-24,2024,2,2024-04-06,2024-04-06,0,3298,778.53,2567591.94,Delivered,2.51,Y
PO002459,SUP0054,PRD0030,PLT003,2021-03-04,2021,3,2021-04-02,2021-04-02,0,2503,1736.95,4347585.85,Cancelled,0.91,Y
PO002460,SUP0001,PRD0011,PLT004,2021-02-02,2021,2,2021-02-13,2021-02-13,0,2944,1843.51,5427293.44,Delivered,7.4,Y
PO002461,SUP0019,PRD0010,PLT003,2023-03-24,2023,3,2023-04-15,2023-04-15,0,3730,260.83,972895.9,Cancelled,3.58,Y
PO002462,SUP0073,PRD0019,PLT006,2022-04-12,2022,4,2022-05-14,2022-05-14,0,1513,995.28,1505858.64,Partial,2.04,Y
PO002463,SUP0065,PRD0010,PLT003,2024-08-16,2024,8,2024-08-25,2024-08-25,0,2416,180.6,436329.6,Cancelled,5.29,Y
PO002464,SUP0025,PRD0020,PLT001,2021-01-23,2021,1,2021-02-09,2021-02-09,0,1000,1201.58,1201580.0,Delivered,6.64,Y
PO002465,SUP0090,PRD0032,PLT006,2024-08-09,2024,8,2024-08-25,2024-09-03,9,3484,1462.42,5095071.28,Delivered,5.98,N
PO002466,SUP0061,PRD0052,PLT004,2022-09-06,2022,9,2022-10-20,2022-10-20,0,3144,229.2,720604.8,Delivered,3.36,Y
PO002467,SUP0080,PRD0026,PLT008,2023-01-13,2023,1,2023-02-02,2023-02-02,0,280,1289.01,360922.8,In Transit,3.59,Y
PO002468,SUP0033,PRD0031,PLT005,2021-02-13,2021,2,2021-03-27,2021-03-27,0,2363,1442.45,3408509.35,Delayed,0.23,Y
PO002469,SUP0084,PRD0019,PLT004,2022-08-05,2022,8,2022-08-24,2022-08-24,0,4717,1534.69,7239132.73,Delivered,5.48,Y
PO002470,SUP0047,PRD0018,PLT004,2023-07-19,2023,7,2023-08-08,2023-08-08,0,869,381.31,331358.39,Delivered,7.39,Y
PO002471,SUP0100,PRD0060,PLT005,2024-07-18,2024,7,2024-07-26,2024-07-26,0,3568,710.04,2533422.72,Partial,6.6,Y
PO002472,SUP0068,PRD0029,PLT002,2022-11-18,2022,11,2022-11-28,2022-11-28,0,2102,197.44,415018.88,Cancelled,5.61,Y
PO002473,SUP0003,PRD0003,PLT008,2021-08-01,2021,8,2021-09-09,2021-09-09,0,1377,541.77,746017.29,Partial,7.56,Y
PO002474,SUP0037,PRD0055,PLT002,2023-02-24,2023,2,2023-03-20,2023-03-20,0,471,792.07,373064.97,Delivered,2.04,Y
PO002475,SUP0028,PRD0024,PLT002,2021-08-05,2021,8,2021-09-16,2021-09-16,0,2418,326.33,789065.94,Delivered,3.76,Y
PO002476,SUP0053,PRD0013,PLT002,2021-07-19,2021,7,2021-08-18,2021-08-18,0,977,1687.06,1648257.62,Cancelled,5.06,Y
PO002477,SUP0079,PRD0059,PLT008,2024-01-03,2024,1,2024-01-26,2024-02-10,15,1029,368.2,378877.8,Partial,3.83,N
PO002478,SUP0092,PRD0028,PLT005,2024-07-13,2024,7,2024-08-03,2024-08-03,0,3663,547.81,2006628.03,Delivered,2.64,Y
PO002479,SUP0008,PRD0005,PLT001,2022-04-15,2022,4,2022-04-26,2022-05-07,11,2049,814.2,1668295.8,Delivered,1.47,N
PO002480,SUP0002,PRD0039,PLT007,2021-12-19,2021,12,2022-01-30,2022-01-30,0,1145,339.86,389139.7,Delayed,6.32,Y
PO002481,SUP0069,PRD0050,PLT005,2021-05-11,2021,5,2021-06-25,2021-06-25,0,2094,1235.84,2587848.96,Delivered,1.02,Y
PO002482,SUP0005,PRD0035,PLT008,2023-04-22,2023,4,2023-05-17,2023-05-17,0,1488,1078.23,1604406.24,Partial,6.34,Y
PO002483,SUP0023,PRD0039,PLT004,2022-09-08,2022,9,2022-10-10,2022-11-03,24,1287,809.86,1042289.82,Cancelled,1.71,N
PO002484,SUP0047,PRD0038,PLT006,2022-03-09,2022,3,2022-03-29,2022-03-29,0,4465,1243.69,5553075.85,Delayed,5.9,Y
PO002485,SUP0057,PRD0010,PLT005,2023-10-18,2023,10,2023-11-22,2023-12-21,29,1105,952.62,1052645.1,Delivered,7.34,N
PO002486,SUP0034,PRD0055,PLT008,2021-04-25,2021,4,2021-05-12,2021-06-01,20,2668,1353.48,3611084.64,Delivered,3.2,N
PO002487,SUP0059,PRD0036,PLT006,2021-06-28,2021,6,2021-07-06,2021-07-06,0,528,131.42,69389.76,Delivered,2.67,Y
PO002488,SUP0015,PRD0022,PLT008,2024-04-02,2024,4,2024-05-13,2024-06-04,22,1588,1351.28,2145832.64,In Transit,7.21,N
PO002489,SUP0104,PRD0002,PLT002,2023-09-27,2023,9,2023-10-05,2023-10-05,0,4479,907.25,4063572.75,Delivered,4.55,Y
PO002490,SUP0117,PRD0003,PLT001,2024-07-18,2024,7,2024-08-26,2024-08-26,0,4263,1909.2,8138919.6,Delivered,2.2,Y
PO002491,SUP0053,PRD0050,PLT003,2022-06-27,2022,6,2022-07-27,2022-07-27,0,3668,1108.06,4064364.08,In Transit,5.75,Y
PO002492,SUP0110,PRD0007,PLT001,2021-06-20,2021,6,2021-07-09,2021-07-19,10,894,216.23,193309.62,Cancelled,0.85,N
PO002493,SUP0085,PRD0049,PLT005,2023-04-21,2023,4,2023-05-04,2023-05-04,0,849,1965.41,1668633.09,Cancelled,5.79,Y
PO002494,SUP0013,PRD0033,PLT002,2023-05-20,2023,5,2023-06-12,2023-07-02,20,1603,1634.22,2619654.66,In Transit,7.1,N
PO002495,SUP0064,PRD0043,PLT001,2021-08-02,2021,8,2021-08-14,2021-08-14,0,1765,1288.72,2274590.8,Delivered,3.62,Y
PO002496,SUP0059,PRD0042,PLT001,2021-11-12,2021,11,2021-11-20,2021-12-04,14,4200,1007.26,4230492.0,Cancelled,0.34,N
PO002497,SUP0007,PRD0042,PLT001,2023-07-06,2023,7,2023-08-02,2023-08-15,13,690,1164.51,803511.9,Delivered,0.3,N
PO002498,SUP0032,PRD0030,PLT005,2022-02-10,2022,2,2022-02-17,2022-02-17,0,3215,744.46,2393438.9,Cancelled,3.49,Y
PO002499,SUP0022,PRD0034,PLT004,2022-12-28,2022,12,2023-01-24,2023-02-23,30,3213,999.32,3210815.16,Delivered,3.37,N
PO002500,SUP0079,PRD0049,PLT002,2023-08-17,2023,8,2023-09-09,2023-09-09,0,4716,898.79,4238693.64,Delivered,2.35,Y
PO002501,SUP0082,PRD0054,PLT003,2023-03-14,2023,3,2023-04-07,2023-04-07,0,2510,405.02,1016600.2,Delivered,2.19,Y
PO002502,SUP0081,PRD0047,PLT003,2022-05-12,2022,5,2022-06-19,2022-07-16,27,4899,1189.93,5829467.07,Delivered,3.34,N
PO002503,SUP0042,PRD0034,PLT006,2024-06-02,2024,6,2024-07-08,2024-07-15,7,1319,577.62,761880.78,In Transit,6.24,N
PO002504,SUP0003,PRD0020,PLT001,2021-04-08,2021,4,2021-05-17,2021-05-20,3,3129,747.4,2338614.6,Delayed,2.92,N
PO002505,SUP0089,PRD0043,PLT003,2023-12-24,2023,12,2024-01-12,2024-01-12,0,418,1004.96,420073.28,Partial,3.15,Y
PO002506,SUP0047,PRD0038,PLT004,2021-04-25,2021,4,2021-05-15,2021-05-12,-3,2150,1881.55,4045332.5,Cancelled,7.35,Y
PO002507,SUP0017,PRD0014,PLT004,2023-06-09,2023,6,2023-07-14,2023-08-10,27,1486,1283.74,1907637.64,Cancelled,3.61,N
PO002508,SUP0057,PRD0006,PLT003,2023-11-19,2023,11,2023-12-24,2023-12-24,0,1628,641.39,1044182.92,Delivered,5.98,Y
PO002509,SUP0062,PRD0015,PLT002,2023-02-09,2023,2,2023-03-19,2023-03-19,0,2578,1972.19,5084305.82,Delivered,3.68,Y
PO002510,SUP0091,PRD0022,PLT002,2022-01-01,2022,1,2022-01-25,2022-02-02,8,3279,1675.93,5495374.47,Cancelled,2.54,N
PO002511,SUP0091,PRD0060,PLT007,2023-03-15,2023,3,2023-04-08,2023-04-19,11,1793,1062.96,1905887.28,Delivered,3.54,N
PO002512,SUP0049,PRD0044,PLT005,2024-11-10,2024,11,2024-11-14,2024-12-13,29,798,1757.6,1402564.8,Delivered,7.7,N
PO002513,SUP0036,PRD0058,PLT002,2021-05-11,2021,5,2021-06-10,2021-06-10,0,1185,319.21,378263.85,Delivered,1.81,Y
PO002514,SUP0104,PRD0005,PLT007,2024-02-24,2024,2,2024-03-03,2024-03-03,0,275,1499.02,412230.5,Delivered,2.58,Y
PO002515,SUP0023,PRD0058,PLT006,2023-06-14,2023,6,2023-07-16,2023-08-06,21,817,1213.26,991233.42,Delivered,3.5,N
PO002516,SUP0097,PRD0031,PLT005,2023-11-27,2023,11,2023-12-25,2023-12-25,0,4126,113.53,468424.78,Delivered,0.3,Y
PO002517,SUP0086,PRD0014,PLT008,2024-05-11,2024,5,2024-06-16,2024-06-16,0,4858,1235.29,6001038.82,In Transit,5.26,Y
PO002518,SUP0057,PRD0047,PLT004,2023-01-11,2023,1,2023-02-15,2023-02-15,0,4435,1486.33,6591873.55,Delivered,2.59,Y
PO002519,SUP0016,PRD0027,PLT008,2021-10-08,2021,10,2021-10-23,2021-11-16,24,3075,798.89,2456586.75,Delayed,6.91,N
PO002520,SUP0026,PRD0021,PLT005,2023-10-02,2023,10,2023-10-22,2023-10-17,-5,4075,1650.9,6727417.5,Delivered,4.32,Y
PO002521,SUP0003,PRD0021,PLT006,2022-05-18,2022,5,2022-06-26,2022-06-26,0,4850,247.15,1198677.5,Delayed,1.32,Y
PO002522,SUP0036,PRD0042,PLT006,2023-10-23,2023,10,2023-11-22,2023-11-22,0,2155,1673.47,3606327.85,Cancelled,7.7,Y
PO002523,SUP0105,PRD0029,PLT001,2024-09-27,2024,9,2024-11-07,2024-11-07,0,2053,633.44,1300452.32,Delivered,3.52,Y
PO002524,SUP0037,PRD0042,PLT003,2024-07-20,2024,7,2024-08-13,2024-08-13,0,4493,174.9,785825.7,Delivered,3.96,Y
PO002525,SUP0093,PRD0005,PLT008,2021-09-25,2021,9,2021-09-28,2021-09-28,0,4616,48.6,224337.6,In Transit,4.98,Y
PO002526,SUP0107,PRD0024,PLT003,2021-06-10,2021,6,2021-07-24,2021-07-30,6,4834,1300.35,6285891.9,Delivered,5.75,N
PO002527,SUP0021,PRD0024,PLT003,2024-12-27,2024,12,2025-01-23,2025-01-23,0,3311,837.97,2774518.67,Delayed,5.46,Y
PO002528,SUP0023,PRD0039,PLT002,2021-09-07,2021,9,2021-10-09,2021-10-09,0,4926,1834.48,9036648.48,Delivered,0.07,Y
PO002529,SUP0081,PRD0009,PLT008,2022-03-25,2022,3,2022-05-02,2022-05-02,0,4456,682.79,3042512.24,Delayed,5.87,Y
PO002530,SUP0087,PRD0006,PLT006,2024-07-08,2024,7,2024-08-09,2024-08-09,0,2002,1125.93,2254111.86,Delayed,0.1,Y
PO002531,SUP0082,PRD0011,PLT008,2024-09-07,2024,9,2024-10-01,2024-10-01,0,3331,1553.13,5173476.03,Delivered,6.89,Y
PO002532,SUP0032,PRD0054,PLT008,2021-12-04,2021,12,2021-12-11,2021-12-29,18,645,1872.6,1207827.0,Delivered,0.61,N
PO002533,SUP0011,PRD0005,PLT004,2022-05-10,2022,5,2022-06-03,2022-06-03,0,2083,1700.34,3541808.22,Cancelled,5.93,Y
PO002534,SUP0056,PRD0041,PLT003,2023-05-02,2023,5,2023-06-02,2023-06-16,14,365,727.61,265577.65,In Transit,6.21,N
PO002535,SUP0074,PRD0054,PLT006,2023-02-11,2023,2,2023-02-22,2023-02-22,0,1098,1778.59,1952891.82,Delayed,1.41,Y
PO002536,SUP0087,PRD0050,PLT006,2022-11-03,2022,11,2022-12-05,2022-12-05,0,4239,1616.16,6850902.24,Delivered,7.27,Y
PO002537,SUP0038,PRD0043,PLT004,2021-12-01,2021,12,2021-12-10,2021-12-10,0,2463,985.77,2427951.51,Cancelled,4.65,Y
PO002538,SUP0015,PRD0020,PLT003,2024-12-25,2024,12,2025-02-04,2025-02-04,0,2559,755.12,1932352.08,Partial,5.94,Y
PO002539,SUP0034,PRD0039,PLT007,2022-03-15,2022,3,2022-04-01,2022-04-01,0,3388,1089.23,3690311.24,In Transit,0.75,Y
PO002540,SUP0106,PRD0057,PLT005,2024-08-07,2024,8,2024-08-29,2024-08-29,0,3475,329.36,1144526.0,Delivered,1.71,Y
PO002541,SUP0068,PRD0026,PLT007,2022-10-19,2022,10,2022-10-29,2022-11-11,13,2832,1967.61,5572271.52,Delayed,3.87,N
PO002542,SUP0035,PRD0002,PLT008,2023-11-28,2023,11,2023-12-01,2023-12-01,0,2433,582.16,1416395.28,Delivered,5.09,Y
PO002543,SUP0056,PRD0051,PLT001,2024-07-19,2024,7,2024-08-19,2024-08-27,8,654,116.93,76472.22,Partial,2.87,N
PO002544,SUP0094,PRD0033,PLT004,2022-03-10,2022,3,2022-04-05,2022-04-05,0,2387,35.42,84547.54,Cancelled,3.45,Y
PO002545,SUP0110,PRD0050,PLT006,2023-01-25,2023,1,2023-02-13,2023-03-11,26,2781,922.48,2565416.88,Delivered,2.33,N
PO002546,SUP0050,PRD0050,PLT002,2021-03-05,2021,3,2021-04-11,2021-04-11,0,2397,1130.73,2710359.81,Delivered,2.29,Y
PO002547,SUP0017,PRD0041,PLT008,2021-11-18,2021,11,2021-12-23,2021-12-30,7,117,363.39,42516.63,Partial,6.81,N
PO002548,SUP0104,PRD0047,PLT003,2023-07-05,2023,7,2023-07-13,2023-07-13,0,3749,163.28,612136.72,Delayed,1.95,Y
PO002549,SUP0021,PRD0047,PLT003,2024-09-03,2024,9,2024-09-30,2024-10-24,24,4794,1815.91,8705472.54,Delayed,1.25,N
PO002550,SUP0043,PRD0014,PLT005,2023-10-10,2023,10,2023-10-25,2023-10-25,0,750,496.84,372630.0,Delivered,1.99,Y
PO002551,SUP0090,PRD0001,PLT005,2022-06-21,2022,6,2022-07-07,2022-07-02,-5,1455,1780.32,2590365.6,Delivered,0.06,Y
PO002552,SUP0046,PRD0001,PLT007,2024-06-13,2024,6,2024-07-09,2024-07-09,0,2841,258.3,733830.3,Partial,4.81,Y
PO002553,SUP0068,PRD0041,PLT006,2021-08-04,2021,8,2021-08-14,2021-08-14,0,628,709.26,445415.28,In Transit,2.35,Y
PO002554,SUP0007,PRD0004,PLT003,2024-08-24,2024,8,2024-09-20,2024-09-20,0,1152,1919.74,2211540.48,In Transit,7.62,Y
PO002555,SUP0022,PRD0046,PLT006,2022-12-15,2022,12,2023-01-11,2023-02-05,25,2313,276.17,638781.21,Delivered,1.01,N
PO002556,SUP0062,PRD0017,PLT001,2022-05-15,2022,5,2022-06-22,2022-06-22,0,2016,365.29,736424.64,Delayed,7.09,Y
PO002557,SUP0009,PRD0010,PLT007,2023-02-21,2023,2,2023-03-03,2023-03-09,6,1695,89.53,151753.35,Partial,7.64,N
PO002558,SUP0092,PRD0058,PLT007,2024-03-27,2024,3,2024-04-17,2024-05-05,18,3234,1274.11,4120471.74,Delivered,3.86,N
PO002559,SUP0119,PRD0001,PLT003,2022-05-03,2022,5,2022-06-12,2022-07-05,23,1977,1004.18,1985263.86,In Transit,5.05,N
PO002560,SUP0015,PRD0015,PLT006,2023-09-22,2023,9,2023-11-02,2023-11-02,0,1337,847.19,1132693.03,Delivered,2.26,Y
PO002561,SUP0092,PRD0004,PLT003,2023-10-05,2023,10,2023-10-26,2023-10-26,0,4581,218.73,1002002.13,Delivered,1.16,Y
PO002562,SUP0120,PRD0059,PLT003,2022-04-27,2022,4,2022-06-05,2022-06-12,7,143,712.98,101956.14,Partial,2.81,N
PO002563,SUP0079,PRD0056,PLT005,2023-04-19,2023,4,2023-05-12,2023-05-12,0,4670,1225.19,5721637.3,Partial,7.24,Y
PO002564,SUP0114,PRD0039,PLT006,2023-04-26,2023,4,2023-05-20,2023-05-20,0,3751,1028.88,3859328.88,In Transit,6.53,Y
PO002565,SUP0021,PRD0025,PLT004,2024-11-04,2024,11,2024-12-01,2024-12-01,0,2287,366.96,839237.52,Delivered,5.78,Y
PO002566,SUP0058,PRD0033,PLT003,2022-03-10,2022,3,2022-04-07,2022-04-27,20,240,874.33,209839.2,Delayed,1.98,N
PO002567,SUP0035,PRD0008,PLT002,2021-03-21,2021,3,2021-03-24,2021-03-24,0,2937,977.46,2870800.02,In Transit,0.84,Y
PO002568,SUP0104,PRD0009,PLT004,2023-06-06,2023,6,2023-06-14,2023-06-26,12,3722,1290.05,4801566.1,Delivered,1.87,N
PO002569,SUP0036,PRD0015,PLT002,2022-03-27,2022,3,2022-04-26,2022-05-10,14,3121,271.5,847351.5,In Transit,5.2,N
PO002570,SUP0063,PRD0054,PLT007,2021-04-15,2021,4,2021-05-26,2021-05-26,0,996,1732.99,1726058.04,Delayed,3.0,Y
PO002571,SUP0033,PRD0020,PLT001,2021-06-24,2021,6,2021-08-05,2021-08-05,0,983,370.43,364132.69,In Transit,5.45,Y
PO002572,SUP0026,PRD0050,PLT003,2023-11-21,2023,11,2023-12-11,2023-12-11,0,2470,1966.59,4857477.3,Delivered,7.46,Y
PO002573,SUP0014,PRD0045,PLT004,2021-08-24,2021,8,2021-09-16,2021-09-16,0,1547,1225.52,1895879.44,Delivered,7.26,Y
PO002574,SUP0047,PRD0041,PLT004,2021-09-07,2021,9,2021-09-27,2021-10-01,4,2993,1682.91,5036949.63,Delivered,2.67,N
PO002575,SUP0061,PRD0004,PLT006,2023-09-03,2023,9,2023-10-17,2023-11-16,30,1202,679.76,817071.52,Partial,3.68,N
PO002576,SUP0029,PRD0021,PLT004,2022-06-16,2022,6,2022-06-28,2022-06-28,0,1081,1782.06,1926406.86,Delayed,3.27,Y
PO002577,SUP0073,PRD0016,PLT005,2021-02-11,2021,2,2021-03-15,2021-03-10,-5,162,1216.59,197087.58,Delivered,5.57,Y
PO002578,SUP0119,PRD0044,PLT002,2023-07-22,2023,7,2023-08-31,2023-08-31,0,1807,862.92,1559296.44,Delivered,6.49,Y
PO002579,SUP0026,PRD0037,PLT002,2024-07-08,2024,7,2024-07-28,2024-07-28,0,187,1154.56,215902.72,Partial,7.58,Y
PO002580,SUP0108,PRD0001,PLT007,2021-04-12,2021,4,2021-04-22,2021-04-22,0,4375,898.11,3929231.25,Delayed,6.36,Y
PO002581,SUP0031,PRD0051,PLT008,2022-07-04,2022,7,2022-08-01,2022-08-26,25,2744,157.82,433058.08,Delivered,0.99,N
PO002582,SUP0086,PRD0056,PLT004,2023-11-21,2023,11,2023-12-27,2023-12-27,0,3527,1009.77,3561458.79,Delayed,7.25,Y
PO002583,SUP0027,PRD0016,PLT006,2022-05-10,2022,5,2022-05-20,2022-05-20,0,3049,841.94,2567075.06,Cancelled,5.05,Y
PO002584,SUP0016,PRD0015,PLT001,2022-02-15,2022,2,2022-03-02,2022-03-02,0,2613,661.5,1728499.5,Delivered,5.73,Y
PO002585,SUP0036,PRD0030,PLT007,2021-12-11,2021,12,2022-01-10,2022-02-03,24,1154,964.12,1112594.48,In Transit,5.47,N
PO002586,SUP0066,PRD0058,PLT002,2023-11-15,2023,11,2023-12-18,2023-12-18,0,4138,878.38,3634736.44,In Transit,7.08,Y
PO002587,SUP0062,PRD0009,PLT007,2022-12-23,2022,12,2023-01-30,2023-02-14,15,308,1100.85,339061.8,Delayed,2.44,N
PO002588,SUP0066,PRD0017,PLT006,2023-10-10,2023,10,2023-11-12,2023-11-12,0,4906,1402.4,6880174.4,Partial,7.66,Y
PO002589,SUP0040,PRD0028,PLT008,2021-10-27,2021,10,2021-11-14,2021-11-14,0,3664,565.63,2072468.32,Delayed,4.86,Y
PO002590,SUP0012,PRD0059,PLT005,2024-12-09,2024,12,2024-12-14,2024-12-14,0,169,126.71,21413.99,In Transit,6.35,Y
PO002591,SUP0079,PRD0003,PLT006,2021-09-14,2021,9,2021-10-07,2021-10-11,4,2344,568.57,1332728.08,Partial,1.02,N
PO002592,SUP0048,PRD0055,PLT005,2022-03-17,2022,3,2022-04-08,2022-04-08,0,1035,1208.89,1251201.15,Delivered,4.37,Y
PO002593,SUP0030,PRD0030,PLT006,2021-03-26,2021,3,2021-05-06,2021-05-26,20,4444,1024.57,4553189.08,Delivered,6.06,N
PO002594,SUP0087,PRD0007,PLT001,2024-03-18,2024,3,2024-04-19,2024-04-19,0,4803,851.24,4088505.72,Delivered,1.54,Y
PO002595,SUP0111,PRD0008,PLT005,2023-03-12,2023,3,2023-04-22,2023-04-22,0,3240,1938.61,6281096.4,Delivered,4.55,Y
PO002596,SUP0011,PRD0005,PLT002,2024-11-01,2024,11,2024-11-25,2024-11-25,0,3397,1664.54,5654442.38,Delivered,4.64,Y
PO002597,SUP0047,PRD0049,PLT002,2022-05-16,2022,5,2022-06-05,2022-06-05,0,4817,1829.32,8811834.44,Delivered,2.74,Y
PO002598,SUP0091,PRD0025,PLT008,2022-09-22,2022,9,2022-10-16,2022-10-16,0,242,414.91,100408.22,Delivered,1.84,Y
PO002599,SUP0042,PRD0038,PLT002,2024-02-18,2024,2,2024-03-25,2024-03-25,0,3421,1233.07,4218332.47,Cancelled,3.14,Y
PO002600,SUP0084,PRD0056,PLT008,2024-10-08,2024,10,2024-10-27,2024-11-22,26,4382,1380.5,6049351.0,Cancelled,1.0,N
PO002601,SUP0085,PRD0026,PLT002,2024-03-25,2024,3,2024-04-07,2024-04-07,0,4446,51.23,227768.58,Delivered,3.81,Y
PO002602,SUP0118,PRD0010,PLT006,2024-01-11,2024,1,2024-02-10,2024-02-08,-2,2920,1582.47,4620812.4,Delayed,3.12,Y
PO002603,SUP0010,PRD0060,PLT005,2024-06-25,2024,6,2024-07-12,2024-07-31,19,904,745.03,673507.12,Delivered,7.58,N
PO002604,SUP0021,PRD0047,PLT008,2023-03-11,2023,3,2023-04-07,2023-04-25,18,2662,112.66,299900.92,Partial,7.93,N
PO002605,SUP0120,PRD0021,PLT003,2021-03-27,2021,3,2021-05-05,2021-05-05,0,3710,1466.44,5440492.4,In Transit,7.61,Y
PO002606,SUP0061,PRD0003,PLT007,2022-08-03,2022,8,2022-09-16,2022-09-21,5,3809,549.57,2093312.13,Partial,0.13,N
PO002607,SUP0119,PRD0038,PLT001,2024-07-07,2024,7,2024-08-16,2024-08-16,0,950,447.93,425533.5,Delivered,4.9,Y
PO002608,SUP0013,PRD0027,PLT007,2022-05-15,2022,5,2022-06-07,2022-06-07,0,3142,1208.23,3796258.66,Delivered,5.63,Y
PO002609,SUP0067,PRD0003,PLT003,2023-04-12,2023,4,2023-05-07,2023-05-07,0,4565,1939.29,8852858.85,Cancelled,4.14,Y
PO002610,SUP0036,PRD0041,PLT008,2022-04-19,2022,4,2022-05-19,2022-05-19,0,4867,270.51,1316572.17,Delivered,4.6,Y
PO002611,SUP0039,PRD0011,PLT007,2024-07-07,2024,7,2024-08-12,2024-08-12,0,4498,406.02,1826277.96,Delivered,4.96,Y
PO002612,SUP0082,PRD0029,PLT008,2024-08-07,2024,8,2024-08-31,2024-08-31,0,1466,360.74,528844.84,Cancelled,1.58,Y
PO002613,SUP0097,PRD0049,PLT001,2024-12-18,2024,12,2025-01-15,2025-01-15,0,1146,591.12,677423.52,Delayed,7.65,Y
PO002614,SUP0052,PRD0015,PLT002,2023-04-26,2023,4,2023-06-10,2023-06-27,17,2655,1617.36,4294090.8,Delivered,3.93,N
PO002615,SUP0021,PRD0057,PLT008,2023-11-13,2023,11,2023-12-10,2023-12-10,0,108,1505.7,162615.6,Cancelled,2.72,Y
PO002616,SUP0028,PRD0014,PLT007,2021-04-02,2021,4,2021-05-14,2021-05-14,0,2041,1936.28,3951947.48,Delivered,6.54,Y
PO002617,SUP0029,PRD0057,PLT008,2024-02-17,2024,2,2024-02-29,2024-02-29,0,1989,1416.82,2818054.98,Delivered,7.26,Y
PO002618,SUP0100,PRD0018,PLT001,2024-10-15,2024,10,2024-10-23,2024-11-09,17,130,39.88,5184.4,Partial,2.4,N
PO002619,SUP0064,PRD0046,PLT007,2021-12-08,2021,12,2021-12-20,2021-12-21,1,3125,581.46,1817062.5,Delivered,6.75,N
PO002620,SUP0082,PRD0011,PLT004,2024-10-26,2024,10,2024-11-19,2024-11-19,0,681,278.53,189678.93,Delayed,5.31,Y
PO002621,SUP0088,PRD0032,PLT002,2022-11-10,2022,11,2022-11-20,2022-11-15,-5,1931,1495.77,2888331.87,Delayed,4.64,Y
PO002622,SUP0027,PRD0051,PLT002,2021-09-25,2021,9,2021-10-05,2021-10-05,0,2357,1329.54,3133725.78,Delivered,4.85,Y
PO002623,SUP0030,PRD0013,PLT005,2023-06-14,2023,6,2023-07-25,2023-07-25,0,1846,161.17,297519.82,Delivered,4.89,Y
PO002624,SUP0109,PRD0056,PLT003,2024-10-26,2024,10,2024-12-01,2024-12-01,0,2702,1310.68,3541457.36,In Transit,6.23,Y
PO002625,SUP0110,PRD0052,PLT006,2024-06-18,2024,6,2024-07-07,2024-07-07,0,3358,264.41,887888.78,Delivered,6.1,Y
PO002626,SUP0037,PRD0034,PLT001,2023-10-28,2023,10,2023-11-21,2023-11-21,0,3965,1533.57,6080605.05,Delayed,0.79,Y
PO002627,SUP0006,PRD0054,PLT006,2024-06-18,2024,6,2024-06-22,2024-06-22,0,2539,1690.56,4292331.84,Cancelled,5.5,Y
PO002628,SUP0091,PRD0048,PLT004,2022-01-16,2022,1,2022-02-09,2022-02-09,0,1977,279.65,552868.05,Delivered,3.7,Y
PO002629,SUP0095,PRD0047,PLT007,2021-05-11,2021,5,2021-06-21,2021-06-21,0,2565,1405.04,3603927.6,Partial,1.64,Y
PO002630,SUP0107,PRD0057,PLT003,2023-03-02,2023,3,2023-04-15,2023-04-22,7,2764,1873.97,5179653.08,Delivered,5.82,N
PO002631,SUP0082,PRD0017,PLT007,2021-08-09,2021,8,2021-09-02,2021-08-29,-4,907,1411.03,1279804.21,Delivered,0.44,Y
PO002632,SUP0093,PRD0036,PLT001,2021-09-11,2021,9,2021-09-14,2021-09-14,0,1655,1397.9,2313524.5,Delivered,5.83,Y
PO002633,SUP0027,PRD0008,PLT004,2021-12-14,2021,12,2021-12-24,2021-12-24,0,4896,1737.72,8507877.12,Delivered,0.36,Y
PO002634,SUP0040,PRD0012,PLT006,2021-03-27,2021,3,2021-04-14,2021-04-14,0,1273,1606.2,2044692.6,Delivered,0.13,Y
PO002635,SUP0099,PRD0019,PLT001,2023-01-27,2023,1,2023-02-21,2023-03-03,10,126,859.3,108271.8,In Transit,3.09,N
PO002636,SUP0006,PRD0022,PLT004,2024-11-03,2024,11,2024-11-07,2024-11-07,0,2602,1858.01,4834542.02,Delivered,4.58,Y
PO002637,SUP0099,PRD0047,PLT004,2024-05-21,2024,5,2024-06-15,2024-06-15,0,3076,856.57,2634809.32,Delivered,0.08,Y
PO002638,SUP0055,PRD0026,PLT005,2021-12-08,2021,12,2022-01-18,2022-01-18,0,1981,945.24,1872520.44,Delivered,4.74,Y
PO002639,SUP0005,PRD0042,PLT003,2022-02-26,2022,2,2022-03-23,2022-03-23,0,4754,975.96,4639713.84,In Transit,3.45,Y
PO002640,SUP0109,PRD0041,PLT006,2022-12-06,2022,12,2023-01-11,2023-01-11,0,387,1340.15,518638.05,Partial,6.1,Y
PO002641,SUP0094,PRD0038,PLT001,2021-08-26,2021,8,2021-09-21,2021-09-20,-1,2117,791.15,1674864.55,In Transit,3.82,Y
PO002642,SUP0075,PRD0014,PLT001,2024-08-02,2024,8,2024-09-10,2024-09-10,0,3639,1995.69,7262315.91,Cancelled,0.34,Y
PO002643,SUP0002,PRD0010,PLT001,2023-06-25,2023,6,2023-08-06,2023-09-01,26,3981,1810.65,7208197.65,Delivered,6.01,N
PO002644,SUP0023,PRD0055,PLT004,2021-05-18,2021,5,2021-06-19,2021-06-19,0,587,55.69,32690.03,Delayed,5.68,Y
PO002645,SUP0109,PRD0022,PLT006,2023-04-15,2023,4,2023-05-21,2023-05-22,1,2213,1781.63,3942747.19,Delivered,7.04,N
PO002646,SUP0046,PRD0038,PLT005,2024-06-13,2024,6,2024-07-09,2024-07-09,0,644,45.83,29514.52,Cancelled,1.81,Y
PO002647,SUP0099,PRD0020,PLT007,2023-04-16,2023,4,2023-05-11,2023-05-11,0,2918,1542.85,4502036.3,Delayed,0.62,Y
PO002648,SUP0044,PRD0004,PLT004,2021-04-11,2021,4,2021-05-08,2021-05-11,3,1228,1617.42,1986191.76,In Transit,1.74,N
PO002649,SUP0057,PRD0007,PLT003,2024-04-03,2024,4,2024-05-08,2024-05-08,0,2591,762.95,1976803.45,Delivered,6.37,Y
PO002650,SUP0088,PRD0026,PLT005,2024-04-23,2024,4,2024-05-03,2024-05-20,17,4067,1572.01,6393364.67,Delivered,2.17,N
PO002651,SUP0096,PRD0027,PLT008,2022-09-27,2022,9,2022-10-07,2022-10-07,0,4698,467.05,2194200.9,Delivered,1.41,Y
PO002652,SUP0048,PRD0050,PLT003,2023-04-08,2023,4,2023-04-30,2023-04-28,-2,4436,1754.34,7782252.24,Partial,2.61,Y
PO002653,SUP0020,PRD0012,PLT008,2024-02-08,2024,2,2024-02-23,2024-02-29,6,4573,47.27,216165.71,Cancelled,4.37,N
PO002654,SUP0060,PRD0003,PLT006,2023-04-12,2023,4,2023-04-27,2023-05-13,16,4719,1013.14,4781007.66,Delivered,4.5,N
PO002655,SUP0115,PRD0045,PLT007,2021-11-03,2021,11,2021-11-14,2021-11-14,0,2539,95.28,241915.92,Delivered,5.44,Y
PO002656,SUP0085,PRD0037,PLT008,2021-10-16,2021,10,2021-10-29,2021-10-29,0,3246,1702.45,5526152.7,Cancelled,6.75,Y
PO002657,SUP0088,PRD0043,PLT006,2021-01-24,2021,1,2021-02-03,2021-02-03,0,2399,672.78,1613999.22,Delivered,1.57,Y
PO002658,SUP0104,PRD0028,PLT007,2024-05-25,2024,5,2024-06-02,2024-05-29,-4,4555,314.11,1430771.05,Delayed,6.54,Y
PO002659,SUP0093,PRD0010,PLT007,2023-07-22,2023,7,2023-07-25,2023-08-24,30,1633,1887.67,3082565.11,Cancelled,0.46,N
PO002660,SUP0120,PRD0048,PLT007,2021-06-01,2021,6,2021-07-10,2021-07-10,0,3211,1943.27,6239839.97,In Transit,6.93,Y
PO002661,SUP0050,PRD0002,PLT007,2022-01-01,2022,1,2022-02-07,2022-02-07,0,2646,712.4,1885010.4,Cancelled,4.52,Y
PO002662,SUP0095,PRD0054,PLT006,2021-06-04,2021,6,2021-07-15,2021-07-20,5,3619,774.21,2801865.99,Delivered,3.92,N
PO002663,SUP0005,PRD0039,PLT003,2021-03-15,2021,3,2021-04-09,2021-04-25,16,539,246.89,133073.71,Delivered,7.52,N
PO002664,SUP0115,PRD0014,PLT006,2022-01-12,2022,1,2022-01-23,2022-02-08,16,268,1324.89,355070.52,In Transit,1.22,N
PO002665,SUP0032,PRD0011,PLT005,2023-05-01,2023,5,2023-05-08,2023-05-31,23,2549,1119.97,2854803.53,Partial,6.57,N
PO002666,SUP0100,PRD0009,PLT003,2024-02-25,2024,2,2024-03-04,2024-03-04,0,2135,271.38,579396.3,Cancelled,3.34,Y
PO002667,SUP0005,PRD0028,PLT007,2022-12-04,2022,12,2022-12-29,2023-01-21,23,1374,474.64,652155.36,Cancelled,5.7,N
PO002668,SUP0056,PRD0035,PLT005,2024-07-16,2024,7,2024-08-16,2024-09-11,26,3077,1395.2,4293030.4,Delivered,1.27,N
PO002669,SUP0042,PRD0029,PLT006,2024-07-22,2024,7,2024-08-27,2024-08-27,0,1876,1000.22,1876412.72,Delivered,1.68,Y
PO002670,SUP0011,PRD0042,PLT007,2021-10-12,2021,10,2021-11-05,2021-11-05,0,3801,479.57,1822845.57,In Transit,6.48,Y
PO002671,SUP0100,PRD0004,PLT007,2021-12-19,2021,12,2021-12-27,2021-12-27,0,3726,1292.11,4814401.86,In Transit,6.33,Y
PO002672,SUP0115,PRD0022,PLT007,2024-05-17,2024,5,2024-05-28,2024-06-09,12,2494,1033.6,2577798.4,Delivered,0.31,N
PO002673,SUP0095,PRD0051,PLT004,2024-06-05,2024,6,2024-07-16,2024-07-16,0,3487,1769.78,6171222.86,Cancelled,7.1,Y
PO002674,SUP0117,PRD0006,PLT003,2023-07-28,2023,7,2023-09-05,2023-09-05,0,3181,559.56,1779960.36,Delivered,5.48,Y
PO002675,SUP0101,PRD0012,PLT005,2024-11-03,2024,11,2024-12-15,2024-12-31,16,4253,266.43,1133126.79,Cancelled,3.67,N
PO002676,SUP0013,PRD0022,PLT004,2023-06-23,2023,6,2023-07-16,2023-07-19,3,1681,1823.1,3064631.1,Cancelled,0.36,N
PO002677,SUP0005,PRD0045,PLT007,2021-08-20,2021,8,2021-09-14,2021-09-14,0,3097,962.57,2981079.29,Delivered,6.17,Y
PO002678,SUP0098,PRD0023,PLT006,2023-01-10,2023,1,2023-02-19,2023-02-19,0,3575,1580.04,5648643.0,Delayed,2.67,Y
PO002679,SUP0050,PRD0012,PLT008,2023-09-20,2023,9,2023-10-27,2023-11-15,19,1694,1633.27,2766759.38,Delivered,1.45,N
PO002680,SUP0058,PRD0040,PLT004,2023-05-07,2023,5,2023-06-04,2023-07-01,27,3976,967.5,3846780.0,In Transit,7.4,N
PO002681,SUP0007,PRD0008,PLT003,2022-11-27,2022,11,2022-12-24,2023-01-17,24,639,117.31,74961.09,Delayed,6.68,N
PO002682,SUP0087,PRD0055,PLT008,2022-08-15,2022,8,2022-09-16,2022-09-16,0,1897,1807.26,3428372.22,Cancelled,2.83,Y
PO002683,SUP0017,PRD0010,PLT005,2022-03-28,2022,3,2022-05-02,2022-05-02,0,2877,1681.42,4837445.34,Partial,1.3,Y
PO002684,SUP0118,PRD0001,PLT004,2022-12-04,2022,12,2023-01-03,2023-01-26,23,4701,461.58,2169887.58,Partial,6.12,N
PO002685,SUP0107,PRD0027,PLT005,2021-01-14,2021,1,2021-02-27,2021-02-27,0,1347,1437.55,1936379.85,Delayed,4.19,Y
PO002686,SUP0075,PRD0047,PLT002,2024-01-09,2024,1,2024-02-17,2024-02-17,0,202,1897.5,383295.0,Delayed,2.31,Y
PO002687,SUP0024,PRD0055,PLT003,2022-09-15,2022,9,2022-09-18,2022-09-18,0,4756,894.72,4255288.32,Delivered,1.0,Y
PO002688,SUP0041,PRD0005,PLT003,2024-07-22,2024,7,2024-08-21,2024-08-21,0,2275,1565.99,3562627.25,Cancelled,2.56,Y
PO002689,SUP0054,PRD0049,PLT007,2021-04-22,2021,4,2021-05-21,2021-05-21,0,1245,229.68,285951.6,Delivered,7.53,Y
PO002690,SUP0070,PRD0025,PLT002,2024-01-18,2024,1,2024-02-09,2024-02-09,0,2160,1599.47,3454855.2,Partial,0.16,Y
PO002691,SUP0090,PRD0003,PLT003,2023-05-24,2023,5,2023-06-09,2023-06-09,0,2814,1739.0,4893546.0,Delivered,4.43,Y
PO002692,SUP0061,PRD0008,PLT005,2021-08-19,2021,8,2021-10-02,2021-10-02,0,3038,154.48,469310.24,Delayed,2.73,Y
PO002693,SUP0010,PRD0051,PLT004,2022-12-26,2022,12,2023-01-12,2023-01-12,0,815,407.62,332210.3,Delayed,3.72,Y
PO002694,SUP0110,PRD0047,PLT003,2024-08-06,2024,8,2024-08-25,2024-09-05,11,1158,919.55,1064838.9,Cancelled,3.26,N
PO002695,SUP0033,PRD0021,PLT002,2024-10-26,2024,10,2024-12-07,2024-12-07,0,941,696.99,655867.59,In Transit,7.33,Y
PO002696,SUP0091,PRD0047,PLT003,2024-03-16,2024,3,2024-04-09,2024-04-09,0,4205,1330.75,5595803.75,Delivered,1.8,Y
PO002697,SUP0053,PRD0050,PLT001,2022-11-24,2022,11,2022-12-24,2022-12-24,0,2612,1427.64,3728995.68,Delivered,5.38,Y
PO002698,SUP0054,PRD0054,PLT006,2022-04-20,2022,4,2022-05-19,2022-05-19,0,2425,832.56,2018958.0,Delayed,1.5,Y
PO002699,SUP0089,PRD0034,PLT007,2024-03-11,2024,3,2024-03-30,2024-03-30,0,2761,422.48,1166467.28,In Transit,3.55,Y
PO002700,SUP0029,PRD0011,PLT008,2023-04-16,2023,4,2023-04-28,2023-04-28,0,4281,431.26,1846224.06,Delayed,7.4,Y
PO002701,SUP0041,PRD0032,PLT006,2024-08-20,2024,8,2024-09-19,2024-10-11,22,264,1889.28,498769.92,Delayed,7.26,N
PO002702,SUP0108,PRD0035,PLT008,2022-04-13,2022,4,2022-04-23,2022-04-23,0,4528,1693.16,7666628.48,Cancelled,3.29,Y
PO002703,SUP0008,PRD0020,PLT003,2023-08-02,2023,8,2023-08-13,2023-08-13,0,1794,1552.55,2785274.7,Delivered,3.45,Y
PO002704,SUP0026,PRD0007,PLT005,2024-05-21,2024,5,2024-06-10,2024-06-16,6,1319,992.0,1308448.0,Delivered,6.4,N
PO002705,SUP0035,PRD0060,PLT005,2022-01-26,2022,1,2022-01-29,2022-01-29,0,4659,852.69,3972682.71,Partial,0.3,Y
PO002706,SUP0028,PRD0034,PLT006,2023-08-22,2023,8,2023-10-03,2023-10-16,13,2127,244.37,519774.99,Delayed,0.45,N
PO002707,SUP0008,PRD0046,PLT006,2022-10-26,2022,10,2022-11-06,2022-11-06,0,410,204.96,84033.6,Delivered,6.6,Y
PO002708,SUP0023,PRD0055,PLT005,2024-04-26,2024,4,2024-05-28,2024-05-28,0,297,980.19,291116.43,Delayed,0.06,Y
PO002709,SUP0110,PRD0039,PLT005,2021-08-04,2021,8,2021-08-23,2021-08-23,0,2513,652.81,1640511.53,Partial,5.7,Y
PO002710,SUP0066,PRD0039,PLT002,2021-07-11,2021,7,2021-08-13,2021-09-09,27,941,787.61,741141.01,Delivered,1.31,N
PO002711,SUP0065,PRD0033,PLT006,2023-07-27,2023,7,2023-08-05,2023-09-01,27,2448,887.3,2172110.4,Delivered,5.59,N
PO002712,SUP0102,PRD0003,PLT008,2022-10-09,2022,10,2022-10-30,2022-10-30,0,4074,1114.23,4539373.02,Delivered,7.12,Y
PO002713,SUP0071,PRD0036,PLT008,2023-01-17,2023,1,2023-02-08,2023-02-08,0,2287,174.41,398875.67,Partial,4.06,Y
PO002714,SUP0119,PRD0008,PLT005,2022-09-20,2022,9,2022-10-30,2022-10-30,0,394,638.49,251565.06,Delayed,4.41,Y
PO002715,SUP0092,PRD0015,PLT008,2022-04-05,2022,4,2022-04-26,2022-04-26,0,4159,1363.55,5671004.45,In Transit,0.02,Y
PO002716,SUP0024,PRD0010,PLT006,2024-09-24,2024,9,2024-09-27,2024-09-27,0,2678,1439.23,3854257.94,Partial,6.19,Y
PO002717,SUP0094,PRD0008,PLT003,2024-03-09,2024,3,2024-04-04,2024-04-04,0,1867,1230.77,2297847.59,Cancelled,7.92,Y
PO002718,SUP0099,PRD0018,PLT003,2024-08-26,2024,8,2024-09-20,2024-09-29,9,448,417.3,186950.4,Delayed,5.23,N
PO002719,SUP0003,PRD0001,PLT006,2022-06-13,2022,6,2022-07-22,2022-08-08,17,4323,1094.26,4730485.98,Delivered,3.89,N
PO002720,SUP0057,PRD0003,PLT002,2022-01-02,2022,1,2022-02-06,2022-02-08,2,170,1414.14,240403.8,Delivered,7.41,N
PO002721,SUP0044,PRD0045,PLT008,2022-04-12,2022,4,2022-05-09,2022-05-09,0,3380,1090.2,3684876.0,Delivered,5.2,Y
PO002722,SUP0081,PRD0053,PLT006,2021-01-04,2021,1,2021-02-11,2021-02-06,-5,1723,1613.74,2780474.02,Delivered,4.17,Y
PO002723,SUP0019,PRD0047,PLT001,2021-01-04,2021,1,2021-01-26,2021-02-13,18,2751,1896.34,5216831.34,Delivered,2.6,N
PO002724,SUP0031,PRD0047,PLT006,2024-03-21,2024,3,2024-04-18,2024-04-18,0,506,831.57,420774.42,Delivered,5.97,Y
PO002725,SUP0082,PRD0010,PLT002,2023-06-19,2023,6,2023-07-13,2023-07-13,0,1723,1794.73,3092319.79,Delayed,0.6,Y
PO002726,SUP0044,PRD0056,PLT008,2024-10-07,2024,10,2024-11-03,2024-11-03,0,3080,565.64,1742171.2,In Transit,0.65,Y
PO002727,SUP0114,PRD0014,PLT002,2022-05-20,2022,5,2022-06-13,2022-07-07,24,875,1718.93,1504063.75,Delivered,7.85,N
PO002728,SUP0004,PRD0003,PLT004,2021-05-25,2021,5,2021-07-02,2021-07-02,0,1030,1257.08,1294792.4,Cancelled,4.3,Y
PO002729,SUP0060,PRD0054,PLT006,2022-12-18,2022,12,2023-01-02,2023-01-02,0,356,853.4,303810.4,In Transit,2.35,Y
PO002730,SUP0025,PRD0044,PLT001,2022-05-12,2022,5,2022-05-29,2022-05-29,0,608,1065.12,647592.96,Partial,7.78,Y
PO002731,SUP0090,PRD0056,PLT006,2023-01-10,2023,1,2023-01-26,2023-01-26,0,2617,1768.35,4627771.95,Delivered,6.65,Y
PO002732,SUP0068,PRD0024,PLT008,2021-11-27,2021,11,2021-12-07,2021-12-29,22,1570,829.93,1302990.1,Delivered,6.08,N
PO002733,SUP0024,PRD0025,PLT001,2024-02-20,2024,2,2024-02-23,2024-02-23,0,4338,718.93,3118718.34,Delayed,2.51,Y
PO002734,SUP0077,PRD0018,PLT005,2024-10-08,2024,10,2024-10-16,2024-11-01,16,4253,842.46,3582982.38,Partial,6.47,N
PO002735,SUP0107,PRD0006,PLT004,2023-12-24,2023,12,2024-02-06,2024-02-06,0,4874,830.44,4047564.56,Delivered,3.52,Y
PO002736,SUP0064,PRD0016,PLT004,2024-06-01,2024,6,2024-06-13,2024-06-13,0,2577,531.11,1368670.47,In Transit,1.08,Y
PO002737,SUP0053,PRD0031,PLT001,2022-09-17,2022,9,2022-10-17,2022-10-17,0,532,1147.16,610289.12,Delayed,2.34,Y
PO002738,SUP0037,PRD0010,PLT003,2024-09-14,2024,9,2024-10-08,2024-10-24,16,3483,1226.99,4273606.17,Delivered,1.18,N
PO002739,SUP0087,PRD0008,PLT003,2022-07-13,2022,7,2022-08-14,2022-08-31,17,1509,1037.76,1565979.84,Delayed,0.47,N
PO002740,SUP0029,PRD0054,PLT002,2022-11-17,2022,11,2022-11-29,2022-11-29,0,3669,775.35,2844759.15,In Transit,4.83,Y
PO002741,SUP0080,PRD0055,PLT004,2024-03-07,2024,3,2024-03-27,2024-03-27,0,4764,1593.82,7592958.48,Delayed,4.98,Y
PO002742,SUP0076,PRD0017,PLT005,2024-06-27,2024,6,2024-07-02,2024-07-02,0,3553,518.98,1843935.94,Delivered,3.24,Y
PO002743,SUP0063,PRD0037,PLT003,2022-01-21,2022,1,2022-03-03,2022-03-03,0,648,1456.52,943824.96,Cancelled,3.53,Y
PO002744,SUP0091,PRD0012,PLT004,2021-12-17,2021,12,2022-01-10,2022-01-10,0,2865,1104.2,3163533.0,Cancelled,4.85,Y
PO002745,SUP0091,PRD0012,PLT008,2024-12-15,2024,12,2025-01-08,2025-01-08,0,1743,110.08,191869.44,Delayed,5.96,Y
PO002746,SUP0059,PRD0036,PLT003,2024-03-06,2024,3,2024-03-14,2024-03-14,0,2808,1395.43,3918367.44,Cancelled,4.59,Y
PO002747,SUP0112,PRD0051,PLT003,2024-04-02,2024,4,2024-05-01,2024-05-12,11,590,526.46,310611.4,Delivered,6.55,N
PO002748,SUP0079,PRD0015,PLT004,2023-11-27,2023,11,2023-12-20,2023-12-18,-2,3514,615.03,2161215.42,In Transit,6.46,Y
PO002749,SUP0056,PRD0042,PLT004,2022-10-21,2022,10,2022-11-21,2022-11-21,0,3850,653.11,2514473.5,Cancelled,5.01,Y
PO002750,SUP0082,PRD0001,PLT005,2021-02-01,2021,2,2021-02-25,2021-03-23,26,1995,1140.73,2275756.35,Delivered,1.58,N
PO002751,SUP0097,PRD0040,PLT006,2021-07-19,2021,7,2021-08-16,2021-08-12,-4,4926,1164.49,5736277.74,Delivered,0.61,Y
PO002752,SUP0070,PRD0042,PLT005,2024-07-03,2024,7,2024-07-25,2024-07-25,0,584,1732.94,1012036.96,Partial,3.01,Y
PO002753,SUP0053,PRD0055,PLT005,2021-07-21,2021,7,2021-08-20,2021-08-20,0,1073,70.92,76097.16,Delayed,3.37,Y
PO002754,SUP0025,PRD0020,PLT007,2021-11-22,2021,11,2021-12-09,2021-12-09,0,2959,1692.87,5009202.33,In Transit,6.91,Y
PO002755,SUP0097,PRD0056,PLT002,2022-11-21,2022,11,2022-12-19,2022-12-19,0,4110,1184.6,4868706.0,Delivered,2.21,Y
PO002756,SUP0099,PRD0029,PLT005,2021-11-24,2021,11,2021-12-19,2021-12-19,0,1934,450.08,870454.72,Delivered,4.49,Y
PO002757,SUP0078,PRD0057,PLT002,2022-08-23,2022,8,2022-08-27,2022-08-27,0,4251,1998.56,8495878.56,Delivered,7.06,Y
PO002758,SUP0033,PRD0042,PLT002,2023-03-19,2023,3,2023-04-30,2023-05-24,24,1969,1201.79,2366324.51,Delivered,4.52,N
PO002759,SUP0025,PRD0060,PLT008,2021-12-16,2021,12,2022-01-02,2022-01-22,20,3115,163.5,509302.5,Cancelled,3.55,N
PO002760,SUP0022,PRD0052,PLT001,2021-08-01,2021,8,2021-08-28,2021-08-28,0,4771,505.28,2410690.88,Delayed,3.24,Y
PO002761,SUP0100,PRD0025,PLT004,2024-02-11,2024,2,2024-02-19,2024-02-19,0,1200,808.23,969876.0,Delivered,4.78,Y
PO002762,SUP0047,PRD0018,PLT007,2023-03-15,2023,3,2023-04-04,2023-04-04,0,1082,777.65,841417.3,Delivered,2.71,Y
PO002763,SUP0029,PRD0059,PLT006,2023-10-08,2023,10,2023-10-20,2023-10-20,0,3761,1777.24,6684199.64,Delivered,5.25,Y
PO002764,SUP0005,PRD0002,PLT005,2023-06-23,2023,6,2023-07-18,2023-07-21,3,2924,1689.08,4938869.92,Delayed,5.23,N
PO002765,SUP0012,PRD0054,PLT001,2021-04-28,2021,4,2021-05-03,2021-05-03,0,386,1523.89,588221.54,Delivered,7.39,Y
PO002766,SUP0017,PRD0015,PLT002,2023-12-18,2023,12,2024-01-22,2024-02-13,22,1740,606.39,1055118.6,In Transit,6.73,N
PO002767,SUP0059,PRD0018,PLT002,2023-12-19,2023,12,2023-12-27,2024-01-21,25,930,1738.83,1617111.9,Delivered,0.78,N
PO002768,SUP0073,PRD0055,PLT006,2021-04-19,2021,4,2021-05-21,2021-05-21,0,2164,1319.37,2855116.68,Delivered,5.88,Y
PO002769,SUP0009,PRD0048,PLT003,2021-05-13,2021,5,2021-05-23,2021-05-23,0,4285,1043.48,4471311.8,In Transit,2.14,Y
PO002770,SUP0088,PRD0041,PLT005,2021-01-11,2021,1,2021-01-21,2021-01-21,0,3696,252.79,934311.84,Delivered,4.38,Y
PO002771,SUP0027,PRD0048,PLT002,2022-09-03,2022,9,2022-09-13,2022-09-13,0,745,742.93,553482.85,Delivered,6.58,Y
PO002772,SUP0008,PRD0020,PLT003,2023-04-28,2023,4,2023-05-09,2023-05-09,0,4995,1742.44,8703487.8,Delivered,4.9,Y
PO002773,SUP0018,PRD0012,PLT007,2022-08-21,2022,8,2022-09-09,2022-09-09,0,2607,124.99,325848.93,Delayed,2.17,Y
PO002774,SUP0041,PRD0058,PLT007,2021-01-07,2021,1,2021-02-06,2021-02-06,0,3352,198.34,664835.68,Delivered,1.57,Y
PO002775,SUP0035,PRD0057,PLT007,2022-08-24,2022,8,2022-08-27,2022-08-27,0,1853,1125.3,2085180.9,In Transit,5.22,Y
PO002776,SUP0009,PRD0026,PLT008,2024-06-16,2024,6,2024-06-26,2024-06-26,0,4207,702.95,2957310.65,Delayed,6.24,Y
PO002777,SUP0120,PRD0014,PLT005,2023-06-23,2023,6,2023-08-01,2023-08-01,0,979,1914.44,1874236.76,Delivered,3.09,Y
PO002778,SUP0067,PRD0056,PLT002,2022-04-20,2022,4,2022-05-15,2022-05-15,0,4476,224.47,1004727.72,In Transit,2.08,Y
PO002779,SUP0062,PRD0035,PLT004,2023-05-01,2023,5,2023-06-08,2023-06-07,-1,4101,1065.31,4368836.31,Cancelled,1.43,Y
PO002780,SUP0066,PRD0003,PLT008,2024-11-13,2024,11,2024-12-16,2024-12-16,0,3348,1621.62,5429183.76,Delivered,0.56,Y
PO002781,SUP0061,PRD0019,PLT006,2021-05-16,2021,5,2021-06-29,2021-06-29,0,4068,1530.81,6227335.08,Delivered,6.56,Y
PO002782,SUP0003,PRD0022,PLT003,2024-09-22,2024,9,2024-10-31,2024-10-31,0,1061,1876.84,1991327.24,Cancelled,6.61,Y
PO002783,SUP0070,PRD0057,PLT002,2023-12-19,2023,12,2024-01-10,2024-01-30,20,202,207.78,41971.56,In Transit,4.09,N
PO002784,SUP0044,PRD0017,PLT004,2023-08-26,2023,8,2023-09-22,2023-09-22,0,2888,1088.21,3142750.48,Delivered,3.73,Y
PO002785,SUP0038,PRD0029,PLT004,2024-05-02,2024,5,2024-05-11,2024-05-11,0,1283,1503.37,1928823.71,Delivered,3.18,Y
PO002786,SUP0044,PRD0049,PLT006,2021-04-05,2021,4,2021-05-02,2021-05-09,7,2119,1824.97,3867111.43,Delivered,0.96,N
PO002787,SUP0019,PRD0048,PLT002,2021-05-04,2021,5,2021-05-26,2021-06-23,28,3640,1741.29,6338295.6,Partial,2.93,N
PO002788,SUP0089,PRD0012,PLT006,2022-04-12,2022,4,2022-05-01,2022-05-17,16,876,1858.99,1628475.24,Delivered,3.11,N
PO002789,SUP0059,PRD0022,PLT004,2022-10-04,2022,10,2022-10-12,2022-10-07,-5,1872,215.77,403921.44,Delivered,1.67,Y
PO002790,SUP0029,PRD0014,PLT006,2022-07-14,2022,7,2022-07-26,2022-07-26,0,4034,125.43,505984.62,In Transit,6.78,Y
PO002791,SUP0043,PRD0003,PLT008,2022-02-21,2022,2,2022-03-08,2022-03-18,10,1659,185.7,308076.3,In Transit,6.19,N
PO002792,SUP0052,PRD0015,PLT006,2021-01-25,2021,1,2021-03-11,2021-03-11,0,3064,1248.88,3826568.32,In Transit,7.47,Y
PO002793,SUP0095,PRD0057,PLT008,2024-10-01,2024,10,2024-11-11,2024-11-11,0,239,1739.89,415833.71,Delayed,0.91,Y
PO002794,SUP0105,PRD0059,PLT005,2023-11-17,2023,11,2023-12-28,2023-12-28,0,248,1152.63,285852.24,Cancelled,1.4,Y
PO002795,SUP0057,PRD0015,PLT003,2022-06-06,2022,6,2022-07-11,2022-07-11,0,309,519.64,160568.76,Delivered,5.48,Y
PO002796,SUP0098,PRD0020,PLT006,2021-06-20,2021,6,2021-07-30,2021-07-30,0,1173,313.83,368122.59,Delivered,4.78,Y
PO002797,SUP0056,PRD0048,PLT004,2023-09-05,2023,9,2023-10-06,2023-10-06,0,3452,1800.65,6215843.8,In Transit,4.0,Y
PO002798,SUP0046,PRD0057,PLT002,2021-03-18,2021,3,2021-04-13,2021-04-27,14,954,1147.76,1094963.04,Partial,2.73,N
PO002799,SUP0065,PRD0012,PLT008,2021-03-15,2021,3,2021-03-24,2021-04-18,25,643,513.5,330180.5,Delivered,3.45,N
PO002800,SUP0085,PRD0059,PLT006,2021-09-13,2021,9,2021-09-26,2021-09-26,0,829,1888.81,1565823.49,Delayed,6.49,Y
PO002801,SUP0017,PRD0011,PLT004,2023-10-03,2023,10,2023-11-07,2023-11-05,-2,1304,862.54,1124752.16,Cancelled,2.25,Y
PO002802,SUP0019,PRD0055,PLT006,2022-11-17,2022,11,2022-12-09,2022-12-09,0,3112,1846.6,5746619.2,Delivered,2.46,Y
PO002803,SUP0058,PRD0057,PLT004,2022-03-13,2022,3,2022-04-10,2022-04-27,17,3558,1593.48,5669601.84,Delivered,2.77,N
PO002804,SUP0057,PRD0024,PLT007,2021-11-08,2021,11,2021-12-13,2021-12-13,0,1075,266.79,286799.25,Cancelled,6.61,Y
PO002805,SUP0107,PRD0051,PLT007,2024-07-14,2024,7,2024-08-27,2024-09-09,13,2125,174.32,370430.0,Delivered,3.74,N
PO002806,SUP0082,PRD0043,PLT003,2022-11-25,2022,11,2022-12-19,2022-12-26,7,1804,1784.73,3219652.92,In Transit,0.94,N
PO002807,SUP0091,PRD0012,PLT007,2022-09-22,2022,9,2022-10-16,2022-10-16,0,3351,822.9,2757537.9,Partial,4.21,Y
PO002808,SUP0109,PRD0030,PLT006,2023-11-03,2023,11,2023-12-09,2023-12-08,-1,3756,161.69,607307.64,Delivered,4.65,Y
PO002809,SUP0057,PRD0021,PLT001,2023-07-24,2023,7,2023-08-28,2023-08-28,0,4801,1097.71,5270105.71,Delivered,0.62,Y
PO002810,SUP0094,PRD0041,PLT001,2022-02-07,2022,2,2022-03-05,2022-04-03,29,4085,894.28,3653133.8,Partial,1.8,N
PO002811,SUP0064,PRD0045,PLT005,2023-02-22,2023,2,2023-03-06,2023-03-06,0,4945,183.51,907456.95,Delivered,4.79,Y
PO002812,SUP0105,PRD0019,PLT006,2023-02-20,2023,2,2023-04-02,2023-04-02,0,1013,587.71,595350.23,Delayed,2.81,Y
PO002813,SUP0120,PRD0018,PLT001,2022-05-02,2022,5,2022-06-10,2022-06-10,0,2986,1627.64,4860133.04,Cancelled,2.31,Y
PO002814,SUP0075,PRD0006,PLT003,2024-11-12,2024,11,2024-12-21,2024-12-21,0,2589,1623.0,4201947.0,Cancelled,1.85,Y
PO002815,SUP0091,PRD0027,PLT004,2024-11-09,2024,11,2024-12-03,2024-12-03,0,4962,393.28,1951455.36,Partial,2.32,Y
PO002816,SUP0114,PRD0024,PLT002,2021-07-07,2021,7,2021-07-31,2021-07-31,0,3261,1907.49,6220324.89,Delivered,3.63,Y
PO002817,SUP0014,PRD0014,PLT002,2024-10-19,2024,10,2024-11-11,2024-11-11,0,1112,653.42,726603.04,Delivered,5.39,Y
PO002818,SUP0058,PRD0054,PLT002,2021-09-28,2021,9,2021-10-26,2021-10-26,0,4030,893.11,3599233.3,Cancelled,2.69,Y
PO002819,SUP0027,PRD0026,PLT006,2022-04-17,2022,4,2022-04-27,2022-04-27,0,4918,1570.8,7725194.4,Partial,6.23,Y
PO002820,SUP0118,PRD0036,PLT004,2023-05-21,2023,5,2023-06-20,2023-06-20,0,3462,1804.28,6246417.36,Delivered,7.88,Y
PO002821,SUP0037,PRD0027,PLT003,2022-05-02,2022,5,2022-05-26,2022-05-25,-1,4498,1251.79,5630551.42,Partial,3.13,Y
PO002822,SUP0113,PRD0030,PLT007,2021-11-19,2021,11,2021-12-24,2022-01-01,8,2113,1782.97,3767415.61,Delivered,4.22,N
PO002823,SUP0009,PRD0042,PLT008,2024-02-04,2024,2,2024-02-14,2024-03-09,24,4729,767.14,3627805.06,In Transit,0.31,N
PO002824,SUP0067,PRD0059,PLT004,2024-01-13,2024,1,2024-02-07,2024-02-16,9,4320,1091.32,4714502.4,Delivered,6.95,N
PO002825,SUP0052,PRD0042,PLT005,2022-09-20,2022,9,2022-11-04,2022-11-04,0,952,250.78,238742.56,Partial,1.87,Y
PO002826,SUP0098,PRD0050,PLT007,2023-03-10,2023,3,2023-04-19,2023-04-19,0,1626,408.43,664107.18,Delivered,1.47,Y
PO002827,SUP0013,PRD0031,PLT006,2024-04-18,2024,4,2024-05-11,2024-05-11,0,4517,782.01,3532339.17,Cancelled,0.24,Y
PO002828,SUP0039,PRD0038,PLT007,2022-06-27,2022,6,2022-08-02,2022-08-02,0,4848,1618.81,7847990.88,Delivered,7.44,Y
PO002829,SUP0095,PRD0054,PLT002,2022-07-28,2022,7,2022-09-07,2022-09-13,6,3253,1519.82,4943974.46,Delivered,4.52,N
PO002830,SUP0090,PRD0010,PLT004,2024-10-19,2024,10,2024-11-04,2024-11-04,0,462,1354.43,625746.66,In Transit,5.69,Y
PO002831,SUP0050,PRD0057,PLT001,2023-08-28,2023,8,2023-10-04,2023-10-04,0,1802,1056.05,1903002.1,Partial,0.94,Y
PO002832,SUP0079,PRD0036,PLT003,2022-07-07,2022,7,2022-07-30,2022-07-30,0,464,326.73,151602.72,In Transit,3.44,Y
PO002833,SUP0078,PRD0035,PLT008,2024-11-15,2024,11,2024-11-19,2024-11-19,0,3379,1383.35,4674339.65,Cancelled,7.94,Y
PO002834,SUP0039,PRD0049,PLT003,2021-02-20,2021,2,2021-03-28,2021-04-11,14,2453,880.3,2159375.9,Delivered,2.18,N
PO002835,SUP0060,PRD0054,PLT005,2024-10-10,2024,10,2024-10-25,2024-10-25,0,945,86.19,81449.55,Delivered,1.0,Y
PO002836,SUP0048,PRD0020,PLT008,2024-03-15,2024,3,2024-04-06,2024-04-29,23,4750,323.36,1535960.0,Delayed,1.25,N
PO002837,SUP0092,PRD0003,PLT001,2021-12-01,2021,12,2021-12-22,2021-12-22,0,3790,1530.09,5799041.1,Partial,0.24,Y
PO002838,SUP0085,PRD0049,PLT007,2021-09-12,2021,9,2021-09-25,2021-10-23,28,4486,166.01,744720.86,Delivered,0.94,N
PO002839,SUP0109,PRD0014,PLT001,2022-12-26,2022,12,2023-01-31,2023-02-18,18,2526,1290.2,3259045.2,In Transit,1.06,N
PO002840,SUP0066,PRD0003,PLT008,2022-02-18,2022,2,2022-03-23,2022-03-23,0,4468,740.52,3308643.36,Delivered,4.05,Y
PO002841,SUP0068,PRD0002,PLT001,2021-04-13,2021,4,2021-04-23,2021-04-23,0,797,1246.28,993285.16,Delivered,1.95,Y
PO002842,SUP0013,PRD0009,PLT005,2021-01-20,2021,1,2021-02-12,2021-02-12,0,3472,708.33,2459321.76,Delayed,3.62,Y
PO002843,SUP0076,PRD0016,PLT003,2023-10-23,2023,10,2023-10-28,2023-10-28,0,4492,1373.23,6168549.16,Delivered,6.01,Y
PO002844,SUP0082,PRD0026,PLT002,2024-07-04,2024,7,2024-07-28,2024-07-28,0,584,108.89,63591.76,In Transit,4.93,Y
PO002845,SUP0110,PRD0004,PLT004,2024-02-19,2024,2,2024-03-09,2024-03-09,0,2720,1923.52,5231974.4,Delivered,5.29,Y
PO002846,SUP0112,PRD0012,PLT007,2023-07-08,2023,7,2023-08-06,2023-08-06,0,4165,1086.1,4523606.5,Delivered,2.78,Y
PO002847,SUP0009,PRD0002,PLT008,2021-06-22,2021,6,2021-07-02,2021-07-02,0,2802,1781.19,4990894.38,Delivered,6.86,Y
PO002848,SUP0110,PRD0056,PLT006,2024-05-17,2024,5,2024-06-05,2024-06-17,12,251,854.59,214502.09,Cancelled,0.07,N
PO002849,SUP0007,PRD0032,PLT003,2023-02-14,2023,2,2023-03-13,2023-03-11,-2,1516,599.16,908326.56,In Transit,2.86,Y
PO002850,SUP0053,PRD0038,PLT004,2023-10-23,2023,10,2023-11-22,2023-11-22,0,3427,91.99,315249.73,Delayed,1.19,Y
PO002851,SUP0082,PRD0005,PLT003,2024-08-02,2024,8,2024-08-26,2024-08-26,0,3078,387.77,1193556.06,Cancelled,6.44,Y
PO002852,SUP0066,PRD0022,PLT006,2023-08-22,2023,8,2023-09-24,2023-10-15,21,2633,915.37,2410169.21,Delivered,7.15,N
PO002853,SUP0113,PRD0041,PLT004,2022-05-27,2022,5,2022-07-01,2022-07-01,0,538,615.82,331311.16,Delivered,4.12,Y
PO002854,SUP0100,PRD0016,PLT005,2023-02-27,2023,2,2023-03-07,2023-03-07,0,793,1930.51,1530894.43,Delivered,3.41,Y
PO002855,SUP0060,PRD0048,PLT008,2022-04-15,2022,4,2022-04-30,2022-05-10,10,4258,516.71,2200151.18,Delivered,7.02,N
PO002856,SUP0069,PRD0012,PLT005,2022-05-03,2022,5,2022-06-17,2022-07-09,22,3517,878.37,3089227.29,Cancelled,6.19,N
PO002857,SUP0063,PRD0037,PLT004,2022-08-15,2022,8,2022-09-25,2022-09-25,0,1743,590.47,1029189.21,In Transit,6.59,Y
PO002858,SUP0088,PRD0011,PLT006,2023-12-20,2023,12,2023-12-30,2023-12-30,0,350,1103.45,386207.5,Delivered,6.97,Y
PO002859,SUP0047,PRD0004,PLT008,2023-04-03,2023,4,2023-04-23,2023-04-21,-2,2937,1928.85,5665032.45,Delivered,1.23,Y
PO002860,SUP0114,PRD0026,PLT005,2023-10-16,2023,10,2023-11-09,2023-11-24,15,2389,902.36,2155738.04,Delivered,3.19,N
PO002861,SUP0078,PRD0039,PLT005,2023-07-12,2023,7,2023-07-16,2023-07-16,0,1653,1213.47,2005865.91,Cancelled,3.02,Y
PO002862,SUP0117,PRD0028,PLT002,2023-01-19,2023,1,2023-02-27,2023-02-27,0,1861,901.82,1678287.02,Delivered,6.36,Y
PO002863,SUP0029,PRD0050,PLT004,2024-09-28,2024,9,2024-10-10,2024-10-10,0,942,486.98,458735.16,Delayed,0.72,Y
PO002864,SUP0098,PRD0012,PLT002,2021-02-18,2021,2,2021-03-30,2021-03-25,-5,2356,520.54,1226392.24,Delivered,0.09,Y
PO002865,SUP0101,PRD0008,PLT006,2022-03-12,2022,3,2022-04-23,2022-05-12,19,2245,806.51,1810614.95,Delivered,7.02,N
PO002866,SUP0050,PRD0026,PLT002,2023-01-19,2023,1,2023-02-25,2023-02-25,0,2819,774.05,2182046.95,Delivered,7.01,Y
PO002867,SUP0114,PRD0058,PLT004,2024-03-24,2024,3,2024-04-17,2024-04-17,0,1779,1885.96,3355122.84,Delivered,7.07,Y
PO002868,SUP0068,PRD0022,PLT005,2021-11-12,2021,11,2021-11-22,2021-11-22,0,3034,76.3,231494.2,In Transit,6.57,Y
PO002869,SUP0097,PRD0009,PLT005,2021-07-28,2021,7,2021-08-25,2021-08-25,0,2793,1879.94,5250672.42,Delivered,1.42,Y
PO002870,SUP0081,PRD0027,PLT006,2024-11-27,2024,11,2025-01-04,2025-01-18,14,3882,1302.04,5054519.28,Delivered,7.24,N
PO002871,SUP0074,PRD0008,PLT006,2022-02-11,2022,2,2022-02-22,2022-03-21,27,4559,1453.39,6626005.01,Delivered,6.16,N
PO002872,SUP0050,PRD0005,PLT008,2021-09-07,2021,9,2021-10-14,2021-10-14,0,3969,1060.98,4211029.62,Delivered,1.77,Y
PO002873,SUP0088,PRD0016,PLT006,2023-08-17,2023,8,2023-08-27,2023-08-27,0,1152,876.93,1010223.36,Delayed,1.71,Y
PO002874,SUP0030,PRD0030,PLT006,2021-05-22,2021,5,2021-07-02,2021-07-24,22,1248,1591.31,1985954.88,Cancelled,3.03,N
PO002875,SUP0088,PRD0012,PLT005,2022-03-15,2022,3,2022-03-25,2022-03-25,0,4226,1615.18,6825750.68,Partial,1.14,Y
PO002876,SUP0071,PRD0046,PLT001,2022-10-15,2022,10,2022-11-06,2022-11-06,0,2170,1718.13,3728342.1,Cancelled,7.24,Y
PO002877,SUP0044,PRD0055,PLT007,2021-03-03,2021,3,2021-03-30,2021-03-30,0,4330,32.0,138560.0,Delivered,1.29,Y
PO002878,SUP0079,PRD0025,PLT008,2022-08-03,2022,8,2022-08-26,2022-08-26,0,1506,1320.05,1987995.3,Delivered,2.74,Y
PO002879,SUP0001,PRD0051,PLT006,2024-01-25,2024,1,2024-02-05,2024-02-02,-3,3263,1277.89,4169755.07,Cancelled,0.05,Y
PO002880,SUP0040,PRD0058,PLT006,2021-11-17,2021,11,2021-12-05,2021-12-05,0,2550,829.21,2114485.5,In Transit,7.32,Y
PO002881,SUP0063,PRD0016,PLT004,2021-03-06,2021,3,2021-04-16,2021-05-14,28,1068,554.08,591757.44,Partial,5.52,N
PO002882,SUP0056,PRD0017,PLT004,2022-08-12,2022,8,2022-09-12,2022-09-12,0,4873,1314.0,6403122.0,In Transit,2.99,Y
PO002883,SUP0021,PRD0016,PLT003,2023-06-26,2023,6,2023-07-23,2023-07-23,0,3166,1042.87,3301726.42,In Transit,0.21,Y
PO002884,SUP0058,PRD0037,PLT007,2021-10-19,2021,10,2021-11-16,2021-11-11,-5,4597,1698.56,7808280.32,Partial,1.87,Y
PO002885,SUP0012,PRD0042,PLT001,2021-12-24,2021,12,2021-12-29,2022-01-13,15,1242,1640.21,2037140.82,Delivered,4.87,N
PO002886,SUP0116,PRD0013,PLT007,2022-02-04,2022,2,2022-02-08,2022-02-08,0,4529,1600.63,7249253.27,In Transit,1.73,Y
PO002887,SUP0051,PRD0039,PLT002,2022-01-18,2022,1,2022-02-28,2022-02-28,0,2269,1964.07,4456474.83,Cancelled,0.52,Y
PO002888,SUP0044,PRD0051,PLT003,2023-12-25,2023,12,2024-01-21,2024-02-15,25,1371,953.8,1307659.8,Delayed,7.51,N
PO002889,SUP0065,PRD0006,PLT003,2021-10-28,2021,10,2021-11-06,2021-11-06,0,4402,1244.06,5476352.12,Partial,4.7,Y
PO002890,SUP0017,PRD0002,PLT006,2024-10-10,2024,10,2024-11-14,2024-11-14,0,632,1848.6,1168315.2,Delivered,5.38,Y
PO002891,SUP0077,PRD0023,PLT003,2023-07-27,2023,7,2023-08-04,2023-08-04,0,861,709.44,610827.84,Cancelled,0.39,Y
PO002892,SUP0108,PRD0024,PLT006,2021-12-25,2021,12,2022-01-04,2022-01-11,7,4828,268.41,1295883.48,Delayed,6.47,N
PO002893,SUP0030,PRD0038,PLT004,2022-05-16,2022,5,2022-06-26,2022-07-12,16,4206,1572.46,6613766.76,In Transit,6.14,N
PO002894,SUP0023,PRD0052,PLT003,2021-01-07,2021,1,2021-02-08,2021-02-08,0,1196,209.31,250334.76,Partial,5.72,Y
PO002895,SUP0088,PRD0033,PLT001,2023-09-23,2023,9,2023-10-03,2023-10-03,0,218,428.16,93338.88,Delayed,4.86,Y
PO002896,SUP0107,PRD0001,PLT004,2021-01-02,2021,1,2021-02-15,2021-02-15,0,2899,1492.15,4325742.85,Delayed,1.76,Y
PO002897,SUP0095,PRD0057,PLT003,2022-12-12,2022,12,2023-01-22,2023-01-22,0,3052,759.03,2316559.56,Cancelled,3.52,Y
PO002898,SUP0084,PRD0017,PLT003,2021-09-05,2021,9,2021-09-24,2021-09-24,0,3887,1502.55,5840411.85,Cancelled,3.9,Y
PO002899,SUP0052,PRD0050,PLT007,2023-10-21,2023,10,2023-12-05,2023-12-09,4,1343,105.79,142075.97,Cancelled,5.15,N
PO002900,SUP0054,PRD0001,PLT007,2024-02-25,2024,2,2024-03-25,2024-03-25,0,982,1334.83,1310803.06,Delayed,1.71,Y
PO002901,SUP0003,PRD0032,PLT006,2024-11-13,2024,11,2024-12-22,2024-12-21,-1,659,1873.96,1234939.64,Partial,3.96,Y
PO002902,SUP0079,PRD0037,PLT006,2021-04-27,2021,4,2021-05-20,2021-06-11,22,3229,1018.16,3287638.64,Partial,6.17,N
PO002903,SUP0005,PRD0045,PLT005,2021-06-11,2021,6,2021-07-06,2021-07-06,0,3742,46.87,175387.54,Delivered,1.93,Y
PO002904,SUP0030,PRD0006,PLT006,2022-11-02,2022,11,2022-12-13,2022-12-09,-4,2640,901.06,2378798.4,Delivered,4.8,Y
PO002905,SUP0117,PRD0029,PLT006,2021-04-08,2021,4,2021-05-17,2021-05-17,0,668,100.55,67167.4,Partial,3.58,Y
PO002906,SUP0038,PRD0050,PLT004,2023-05-13,2023,5,2023-05-22,2023-06-12,21,4509,311.79,1405861.11,Delayed,5.94,N
PO002907,SUP0045,PRD0002,PLT005,2023-01-02,2023,1,2023-01-19,2023-01-19,0,432,1647.26,711616.32,In Transit,2.11,Y
PO002908,SUP0008,PRD0011,PLT007,2021-09-01,2021,9,2021-09-12,2021-09-12,0,184,263.93,48563.12,Delayed,2.62,Y
PO002909,SUP0120,PRD0033,PLT002,2022-10-14,2022,10,2022-11-22,2022-11-22,0,874,1739.67,1520471.58,Partial,7.82,Y
PO002910,SUP0090,PRD0019,PLT002,2021-10-02,2021,10,2021-10-18,2021-10-18,0,2112,1137.48,2402357.76,Delivered,3.7,Y
PO002911,SUP0035,PRD0034,PLT007,2023-05-04,2023,5,2023-05-07,2023-05-30,23,2721,1729.46,4705860.66,Delivered,7.12,N
PO002912,SUP0049,PRD0029,PLT006,2021-02-02,2021,2,2021-02-06,2021-02-06,0,4533,1407.4,6379744.2,Partial,0.45,Y
PO002913,SUP0072,PRD0026,PLT006,2023-11-20,2023,11,2023-12-15,2023-12-15,0,2335,1465.58,3422129.3,Delivered,7.73,Y
PO002914,SUP0030,PRD0043,PLT002,2021-07-04,2021,7,2021-08-14,2021-08-14,0,4166,122.14,508835.24,Partial,0.67,Y
PO002915,SUP0079,PRD0013,PLT007,2023-11-17,2023,11,2023-12-10,2023-12-10,0,425,1079.55,458808.75,In Transit,5.94,Y
PO002916,SUP0087,PRD0050,PLT004,2021-07-09,2021,7,2021-08-10,2021-08-10,0,4456,137.74,613769.44,In Transit,4.88,Y
PO002917,SUP0087,PRD0047,PLT004,2023-05-10,2023,5,2023-06-11,2023-06-11,0,4676,1751.41,8189593.16,In Transit,1.76,Y
PO002918,SUP0113,PRD0006,PLT005,2022-10-28,2022,10,2022-12-02,2022-12-02,0,4666,1131.15,5277945.9,Delivered,2.85,Y
PO002919,SUP0069,PRD0004,PLT004,2023-12-11,2023,12,2024-01-25,2024-01-25,0,3924,758.59,2976707.16,Cancelled,1.93,Y
PO002920,SUP0039,PRD0033,PLT003,2023-09-07,2023,9,2023-10-13,2023-10-10,-3,4748,1440.39,6838971.72,Cancelled,1.96,Y
PO002921,SUP0101,PRD0039,PLT008,2023-02-06,2023,2,2023-03-20,2023-03-22,2,468,1762.71,824948.28,Cancelled,7.12,N
PO002922,SUP0101,PRD0007,PLT008,2021-07-09,2021,7,2021-08-20,2021-08-20,0,1422,642.71,913933.62,Delivered,7.53,Y
PO002923,SUP0057,PRD0033,PLT006,2022-02-07,2022,2,2022-03-14,2022-03-14,0,3232,24.11,77923.52,Partial,7.84,Y
PO002924,SUP0093,PRD0045,PLT002,2022-09-03,2022,9,2022-09-06,2022-09-06,0,4205,730.88,3073350.4,Delivered,0.94,Y
PO002925,SUP0034,PRD0047,PLT008,2022-01-02,2022,1,2022-01-19,2022-01-19,0,1462,54.41,79547.42,Delivered,5.09,Y
PO002926,SUP0105,PRD0050,PLT007,2024-02-26,2024,2,2024-04-07,2024-04-07,0,234,1851.26,433194.84,In Transit,4.36,Y
PO002927,SUP0084,PRD0002,PLT005,2024-10-16,2024,10,2024-11-04,2024-11-27,23,3289,444.53,1462059.17,Delivered,1.52,N
PO002928,SUP0039,PRD0049,PLT007,2024-02-11,2024,2,2024-03-18,2024-04-12,25,344,338.11,116309.84,Delivered,0.87,N
PO002929,SUP0077,PRD0001,PLT008,2022-03-28,2022,3,2022-04-05,2022-04-05,0,4723,1874.05,8851138.15,In Transit,3.33,Y
PO002930,SUP0104,PRD0053,PLT006,2021-10-06,2021,10,2021-10-14,2021-11-04,21,2503,462.41,1157412.23,Cancelled,1.54,N
PO002931,SUP0050,PRD0016,PLT007,2022-06-26,2022,6,2022-08-02,2022-08-02,0,3081,1841.55,5673815.55,In Transit,4.5,Y
PO002932,SUP0111,PRD0052,PLT002,2024-03-08,2024,3,2024-04-18,2024-04-18,0,2145,564.98,1211882.1,Partial,7.28,Y
PO002933,SUP0015,PRD0034,PLT008,2023-02-12,2023,2,2023-03-25,2023-03-25,0,3071,1740.84,5346119.64,Cancelled,1.98,Y
PO002934,SUP0099,PRD0035,PLT006,2024-10-05,2024,10,2024-10-30,2024-10-30,0,1021,1723.1,1759285.1,Delivered,6.53,Y
PO002935,SUP0120,PRD0001,PLT006,2022-04-20,2022,4,2022-05-29,2022-06-03,5,105,430.19,45169.95,Cancelled,0.67,N
PO002936,SUP0115,PRD0052,PLT003,2022-04-14,2022,4,2022-04-25,2022-04-20,-5,1624,598.96,972711.04,Partial,1.82,Y
PO002937,SUP0090,PRD0031,PLT006,2023-10-08,2023,10,2023-10-24,2023-11-05,12,2282,1148.65,2621219.3,Delivered,0.17,N
PO002938,SUP0041,PRD0012,PLT008,2024-01-15,2024,1,2024-02-14,2024-02-14,0,3512,1499.8,5267297.6,Delivered,3.75,Y
PO002939,SUP0018,PRD0019,PLT006,2021-07-14,2021,7,2021-08-02,2021-08-03,1,4270,1298.24,5543484.8,Cancelled,2.76,N
PO002940,SUP0100,PRD0034,PLT008,2024-11-18,2024,11,2024-11-26,2024-11-26,0,1789,486.88,871028.32,Delivered,7.39,Y
PO002941,SUP0066,PRD0046,PLT003,2022-12-16,2022,12,2023-01-18,2023-01-27,9,1906,1621.68,3090922.08,Delivered,3.07,N
PO002942,SUP0075,PRD0008,PLT006,2021-11-22,2021,11,2021-12-31,2021-12-31,0,2663,1025.7,2731439.1,Delivered,6.74,Y
PO002943,SUP0095,PRD0053,PLT003,2024-09-16,2024,9,2024-10-27,2024-10-27,0,797,1385.14,1103956.58,Delayed,1.65,Y
PO002944,SUP0063,PRD0055,PLT005,2021-09-13,2021,9,2021-10-24,2021-10-24,0,3864,1637.73,6328188.72,Partial,6.12,Y
PO002945,SUP0031,PRD0029,PLT007,2024-11-16,2024,11,2024-12-14,2024-12-14,0,3580,1826.37,6538404.6,Delayed,0.68,Y
PO002946,SUP0069,PRD0045,PLT004,2023-04-10,2023,4,2023-05-25,2023-06-16,22,173,1680.8,290778.4,Partial,7.62,N
PO002947,SUP0081,PRD0046,PLT005,2024-02-17,2024,2,2024-03-26,2024-03-26,0,3596,1215.42,4370650.32,In Transit,7.28,Y
PO002948,SUP0105,PRD0038,PLT002,2022-03-12,2022,3,2022-04-22,2022-04-22,0,2975,785.29,2336237.75,In Transit,7.82,Y
PO002949,SUP0080,PRD0056,PLT006,2021-04-08,2021,4,2021-04-28,2021-05-24,26,435,1449.51,630536.85,In Transit,5.52,N
PO002950,SUP0053,PRD0040,PLT003,2024-11-20,2024,11,2024-12-20,2024-12-26,6,1067,1267.66,1352593.22,In Transit,2.11,N
PO002951,SUP0085,PRD0037,PLT004,2023-02-24,2023,2,2023-03-09,2023-03-19,10,1872,1137.97,2130279.84,Delivered,3.88,N
PO002952,SUP0051,PRD0010,PLT001,2023-04-04,2023,4,2023-05-15,2023-05-15,0,2030,1990.26,4040227.8,Partial,1.2,Y
PO002953,SUP0024,PRD0030,PLT002,2023-01-10,2023,1,2023-01-13,2023-01-13,0,4052,915.6,3710011.2,Delivered,3.62,Y
PO002954,SUP0007,PRD0026,PLT004,2022-10-14,2022,10,2022-11-10,2022-12-04,24,2265,1312.67,2973197.55,Delivered,5.01,N
PO002955,SUP0048,PRD0020,PLT004,2024-09-23,2024,9,2024-10-15,2024-10-15,0,3663,1044.46,3825856.98,In Transit,5.27,Y
PO002956,SUP0037,PRD0029,PLT005,2022-03-13,2022,3,2022-04-06,2022-04-17,11,3199,1437.99,4600130.01,Delayed,2.37,N
PO002957,SUP0006,PRD0039,PLT003,2024-03-04,2024,3,2024-03-08,2024-03-08,0,2524,1416.22,3574539.28,Cancelled,7.15,Y
PO002958,SUP0069,PRD0021,PLT008,2021-04-07,2021,4,2021-05-22,2021-06-13,22,3314,136.44,452162.16,Delivered,1.63,N
PO002959,SUP0092,PRD0007,PLT004,2023-11-10,2023,11,2023-12-01,2023-12-01,0,2008,404.34,811914.72,Partial,1.92,Y
PO002960,SUP0109,PRD0001,PLT001,2022-01-16,2022,1,2022-02-21,2022-02-21,0,1327,339.78,450888.06,Delivered,5.01,Y
PO002961,SUP0119,PRD0024,PLT006,2023-12-05,2023,12,2024-01-14,2024-01-14,0,1389,1147.53,1593919.17,Delivered,0.2,Y
PO002962,SUP0009,PRD0010,PLT002,2022-05-26,2022,5,2022-06-05,2022-06-05,0,2424,914.41,2216529.84,Delivered,4.58,Y
PO002963,SUP0007,PRD0041,PLT006,2024-11-01,2024,11,2024-11-28,2024-11-28,0,450,670.76,301842.0,Cancelled,1.85,Y
PO002964,SUP0088,PRD0011,PLT003,2022-06-26,2022,6,2022-07-06,2022-07-14,8,952,95.13,90563.76,Delivered,4.81,N
PO002965,SUP0038,PRD0050,PLT006,2022-02-21,2022,2,2022-03-02,2022-03-02,0,496,456.97,226657.12,Partial,2.4,Y
PO002966,SUP0008,PRD0016,PLT007,2021-02-28,2021,2,2021-03-11,2021-03-24,13,4445,613.38,2726474.1,In Transit,5.03,N
PO002967,SUP0116,PRD0006,PLT008,2022-03-07,2022,3,2022-03-11,2022-03-11,0,1254,830.88,1041923.52,In Transit,1.91,Y
PO002968,SUP0114,PRD0053,PLT002,2024-11-19,2024,11,2024-12-13,2024-12-13,0,342,1723.95,589590.9,Delivered,2.22,Y
PO002969,SUP0007,PRD0056,PLT004,2022-05-23,2022,5,2022-06-19,2022-06-19,0,2202,311.4,685702.8,Partial,5.32,Y
PO002970,SUP0024,PRD0037,PLT004,2022-01-21,2022,1,2022-01-24,2022-02-07,14,2281,1098.33,2505290.73,Delayed,6.09,N
PO002971,SUP0021,PRD0014,PLT004,2022-01-11,2022,1,2022-02-07,2022-03-03,24,3001,1897.87,5695507.87,Cancelled,4.13,N
PO002972,SUP0095,PRD0050,PLT007,2021-05-21,2021,5,2021-07-01,2021-07-01,0,2446,271.05,662988.3,Delivered,0.38,Y
PO002973,SUP0007,PRD0051,PLT003,2021-05-19,2021,5,2021-06-15,2021-07-11,26,2498,555.69,1388113.62,In Transit,1.7,N
PO002974,SUP0034,PRD0023,PLT007,2024-05-18,2024,5,2024-06-04,2024-06-04,0,890,885.45,788050.5,Delivered,2.28,Y
PO002975,SUP0092,PRD0009,PLT002,2021-01-17,2021,1,2021-02-07,2021-02-07,0,4953,1949.17,9654239.01,Cancelled,6.51,Y
PO002976,SUP0066,PRD0026,PLT006,2023-08-25,2023,8,2023-09-27,2023-09-30,3,3012,215.25,648333.0,Delivered,6.26,N
PO002977,SUP0023,PRD0018,PLT005,2024-12-28,2024,12,2025-01-29,2025-01-29,0,2908,1884.68,5480649.44,Delayed,7.41,Y
PO002978,SUP0073,PRD0007,PLT003,2023-09-24,2023,9,2023-10-26,2023-10-26,0,2387,1600.92,3821396.04,Cancelled,7.51,Y
PO002979,SUP0082,PRD0027,PLT006,2022-08-01,2022,8,2022-08-25,2022-08-26,1,4549,656.45,2986191.05,Cancelled,5.69,N
PO002980,SUP0035,PRD0041,PLT001,2024-12-01,2024,12,2024-12-04,2024-12-04,0,133,1751.39,232934.87,Partial,7.79,Y
PO002981,SUP0099,PRD0019,PLT002,2021-09-24,2021,9,2021-10-19,2021-10-15,-4,1554,1156.49,1797185.46,Delivered,2.86,Y
PO002982,SUP0072,PRD0022,PLT002,2024-08-25,2024,8,2024-09-19,2024-10-12,23,2372,1122.57,2662736.04,Cancelled,0.64,N
PO002983,SUP0092,PRD0009,PLT005,2022-02-26,2022,2,2022-03-19,2022-03-19,0,1405,53.36,74970.8,In Transit,3.62,Y
PO002984,SUP0039,PRD0003,PLT008,2021-10-05,2021,10,2021-11-10,2021-11-10,0,2835,1374.49,3896679.15,Cancelled,6.21,Y
PO002985,SUP0074,PRD0052,PLT007,2022-01-11,2022,1,2022-01-22,2022-02-18,27,3797,1335.04,5069146.88,Delayed,1.33,N
PO002986,SUP0033,PRD0054,PLT005,2024-02-08,2024,2,2024-03-21,2024-03-21,0,1228,376.91,462845.48,Delivered,0.01,Y
PO002987,SUP0081,PRD0028,PLT003,2021-01-14,2021,1,2021-02-21,2021-02-21,0,2599,1893.9,4922246.1,Delivered,5.1,Y
PO002988,SUP0114,PRD0052,PLT004,2021-04-01,2021,4,2021-04-25,2021-05-09,14,4228,924.54,3908955.12,Delivered,2.31,N
PO002989,SUP0108,PRD0015,PLT002,2021-11-05,2021,11,2021-11-15,2021-12-11,26,2421,1211.33,2932629.93,Delivered,6.11,N
PO002990,SUP0071,PRD0048,PLT007,2024-10-15,2024,10,2024-11-06,2024-11-06,0,450,1688.31,759739.5,Delayed,0.56,Y
PO002991,SUP0115,PRD0009,PLT004,2022-03-16,2022,3,2022-03-27,2022-03-27,0,2584,1277.61,3301344.24,In Transit,1.92,Y
PO002992,SUP0093,PRD0053,PLT008,2024-02-23,2024,2,2024-02-26,2024-02-24,-2,4398,973.18,4280045.64,Delivered,2.31,Y
PO002993,SUP0089,PRD0034,PLT001,2024-01-25,2024,1,2024-02-13,2024-02-13,0,1546,312.22,482692.12,Cancelled,7.49,Y
PO002994,SUP0094,PRD0060,PLT004,2021-05-07,2021,5,2021-06-02,2021-06-02,0,4296,1318.87,5665865.52,Delivered,6.91,Y
PO002995,SUP0007,PRD0035,PLT003,2021-07-10,2021,7,2021-08-06,2021-08-06,0,344,1662.32,571838.08,Delayed,6.61,Y
PO002996,SUP0063,PRD0003,PLT003,2023-04-07,2023,4,2023-05-18,2023-06-07,20,220,1116.14,245550.8,Delivered,6.67,N
PO002997,SUP0010,PRD0057,PLT007,2021-03-25,2021,3,2021-04-11,2021-05-09,28,2477,935.62,2317530.74,Delivered,5.61,N
PO002998,SUP0018,PRD0005,PLT008,2022-04-24,2022,4,2022-05-13,2022-05-25,12,205,1700.33,348567.65,Cancelled,2.59,N
PO002999,SUP0077,PRD0004,PLT004,2024-07-10,2024,7,2024-07-18,2024-07-18,0,3265,438.65,1432192.25,Delayed,3.63,Y
PO003000,SUP0015,PRD0041,PLT005,2023-09-13,2023,9,2023-10-24,2023-10-23,-1,3405,1305.07,4443763.35,Delayed,3.98,Y
