score_id,supplier_id,fiscal_year,quarter,otd_score,quality_score,cost_score,responsiveness_score,sustainability_score,composite_score,incidents_reported
SC000001,SUP0001,2021,1,83.24,96.23,75.43,69.98,77.79,83.7,5
SC000002,SUP0001,2021,2,97.23,88.06,80.66,70.45,79.69,86.73,3
SC000003,SUP0001,2021,3,82.02,98.87,86.87,84.16,85.27,88.58,2
SC000004,SUP0001,2021,4,91.83,99.8,76.13,97.25,96.23,92.06,3
SC000005,SUP0001,2022,1,82.31,94.99,72.54,97.45,63.83,83.83,1
SC000006,SUP0001,2022,2,65.98,92.23,72.71,82.28,92.51,79.48,2
SC000007,SUP0001,2022,3,55.31,94.98,76.82,74.48,80.91,75.99,2
SC000008,SUP0001,2022,4,99.32,87.18,89.68,67.32,87.02,89.32,5
SC000009,SUP0001,2023,1,67.47,92.12,71.04,99.13,68.61,78.86,3
SC000010,SUP0001,2023,2,89.62,93.77,98.97,80.44,77.31,90.59,2
SC000011,SUP0001,2023,3,76.29,85.08,78.72,84.95,99.85,82.64,1
SC000012,SUP0001,2023,4,61.45,91.53,90.3,93.87,67.15,80.06,3
SC000013,SUP0001,2024,1,67.49,95.28,71.2,62.1,99.48,79.23,5
SC000014,SUP0001,2024,2,66.07,98.05,77.04,71.57,62.48,78.05,0
SC000015,SUP0001,2024,3,68.28,95.0,73.22,65.9,56.99,75.92,4
SC000016,SUP0001,2024,4,74.29,90.14,93.87,72.96,56.57,81.06,4
SC000017,SUP0002,2021,1,88.35,87.67,84.19,83.99,95.14,87.56,4
SC000018,SUP0002,2021,2,90.76,90.84,95.88,90.87,50.58,87.8,3
SC000019,SUP0002,2021,3,83.75,89.39,78.41,84.41,82.49,84.31,5
SC000020,SUP0002,2021,4,78.78,99.83,99.07,65.36,95.46,89.48,2
SC000021,SUP0002,2022,1,72.6,92.75,71.14,67.73,59.85,76.59,0
SC000022,SUP0002,2022,2,82.66,94.56,88.87,84.79,69.66,86.38,5
SC000023,SUP0002,2022,3,98.93,89.89,96.59,77.37,67.16,90.42,0
SC000024,SUP0002,2022,4,78.09,85.65,97.13,96.31,50.17,83.2,4
SC000025,SUP0002,2023,1,68.28,96.59,95.99,98.62,60.84,84.6,0
SC000026,SUP0002,2023,2,78.24,87.9,99.35,60.04,61.94,81.91,2
SC000027,SUP0002,2023,3,90.04,95.02,88.36,65.02,71.29,86.82,2
SC000028,SUP0002,2023,4,58.56,91.36,98.3,60.1,70.66,77.71,0
SC000029,SUP0002,2024,1,75.61,93.6,89.05,95.48,70.54,85.17,0
SC000030,SUP0002,2024,2,83.58,99.9,82.47,85.46,89.19,89.0,0
SC000031,SUP0002,2024,3,82.65,88.95,82.37,64.96,62.99,80.75,3
SC000032,SUP0002,2024,4,75.89,91.02,93.53,79.69,95.36,86.28,4
SC000033,SUP0003,2021,1,55.26,87.13,72.84,69.08,51.62,69.36,2
SC000034,SUP0003,2021,2,98.38,86.83,96.78,84.02,87.53,92.07,3
SC000035,SUP0003,2021,3,62.72,94.2,90.54,64.39,84.43,80.07,5
SC000036,SUP0003,2021,4,90.86,93.4,89.9,96.78,59.03,88.84,4
SC000037,SUP0003,2022,1,56.39,95.39,90.66,99.61,77.09,81.34,4
SC000038,SUP0003,2022,2,70.37,90.65,94.29,75.49,52.32,79.94,3
SC000039,SUP0003,2022,3,72.91,85.94,94.4,76.3,78.34,82.0,5
SC000040,SUP0003,2022,4,81.58,89.98,94.36,61.15,52.2,81.67,0
SC000041,SUP0003,2023,1,57.84,95.71,92.09,94.52,52.54,79.19,2
SC000042,SUP0003,2023,2,73.4,99.8,85.41,79.55,60.23,83.02,5
SC000043,SUP0003,2023,3,82.71,86.49,95.24,60.1,55.82,81.4,5
SC000044,SUP0003,2023,4,72.45,97.94,94.74,93.81,84.8,87.93,5
SC000045,SUP0003,2024,1,78.24,94.01,72.58,89.99,91.18,84.31,1
SC000046,SUP0003,2024,2,70.04,99.28,97.48,72.2,78.72,85.38,1
SC000047,SUP0003,2024,3,71.11,88.64,98.24,62.12,54.8,79.27,1
SC000048,SUP0003,2024,4,90.99,97.4,81.77,80.14,66.71,87.56,2
SC000049,SUP0004,2021,1,63.1,88.51,76.09,61.36,93.27,76.16,0
SC000050,SUP0004,2021,2,72.81,99.94,80.14,75.86,62.75,81.71,5
SC000051,SUP0004,2021,3,69.68,88.51,87.53,95.76,50.23,79.56,5
SC000052,SUP0004,2021,4,57.04,95.53,89.75,80.83,55.84,77.39,1
SC000053,SUP0004,2022,1,62.02,90.31,83.4,60.32,82.3,76.64,3
SC000054,SUP0004,2022,2,90.18,87.41,86.35,70.5,88.36,86.43,4
SC000055,SUP0004,2022,3,64.34,99.92,87.33,66.09,65.55,79.91,1
SC000056,SUP0004,2022,4,95.55,89.58,96.4,71.0,50.95,87.01,2
SC000057,SUP0004,2023,1,71.39,93.83,77.82,85.0,99.44,83.57,2
SC000058,SUP0004,2023,2,62.1,96.28,90.85,82.4,73.73,81.3,2
SC000059,SUP0004,2023,3,75.63,93.69,94.83,60.83,94.84,85.33,3
SC000060,SUP0004,2023,4,72.34,90.16,97.21,62.6,96.81,84.13,4
SC000061,SUP0004,2024,1,96.18,87.81,87.51,93.46,59.52,88.0,5
SC000062,SUP0004,2024,2,67.6,93.16,84.63,75.59,59.43,78.66,0
SC000063,SUP0004,2024,3,74.44,89.46,77.49,84.1,95.36,82.61,5
SC000064,SUP0004,2024,4,71.38,89.1,70.76,93.34,69.92,78.62,5
SC000065,SUP0005,2021,1,86.91,93.23,79.37,72.05,66.82,83.8,0
SC000066,SUP0005,2021,2,60.84,89.1,88.39,70.0,53.92,75.05,2
SC000067,SUP0005,2021,3,85.17,98.67,82.19,84.94,94.61,89.55,5
SC000068,SUP0005,2021,4,89.36,87.21,95.5,76.79,76.64,87.41,4
SC000069,SUP0005,2022,1,58.26,99.98,93.5,87.51,67.51,81.67,3
SC000070,SUP0005,2022,2,92.66,91.65,98.02,75.14,71.13,89.52,1
SC000071,SUP0005,2022,3,79.45,90.12,84.55,94.87,94.42,86.71,4
SC000072,SUP0005,2022,4,88.85,97.93,97.98,78.59,55.1,89.0,5
SC000073,SUP0005,2023,1,67.08,90.27,98.76,79.36,87.53,83.65,2
SC000074,SUP0005,2023,2,83.39,88.69,83.9,78.63,80.05,84.27,0
SC000075,SUP0005,2023,3,65.13,96.95,81.24,93.39,53.22,79.53,4
SC000076,SUP0005,2023,4,96.45,89.39,78.44,86.34,52.04,85.28,0
SC000077,SUP0005,2024,1,88.89,97.76,99.1,62.09,85.16,90.54,5
SC000078,SUP0005,2024,2,69.62,88.95,75.0,85.77,64.25,77.57,4
SC000079,SUP0005,2024,3,56.89,92.42,70.45,66.26,64.12,71.92,5
SC000080,SUP0005,2024,4,77.65,87.1,74.06,95.8,57.2,79.54,5
SC000081,SUP0006,2021,1,68.58,90.72,85.75,81.14,71.48,80.2,3
SC000082,SUP0006,2021,2,99.34,98.34,78.29,68.75,67.58,88.59,5
SC000083,SUP0006,2021,3,71.47,87.59,92.73,88.12,82.61,83.34,1
SC000084,SUP0006,2021,4,94.84,92.42,90.81,97.03,54.97,89.54,2
SC000085,SUP0006,2022,1,86.33,95.99,86.8,99.62,65.7,88.59,4
SC000086,SUP0006,2022,2,79.61,98.79,87.38,95.26,94.63,89.98,5
SC000087,SUP0006,2022,3,90.47,92.35,93.17,96.9,89.47,92.12,3
SC000088,SUP0006,2022,4,77.79,95.73,92.19,73.88,50.75,82.96,0
SC000089,SUP0006,2023,1,92.81,85.89,78.45,90.56,68.36,85.19,1
SC000090,SUP0006,2023,2,89.15,95.58,96.16,97.15,66.56,91.02,2
SC000091,SUP0006,2023,3,97.58,89.24,92.52,83.0,95.33,92.38,4
SC000092,SUP0006,2023,4,87.09,92.3,79.3,81.19,93.44,87.14,3
SC000093,SUP0006,2024,1,95.36,89.24,76.27,98.3,55.79,86.04,0
SC000094,SUP0006,2024,2,67.57,87.91,82.85,84.11,51.7,76.79,0
SC000095,SUP0006,2024,3,70.54,97.75,87.22,68.28,98.92,84.65,1
SC000096,SUP0006,2024,4,55.89,88.06,75.7,94.61,65.44,74.33,5
SC000097,SUP0007,2021,1,83.92,88.34,85.18,85.75,71.34,84.42,3
SC000098,SUP0007,2021,2,79.23,94.5,87.57,91.94,51.0,83.93,2
SC000099,SUP0007,2021,3,78.81,91.6,70.04,88.19,72.03,81.15,4
SC000100,SUP0007,2021,4,62.09,85.14,84.05,73.44,54.64,73.79,2
SC000101,SUP0007,2022,1,73.84,88.62,92.91,61.86,77.0,81.21,1
SC000102,SUP0007,2022,2,79.07,85.65,82.69,81.78,58.66,80.0,5
SC000103,SUP0007,2022,3,86.45,91.93,92.41,92.69,60.41,87.31,0
SC000104,SUP0007,2022,4,94.61,91.08,74.67,69.61,83.24,85.93,1
SC000105,SUP0007,2023,1,65.41,86.8,83.12,99.42,51.91,77.42,5
SC000106,SUP0007,2023,2,79.73,89.54,92.56,80.4,81.91,85.52,5
SC000107,SUP0007,2023,3,89.1,95.83,75.15,63.35,89.41,85.78,1
SC000108,SUP0007,2023,4,96.2,92.4,89.71,61.22,70.53,87.7,0
SC000109,SUP0007,2024,1,95.98,85.1,92.26,95.74,91.56,91.51,3
SC000110,SUP0007,2024,2,60.0,93.04,88.72,62.05,93.14,79.18,5
SC000111,SUP0007,2024,3,78.85,93.6,73.8,84.91,87.54,83.74,1
SC000112,SUP0007,2024,4,93.6,91.77,89.27,71.56,94.51,90.07,4
SC000113,SUP0008,2021,1,99.61,89.59,74.48,80.5,51.92,84.9,2
SC000114,SUP0008,2021,2,57.1,87.67,89.09,78.17,80.66,77.13,0
SC000115,SUP0008,2021,3,83.79,99.44,73.65,83.77,69.87,85.06,5
SC000116,SUP0008,2021,4,86.25,94.52,84.78,82.29,67.46,86.16,2
SC000117,SUP0008,2022,1,69.59,97.79,88.87,87.55,86.99,85.44,4
SC000118,SUP0008,2022,2,68.04,99.65,78.34,70.95,58.81,78.95,5
SC000119,SUP0008,2022,3,84.75,86.65,81.44,89.52,62.83,82.94,3
SC000120,SUP0008,2022,4,80.48,89.51,99.47,70.36,84.29,86.36,2
SC000121,SUP0008,2023,1,70.33,95.11,79.21,69.09,63.92,78.77,4
SC000122,SUP0008,2023,2,97.11,87.01,88.13,71.42,97.88,89.79,0
SC000123,SUP0008,2023,3,73.22,95.91,86.77,86.82,53.5,82.12,5
SC000124,SUP0008,2023,4,99.35,99.51,70.9,72.35,70.25,88.1,5
SC000125,SUP0008,2024,1,74.03,91.7,86.01,76.09,54.32,79.96,2
SC000126,SUP0008,2024,2,58.04,97.17,97.92,88.46,97.28,84.72,4
SC000127,SUP0008,2024,3,81.49,91.55,70.89,98.18,60.46,81.95,2
SC000128,SUP0008,2024,4,96.09,95.81,81.97,78.35,74.15,89.21,2
SC000129,SUP0009,2021,1,69.75,90.11,87.96,64.79,73.63,79.39,2
SC000130,SUP0009,2021,2,63.74,97.47,99.47,68.23,87.42,83.82,0
SC000131,SUP0009,2021,3,61.31,93.59,87.18,60.06,56.43,75.56,5
SC000132,SUP0009,2021,4,75.06,88.09,73.59,85.92,93.06,81.56,5
SC000133,SUP0009,2022,1,89.07,91.26,78.28,97.87,50.37,84.58,1
SC000134,SUP0009,2022,2,60.48,93.35,97.04,89.57,82.87,82.8,2
SC000135,SUP0009,2022,3,70.88,87.34,96.26,70.99,77.76,81.59,3
SC000136,SUP0009,2022,4,58.05,96.01,79.71,77.26,74.16,77.3,1
SC000137,SUP0009,2023,1,74.47,87.48,98.39,66.45,53.32,80.24,3
SC000138,SUP0009,2023,2,80.98,99.1,96.83,61.96,56.38,85.22,3
SC000139,SUP0009,2023,3,73.81,96.49,86.83,67.32,84.57,83.64,1
SC000140,SUP0009,2023,4,69.7,85.91,97.39,62.99,98.49,82.31,4
SC000141,SUP0009,2024,1,87.85,97.45,73.29,82.08,90.36,87.49,3
SC000142,SUP0009,2024,2,79.86,99.79,72.46,64.11,71.83,81.98,2
SC000143,SUP0009,2024,3,71.72,98.2,91.79,91.74,74.23,85.93,0
SC000144,SUP0009,2024,4,72.94,95.49,81.23,78.08,51.68,79.75,1
SC000145,SUP0010,2021,1,83.58,94.09,81.65,90.79,84.1,87.12,4
SC000146,SUP0010,2021,2,80.85,85.48,91.97,66.06,99.24,84.82,3
SC000147,SUP0010,2021,3,58.25,90.09,92.58,71.8,66.47,76.85,5
SC000148,SUP0010,2021,4,77.45,89.05,94.97,83.02,97.01,86.95,1
SC000149,SUP0010,2022,1,87.29,93.32,94.99,79.09,79.26,89.02,2
SC000150,SUP0010,2022,2,89.64,87.52,83.82,84.8,92.8,87.67,1
SC000151,SUP0010,2022,3,66.78,89.28,84.53,94.41,70.58,80.22,3
SC000152,SUP0010,2022,4,95.78,93.17,77.04,79.41,99.48,89.98,1
SC000153,SUP0010,2023,1,60.51,88.82,77.78,83.24,95.26,78.2,0
SC000154,SUP0010,2023,2,89.49,88.74,82.67,94.4,80.93,87.54,2
SC000155,SUP0010,2023,3,65.78,92.11,91.17,82.15,53.63,79.18,5
SC000156,SUP0010,2023,4,97.8,87.75,98.47,77.84,64.48,89.59,0
SC000157,SUP0010,2024,1,89.96,94.94,82.72,82.97,86.05,88.92,0
SC000158,SUP0010,2024,2,62.55,85.37,78.94,89.71,80.96,77.23,1
SC000159,SUP0010,2024,3,84.42,93.65,73.64,99.69,78.37,85.95,0
SC000160,SUP0010,2024,4,90.56,95.33,71.34,63.36,64.14,82.78,1
SC000161,SUP0011,2021,1,62.56,95.26,73.93,70.45,85.48,77.73,0
SC000162,SUP0011,2021,2,99.63,97.97,72.48,90.52,80.63,90.89,3
SC000163,SUP0011,2021,3,58.47,88.78,83.63,66.94,86.03,76.2,4
SC000164,SUP0011,2021,4,61.73,93.77,77.63,66.98,56.39,74.51,1
SC000165,SUP0011,2022,1,91.46,91.85,95.45,83.49,83.24,90.76,5
SC000166,SUP0011,2022,2,94.04,92.09,87.0,80.31,73.92,88.66,2
SC000167,SUP0011,2022,3,69.32,85.34,85.57,68.06,76.62,77.98,4
SC000168,SUP0011,2022,4,78.92,92.56,89.82,60.04,85.93,84.01,3
SC000169,SUP0011,2023,1,90.83,94.97,74.54,95.39,92.66,89.45,3
SC000170,SUP0011,2023,2,79.14,97.78,89.0,88.79,59.6,85.72,5
SC000171,SUP0011,2023,3,94.6,97.17,95.25,90.0,87.31,94.31,4
SC000172,SUP0011,2023,4,80.86,90.71,70.16,86.79,67.13,80.89,2
SC000173,SUP0011,2024,1,78.85,85.8,94.5,70.08,50.46,80.35,1
SC000174,SUP0011,2024,2,82.36,99.99,80.0,64.03,88.89,86.0,0
SC000175,SUP0011,2024,3,56.86,92.87,97.75,90.17,66.99,80.18,1
SC000176,SUP0011,2024,4,77.92,86.52,95.37,92.41,54.88,83.14,5
SC000177,SUP0012,2021,1,82.69,91.96,87.91,97.94,86.34,88.41,1
SC000178,SUP0012,2021,2,69.1,99.45,80.85,78.96,78.82,82.51,4
SC000179,SUP0012,2021,3,74.91,89.21,90.99,68.1,64.89,80.73,2
SC000180,SUP0012,2021,4,61.79,91.78,75.01,95.33,71.39,77.74,5
SC000181,SUP0012,2022,1,59.51,99.1,99.57,96.96,55.62,82.75,0
SC000182,SUP0012,2022,2,69.25,99.5,73.97,98.77,53.26,80.62,4
SC000183,SUP0012,2022,3,82.78,97.41,90.83,97.4,87.87,90.75,1
SC000184,SUP0012,2022,4,75.14,92.56,87.59,85.78,72.06,83.61,1
SC000185,SUP0012,2023,1,65.26,97.59,98.09,86.48,79.56,85.08,1
SC000186,SUP0012,2023,2,97.95,88.76,86.41,71.68,81.88,88.65,2
SC000187,SUP0012,2023,3,81.8,89.21,77.82,72.52,94.78,83.6,2
SC000188,SUP0012,2023,4,90.53,92.99,81.48,96.17,50.2,85.99,3
SC000189,SUP0012,2024,1,91.95,88.27,75.74,72.53,94.14,85.88,3
SC000190,SUP0012,2024,2,71.84,86.86,78.82,82.52,91.01,80.73,5
SC000191,SUP0012,2024,3,75.5,99.34,87.37,91.6,53.4,84.43,2
SC000192,SUP0012,2024,4,66.71,96.31,94.72,91.01,94.42,86.39,4
SC000193,SUP0013,2021,1,67.28,99.63,91.0,92.04,85.47,86.02,5
SC000194,SUP0013,2021,2,56.97,98.65,95.84,60.45,86.54,80.55,2
SC000195,SUP0013,2021,3,98.44,85.34,71.12,90.28,73.93,85.78,4
SC000196,SUP0013,2021,4,71.84,85.73,93.29,82.12,90.74,83.22,1
SC000197,SUP0013,2022,1,57.12,86.77,75.1,97.7,76.38,75.59,3
SC000198,SUP0013,2022,2,85.12,91.06,83.28,99.78,52.54,84.74,2
SC000199,SUP0013,2022,3,58.14,93.52,74.39,83.21,82.59,76.96,3
SC000200,SUP0013,2022,4,55.75,85.44,77.4,71.3,77.14,72.68,0
SC000201,SUP0013,2023,1,67.17,87.11,87.03,79.73,69.35,78.6,3
SC000202,SUP0013,2023,2,72.88,89.69,72.19,75.29,78.41,78.58,0
SC000203,SUP0013,2023,3,56.78,88.35,92.7,67.37,63.62,75.18,5
SC000204,SUP0013,2023,4,96.95,90.21,71.44,89.21,63.06,85.66,5
SC000205,SUP0013,2024,1,58.11,86.39,74.18,77.2,52.87,71.19,4
SC000206,SUP0013,2024,2,70.91,90.61,98.57,62.61,60.73,80.5,5
SC000207,SUP0013,2024,3,78.8,85.23,84.82,82.0,72.36,81.61,3
SC000208,SUP0013,2024,4,94.8,88.88,78.67,69.45,85.36,86.32,5
SC000209,SUP0014,2021,1,71.07,90.61,81.89,87.25,66.93,80.3,2
SC000210,SUP0014,2021,2,58.92,93.34,79.36,73.1,95.45,78.41,0
SC000211,SUP0014,2021,3,64.91,86.36,84.87,87.37,94.75,80.57,5
SC000212,SUP0014,2021,4,58.65,87.94,86.27,81.42,87.9,78.16,2
SC000213,SUP0014,2022,1,79.45,94.74,94.17,86.74,90.39,88.8,5
SC000214,SUP0014,2022,2,75.17,91.31,84.28,90.43,99.65,85.81,5
SC000215,SUP0014,2022,3,85.67,89.55,95.39,76.7,51.62,84.48,4
SC000216,SUP0014,2022,4,74.76,85.5,81.68,91.21,68.49,80.38,0
SC000217,SUP0014,2023,1,84.91,95.47,77.3,64.18,74.87,83.48,2
SC000218,SUP0014,2023,2,71.03,95.1,98.97,63.01,57.42,81.68,4
SC000219,SUP0014,2023,3,86.96,96.25,85.8,97.31,71.15,88.97,3
SC000220,SUP0014,2023,4,84.85,91.34,77.72,61.37,92.29,83.77,5
SC000221,SUP0014,2024,1,86.15,91.39,77.52,68.52,96.35,85.25,3
SC000222,SUP0014,2024,2,65.11,93.02,90.19,89.26,96.17,84.02,1
SC000223,SUP0014,2024,3,60.33,99.48,81.95,78.34,84.76,80.64,0
SC000224,SUP0014,2024,4,58.25,91.14,89.18,81.42,64.32,77.23,4
SC000225,SUP0015,2021,1,63.5,92.85,94.57,95.95,84.42,83.86,4
SC000226,SUP0015,2021,2,63.92,90.47,76.56,96.63,80.95,79.39,0
SC000227,SUP0015,2021,3,79.67,91.93,79.36,78.57,81.39,83.35,4
SC000228,SUP0015,2021,4,72.23,88.45,93.26,60.03,94.41,82.3,1
SC000229,SUP0015,2022,1,94.32,91.06,85.64,62.0,65.88,85.53,3
SC000230,SUP0015,2022,2,56.43,99.58,79.0,81.9,78.04,78.6,1
SC000231,SUP0015,2022,3,57.3,86.27,88.02,67.64,58.64,73.3,4
SC000232,SUP0015,2022,4,61.39,85.37,94.11,64.24,97.71,79.05,1
SC000233,SUP0015,2023,1,65.93,85.22,73.67,86.63,99.79,78.72,3
SC000234,SUP0015,2023,2,76.91,86.31,72.72,99.47,60.72,79.53,4
SC000235,SUP0015,2023,3,83.35,96.03,89.72,80.96,85.46,88.4,0
SC000236,SUP0015,2023,4,55.15,92.91,81.24,84.62,87.13,77.84,0
SC000237,SUP0015,2024,1,70.96,99.58,90.67,65.42,83.86,84.22,5
SC000238,SUP0015,2024,2,98.25,89.38,93.38,75.57,88.83,91.4,5
SC000239,SUP0015,2024,3,65.34,92.83,98.02,67.33,78.63,81.65,4
SC000240,SUP0015,2024,4,75.2,93.09,90.29,89.11,59.22,83.38,0
SC000241,SUP0016,2021,1,57.51,91.25,73.71,72.2,63.41,72.93,4
SC000242,SUP0016,2021,2,57.4,90.11,79.62,69.27,72.28,74.33,1
SC000243,SUP0016,2021,3,59.7,94.92,72.01,64.92,74.18,74.7,1
SC000244,SUP0016,2021,4,79.67,95.4,99.56,66.13,82.41,87.29,0
SC000245,SUP0016,2022,1,73.29,91.04,96.65,81.78,69.58,83.77,0
SC000246,SUP0016,2022,2,94.82,98.66,79.35,92.23,79.92,91.13,3
SC000247,SUP0016,2022,3,80.96,95.7,78.85,83.88,66.05,83.76,1
SC000248,SUP0016,2022,4,89.51,91.93,96.03,97.45,68.57,90.24,2
SC000249,SUP0016,2023,1,89.68,92.79,84.21,97.95,64.77,87.86,4
SC000250,SUP0016,2023,2,77.27,93.07,94.93,72.14,62.75,83.58,3
SC000251,SUP0016,2023,3,79.32,93.23,97.51,78.88,80.03,87.16,5
SC000252,SUP0016,2023,4,62.13,99.36,75.71,90.15,98.43,82.45,3
SC000253,SUP0016,2024,1,93.22,85.73,96.85,64.56,88.72,88.38,1
SC000254,SUP0016,2024,2,83.49,93.77,77.31,85.03,83.35,85.48,2
SC000255,SUP0016,2024,3,56.12,94.52,94.94,97.76,61.38,80.09,5
SC000256,SUP0016,2024,4,98.34,89.59,71.49,61.59,89.02,85.74,0
SC000257,SUP0017,2021,1,74.38,94.02,99.76,60.98,71.47,83.72,4
SC000258,SUP0017,2021,2,85.21,96.25,80.65,65.16,50.47,82.13,4
SC000259,SUP0017,2021,3,90.98,90.23,71.87,96.4,61.12,84.49,5
SC000260,SUP0017,2021,4,63.72,86.6,77.55,86.2,57.41,74.97,1
SC000261,SUP0017,2022,1,97.6,87.87,83.26,81.68,82.45,88.71,1
SC000262,SUP0017,2022,2,83.86,94.1,76.81,84.48,53.37,82.54,5
SC000263,SUP0017,2022,3,87.54,96.32,87.06,81.16,63.97,87.08,1
SC000264,SUP0017,2022,4,89.1,98.51,86.36,97.65,70.42,90.36,1
SC000265,SUP0017,2023,1,76.19,86.58,78.36,67.85,59.12,77.2,4
SC000266,SUP0017,2023,2,71.43,88.58,99.42,97.6,78.47,85.49,5
SC000267,SUP0017,2023,3,96.4,97.95,79.49,93.02,77.86,91.29,4
SC000268,SUP0017,2023,4,55.46,98.2,94.26,82.07,73.61,80.52,2
SC000269,SUP0017,2024,1,79.78,94.65,94.52,86.89,86.78,88.6,4
SC000270,SUP0017,2024,2,94.29,89.59,91.11,64.34,96.53,89.47,2
SC000271,SUP0017,2024,3,88.91,98.14,96.58,61.69,92.88,90.89,0
SC000272,SUP0017,2024,4,96.55,93.06,74.96,94.12,71.72,88.46,0
SC000273,SUP0018,2021,1,68.17,92.73,70.77,69.36,92.63,78.62,1
SC000274,SUP0018,2021,2,86.06,98.23,96.69,62.39,88.27,89.69,2
SC000275,SUP0018,2021,3,70.45,86.61,94.47,92.99,90.03,84.31,5
SC000276,SUP0018,2021,4,90.6,99.26,78.37,84.14,60.3,87.08,1
SC000277,SUP0018,2022,1,97.81,93.35,87.78,65.51,54.8,86.94,3
SC000278,SUP0018,2022,2,81.12,86.43,81.55,80.68,72.87,81.93,4
SC000279,SUP0018,2022,3,79.17,92.5,73.71,99.65,93.54,85.56,3
SC000280,SUP0018,2022,4,97.08,87.42,97.76,64.54,80.37,89.39,3
SC000281,SUP0018,2023,1,87.78,86.54,80.69,61.37,94.73,84.04,1
SC000282,SUP0018,2023,2,59.86,85.74,86.2,95.81,92.79,79.78,3
SC000283,SUP0018,2023,3,97.01,95.88,77.12,83.62,85.63,90.22,0
SC000284,SUP0018,2023,4,91.19,98.89,97.24,92.57,61.03,91.83,3
SC000285,SUP0018,2024,1,71.37,96.37,87.82,96.21,90.95,86.6,3
SC000286,SUP0018,2024,2,73.43,87.14,71.7,79.37,54.08,75.86,5
SC000287,SUP0018,2024,3,77.94,97.15,89.28,65.93,98.49,86.83,0
SC000288,SUP0018,2024,4,60.79,89.05,77.31,61.5,60.62,72.63,1
SC000289,SUP0019,2021,1,70.98,98.05,85.18,84.69,76.93,83.91,3
SC000290,SUP0019,2021,2,90.73,85.91,77.52,89.04,68.59,84.26,3
SC000291,SUP0019,2021,3,85.78,97.41,83.32,79.05,51.93,84.72,4
SC000292,SUP0019,2021,4,87.13,92.91,81.38,71.99,89.65,86.45,5
SC000293,SUP0019,2022,1,74.99,96.1,85.62,70.58,94.76,84.98,1
SC000294,SUP0019,2022,2,87.3,90.16,74.21,99.78,52.4,83.3,1
SC000295,SUP0019,2022,3,82.68,97.61,90.85,97.08,99.67,91.93,0
SC000296,SUP0019,2022,4,59.56,86.59,99.32,92.38,80.27,80.97,0
SC000297,SUP0019,2023,1,75.63,97.83,75.92,62.74,71.66,80.66,4
SC000298,SUP0019,2023,2,84.9,88.52,71.73,76.1,86.3,82.61,0
SC000299,SUP0019,2023,3,59.15,89.97,78.49,67.89,61.16,73.34,5
SC000300,SUP0019,2023,4,66.19,96.82,74.31,72.92,80.21,79.08,4
SC000301,SUP0019,2024,1,87.62,90.66,72.13,63.51,67.28,80.99,0
SC000302,SUP0019,2024,2,76.46,93.96,90.24,92.26,62.46,84.65,2
SC000303,SUP0019,2024,3,76.0,86.64,87.67,70.82,75.83,80.99,4
SC000304,SUP0019,2024,4,87.15,99.61,93.98,63.72,96.7,90.87,5
SC000305,SUP0020,2021,1,64.52,87.16,88.17,61.99,78.13,77.15,5
SC000306,SUP0020,2021,2,91.88,86.91,99.25,67.97,64.99,86.78,5
SC000307,SUP0020,2021,3,75.67,90.15,98.63,62.47,78.02,83.52,5
SC000308,SUP0020,2021,4,57.84,99.53,78.68,76.24,51.17,75.69,3
SC000309,SUP0020,2022,1,56.75,97.76,72.96,85.61,68.1,76.32,5
SC000310,SUP0020,2022,2,94.65,94.55,87.43,76.95,51.11,87.05,1
SC000311,SUP0020,2022,3,96.32,94.33,95.23,90.94,59.47,91.28,4
SC000312,SUP0020,2022,4,94.38,95.77,89.68,87.06,58.1,89.5,2
SC000313,SUP0020,2023,1,93.77,95.74,80.29,75.49,74.05,87.87,2
SC000314,SUP0020,2023,2,75.21,94.53,94.22,69.2,59.9,82.68,3
SC000315,SUP0020,2023,3,65.16,94.93,85.73,93.57,87.56,83.29,2
SC000316,SUP0020,2023,4,90.14,88.8,75.85,80.84,66.65,83.6,2
SC000317,SUP0020,2024,1,67.88,92.52,79.59,73.22,62.25,77.58,4
SC000318,SUP0020,2024,2,62.09,98.43,84.46,79.78,58.82,78.91,2
SC000319,SUP0020,2024,3,91.8,85.69,86.12,95.91,67.86,86.85,2
SC000320,SUP0020,2024,4,68.58,85.54,89.69,89.69,67.97,79.94,0
SC000321,SUP0021,2021,1,65.01,89.17,81.48,99.72,61.44,78.67,0
SC000322,SUP0021,2021,2,79.37,92.15,89.8,65.93,73.09,83.32,5
SC000323,SUP0021,2021,3,77.24,94.72,74.97,78.88,63.64,80.83,3
SC000324,SUP0021,2021,4,90.49,85.59,85.22,64.61,61.83,82.51,1
SC000325,SUP0021,2022,1,98.3,94.48,93.81,87.5,57.11,91.06,3
SC000326,SUP0021,2022,2,99.25,94.59,75.08,61.58,82.66,87.59,2
SC000327,SUP0021,2022,3,82.95,89.46,98.5,87.85,98.25,90.03,5
SC000328,SUP0021,2022,4,59.35,85.28,95.69,90.77,55.35,77.14,5
SC000329,SUP0021,2023,1,91.76,90.39,96.41,62.92,63.59,86.58,2
SC000330,SUP0021,2023,2,56.38,99.17,77.47,73.93,97.03,79.25,2
SC000331,SUP0021,2023,3,89.56,99.66,80.01,65.6,59.82,85.31,1
SC000332,SUP0021,2023,4,59.81,96.15,73.12,65.29,93.41,77.28,0
SC000333,SUP0021,2024,1,63.08,91.51,92.4,91.72,68.98,80.93,4
SC000334,SUP0021,2024,2,81.73,95.17,97.73,79.61,57.82,86.36,1
SC000335,SUP0021,2024,3,81.44,88.89,89.16,70.12,78.75,83.82,1
SC000336,SUP0021,2024,4,94.81,95.93,78.79,63.11,74.65,86.76,5
SC000337,SUP0022,2021,1,75.83,95.23,72.09,98.52,76.4,83.23,1
SC000338,SUP0022,2021,2,84.52,93.69,95.87,89.26,69.69,88.53,4
SC000339,SUP0022,2021,3,70.27,87.9,84.78,77.6,90.38,81.2,5
SC000340,SUP0022,2021,4,90.62,99.2,73.14,73.5,96.71,88.59,3
SC000341,SUP0022,2022,1,66.89,95.23,77.07,89.33,82.01,81.18,5
SC000342,SUP0022,2022,2,65.93,98.33,78.97,88.24,96.22,83.52,3
SC000343,SUP0022,2022,3,82.0,97.26,89.09,60.13,77.53,85.36,5
SC000344,SUP0022,2022,4,77.65,90.91,81.2,92.6,74.3,83.5,1
SC000345,SUP0022,2023,1,64.42,87.7,80.78,90.25,91.23,79.94,2
SC000346,SUP0022,2023,2,98.5,90.98,90.73,81.68,59.33,89.09,3
SC000347,SUP0022,2023,3,89.41,91.7,83.76,70.42,85.1,86.64,1
SC000348,SUP0022,2023,4,65.97,98.49,90.91,63.98,92.44,83.16,2
SC000349,SUP0022,2024,1,61.81,97.87,95.9,98.01,67.48,83.63,2
SC000350,SUP0022,2024,2,56.39,87.9,70.91,76.57,83.4,73.47,5
SC000351,SUP0022,2024,3,79.98,95.96,98.83,95.99,73.65,89.51,0
SC000352,SUP0022,2024,4,77.86,93.22,99.44,60.63,84.59,85.73,0
SC000353,SUP0023,2021,1,88.84,90.43,88.93,87.85,51.39,85.49,2
SC000354,SUP0023,2021,2,73.43,87.3,90.59,76.2,94.75,83.43,1
SC000355,SUP0023,2021,3,92.97,85.64,90.56,84.39,79.6,88.09,5
SC000356,SUP0023,2021,4,98.86,99.59,83.25,63.3,80.19,90.53,1
SC000357,SUP0023,2022,1,97.83,87.04,93.07,90.88,86.52,91.81,0
SC000358,SUP0023,2022,2,71.25,86.95,81.46,61.13,68.98,76.76,1
SC000359,SUP0023,2022,3,63.51,89.03,84.16,82.63,65.59,77.42,1
SC000360,SUP0023,2022,4,75.69,87.13,91.18,61.47,65.93,79.82,3
SC000361,SUP0023,2023,1,57.01,88.43,92.66,66.17,90.57,77.84,5
SC000362,SUP0023,2023,2,70.98,98.94,70.26,79.4,74.91,80.46,0
SC000363,SUP0023,2023,3,99.39,97.36,82.1,78.44,81.06,91.39,2
SC000364,SUP0023,2023,4,82.68,95.59,89.39,78.77,85.04,87.74,2
SC000365,SUP0023,2024,1,82.49,85.9,70.4,71.28,88.95,80.62,5
SC000366,SUP0023,2024,2,71.17,99.53,75.82,80.3,81.84,82.59,0
SC000367,SUP0023,2024,3,91.1,90.89,89.56,71.26,80.01,87.64,1
SC000368,SUP0023,2024,4,73.22,99.48,90.72,80.18,63.05,84.28,2
SC000369,SUP0024,2021,1,85.09,99.6,92.2,89.99,83.1,91.16,1
SC000370,SUP0024,2021,2,92.89,88.46,73.03,78.88,71.24,84.02,3
SC000371,SUP0024,2021,3,97.68,95.31,71.87,94.31,65.78,88.28,1
SC000372,SUP0024,2021,4,98.75,87.46,70.56,69.45,91.03,86.02,2
SC000373,SUP0024,2022,1,64.27,91.94,96.71,75.2,84.19,82.14,5
SC000374,SUP0024,2022,2,58.56,96.96,95.52,60.07,65.68,78.33,3
SC000375,SUP0024,2022,3,57.04,87.58,84.51,97.68,66.03,76.66,5
SC000376,SUP0024,2022,4,74.14,91.88,80.66,60.21,75.04,79.46,4
SC000377,SUP0024,2023,1,99.47,86.79,91.74,85.48,99.76,92.75,3
SC000378,SUP0024,2023,2,92.28,98.87,77.96,73.84,88.2,89.14,5
SC000379,SUP0024,2023,3,55.48,91.88,75.03,78.66,54.12,72.49,1
SC000380,SUP0024,2023,4,78.78,93.81,73.73,68.47,81.08,81.48,5
SC000381,SUP0024,2024,1,85.85,87.17,74.03,74.76,56.26,79.81,1
SC000382,SUP0024,2024,2,66.28,90.07,86.67,79.11,82.58,80.41,2
SC000383,SUP0024,2024,3,94.29,90.5,71.05,61.36,69.02,82.68,3
SC000384,SUP0024,2024,4,78.62,96.42,82.63,77.42,60.22,82.8,4
SC000385,SUP0025,2021,1,84.29,98.89,85.08,76.1,98.14,89.39,2
SC000386,SUP0025,2021,2,64.26,95.56,80.14,89.92,57.14,78.68,4
SC000387,SUP0025,2021,3,98.62,99.74,76.53,60.04,80.69,88.89,0
SC000388,SUP0025,2021,4,60.64,98.42,94.04,69.29,99.7,83.43,1
SC000389,SUP0025,2022,1,97.99,98.33,92.88,70.02,90.38,93.51,3
SC000390,SUP0025,2022,2,64.1,98.05,73.91,91.41,90.55,81.62,1
SC000391,SUP0025,2022,3,87.86,85.03,99.17,89.17,68.19,87.44,2
SC000392,SUP0025,2022,4,81.89,94.08,88.37,80.8,99.32,88.48,5
SC000393,SUP0025,2023,1,86.9,85.1,98.8,88.5,86.17,88.83,4
SC000394,SUP0025,2023,2,59.37,87.0,93.47,78.25,64.28,76.86,1
SC000395,SUP0025,2023,3,96.08,88.01,83.85,67.37,65.51,85.28,5
SC000396,SUP0025,2023,4,96.78,89.56,88.8,63.51,91.47,89.16,1
SC000397,SUP0025,2024,1,82.28,92.0,75.75,86.23,93.7,85.43,0
SC000398,SUP0025,2024,2,89.04,90.21,70.07,70.19,74.17,82.23,2
SC000399,SUP0025,2024,3,56.85,90.97,72.61,73.79,82.45,74.49,0
SC000400,SUP0025,2024,4,77.26,86.18,90.51,94.63,96.54,86.25,3
SC000401,SUP0026,2021,1,89.21,99.28,79.87,70.78,56.48,85.25,4
SC000402,SUP0026,2021,2,97.6,93.73,91.04,75.47,61.36,89.29,0
SC000403,SUP0026,2021,3,57.6,91.22,86.75,82.12,93.11,79.52,5
SC000404,SUP0026,2021,4,86.57,97.44,97.43,87.56,64.74,89.92,2
SC000405,SUP0026,2022,1,72.31,97.18,97.52,71.32,96.93,87.18,0
SC000406,SUP0026,2022,2,79.19,94.13,75.79,94.41,54.73,82.07,3
SC000407,SUP0026,2022,3,58.94,98.11,70.02,97.37,68.9,77.75,0
SC000408,SUP0026,2022,4,80.71,86.36,74.89,67.91,59.12,77.8,3
SC000409,SUP0026,2023,1,63.9,91.21,71.04,97.24,53.61,75.83,3
SC000410,SUP0026,2023,2,75.6,91.7,79.77,71.14,90.66,82.32,0
SC000411,SUP0026,2023,3,82.45,87.19,77.3,60.63,91.84,81.6,4
SC000412,SUP0026,2023,4,90.5,89.57,98.39,90.03,53.75,88.08,5
SC000413,SUP0026,2024,1,81.56,85.73,77.22,90.53,57.6,80.44,5
SC000414,SUP0026,2024,2,74.68,87.47,72.06,77.66,82.98,79.12,1
SC000415,SUP0026,2024,3,68.95,93.51,84.75,86.75,56.7,80.03,4
SC000416,SUP0026,2024,4,92.88,89.07,85.64,96.59,59.26,87.3,1
SC000417,SUP0027,2021,1,67.03,89.74,83.93,88.17,71.71,79.8,5
SC000418,SUP0027,2021,2,64.62,90.2,78.29,88.96,92.63,80.26,4
SC000419,SUP0027,2021,3,60.91,91.2,79.02,71.89,53.69,74.0,2
SC000420,SUP0027,2021,4,82.39,95.02,75.67,86.04,77.83,84.74,2
SC000421,SUP0027,2022,1,71.54,92.79,82.17,64.72,96.72,81.88,0
SC000422,SUP0027,2022,2,88.75,86.42,95.56,82.45,68.95,86.8,1
SC000423,SUP0027,2022,3,91.75,94.6,81.33,92.23,53.19,86.71,0
SC000424,SUP0027,2022,4,76.37,91.88,87.78,74.91,93.47,84.87,5
SC000425,SUP0027,2023,1,68.04,89.91,91.08,76.4,60.77,79.32,0
SC000426,SUP0027,2023,2,60.95,86.92,82.53,94.89,73.6,77.72,2
SC000427,SUP0027,2023,3,74.38,99.43,79.24,76.12,62.19,81.82,4
SC000428,SUP0027,2023,4,68.3,92.87,88.65,74.69,60.79,79.63,0
SC000429,SUP0027,2024,1,71.1,85.51,81.1,73.36,83.53,78.89,4
SC000430,SUP0027,2024,2,77.66,92.1,94.6,60.46,50.43,80.94,2
SC000431,SUP0027,2024,3,68.75,93.95,73.48,77.56,79.71,79.23,5
SC000432,SUP0027,2024,4,85.91,90.72,87.13,76.49,71.28,85.19,0
SC000433,SUP0028,2021,1,67.69,93.2,73.48,91.98,75.74,79.73,1
SC000434,SUP0028,2021,2,79.32,90.37,73.48,69.85,66.77,79.26,2
SC000435,SUP0028,2021,3,73.53,95.51,83.83,85.45,68.2,82.84,2
SC000436,SUP0028,2021,4,62.83,87.67,81.92,97.88,63.41,77.66,5
SC000437,SUP0028,2022,1,84.8,96.72,83.22,96.31,61.24,86.85,1
SC000438,SUP0028,2022,2,82.92,88.79,91.85,84.94,84.53,86.83,1
SC000439,SUP0028,2022,3,59.39,97.82,92.62,89.7,95.72,84.23,5
SC000440,SUP0028,2022,4,79.04,92.18,84.34,62.37,70.61,81.53,4
SC000441,SUP0028,2023,1,78.24,87.06,91.48,67.41,71.39,81.77,4
SC000442,SUP0028,2023,2,82.89,97.24,81.4,61.98,96.13,86.13,0
SC000443,SUP0028,2023,3,72.84,93.53,92.07,84.03,77.36,84.46,2
SC000444,SUP0028,2023,4,97.72,86.09,99.59,64.62,72.35,88.76,5
SC000445,SUP0028,2024,1,64.56,98.16,97.11,62.02,71.27,81.57,5
SC000446,SUP0028,2024,2,98.89,94.91,80.43,86.47,69.44,89.82,4
SC000447,SUP0028,2024,3,56.84,99.91,98.08,71.53,57.71,79.56,4
SC000448,SUP0028,2024,4,81.59,87.04,92.06,73.05,91.13,85.42,1
SC000449,SUP0029,2021,1,87.07,91.48,73.7,89.95,99.94,87.29,5
SC000450,SUP0029,2021,2,93.38,90.39,73.15,71.53,87.9,85.7,5
SC000451,SUP0029,2021,3,90.47,92.07,98.85,86.75,82.4,91.45,1
SC000452,SUP0029,2021,4,90.7,91.76,98.46,74.64,72.37,89.13,2
SC000453,SUP0029,2022,1,92.32,91.91,78.71,64.34,57.25,83.17,2
SC000454,SUP0029,2022,2,59.54,97.05,74.31,78.25,72.72,76.94,4
SC000455,SUP0029,2022,3,83.44,92.21,84.76,91.37,60.21,84.8,2
SC000456,SUP0029,2022,4,62.9,88.14,97.18,80.95,66.32,79.48,3
SC000457,SUP0029,2023,1,83.38,96.3,71.73,75.53,85.38,84.34,4
SC000458,SUP0029,2023,2,75.11,87.93,90.7,92.95,92.19,85.57,4
SC000459,SUP0029,2023,3,81.41,85.46,75.29,66.95,94.95,81.31,1
SC000460,SUP0029,2023,4,61.58,88.98,83.88,95.05,85.59,80.01,2
SC000461,SUP0029,2024,1,72.44,92.24,82.37,69.76,88.08,81.66,5
SC000462,SUP0029,2024,2,65.74,93.8,71.54,63.45,52.36,73.75,5
SC000463,SUP0029,2024,3,69.87,91.43,87.52,69.44,97.88,82.63,3
SC000464,SUP0029,2024,4,64.62,87.29,89.63,86.44,56.31,77.77,5
SC000465,SUP0030,2021,1,85.81,89.88,80.24,73.65,84.11,84.53,3
SC000466,SUP0030,2021,2,91.52,85.37,82.35,86.42,95.61,87.74,2
SC000467,SUP0030,2021,3,70.27,86.51,93.57,87.64,59.03,80.41,1
SC000468,SUP0030,2021,4,66.27,94.4,94.35,91.53,68.13,83.04,2
SC000469,SUP0030,2022,1,94.95,94.32,77.26,79.45,94.16,89.59,0
SC000470,SUP0030,2022,2,96.94,93.82,70.28,80.94,95.36,88.91,1
SC000471,SUP0030,2022,3,57.27,90.5,75.89,63.23,99.75,75.81,4
SC000472,SUP0030,2022,4,88.19,99.07,82.86,73.29,65.51,86.63,0
SC000473,SUP0030,2023,1,70.39,90.58,95.93,61.61,58.03,79.44,2
SC000474,SUP0030,2023,2,67.34,92.25,71.65,99.8,96.0,81.79,3
SC000475,SUP0030,2023,3,60.62,99.96,76.63,90.56,57.83,78.34,0
SC000476,SUP0030,2023,4,63.09,91.86,71.49,65.12,66.06,73.9,0
SC000477,SUP0030,2024,1,66.21,89.64,90.51,96.88,97.11,84.26,1
SC000478,SUP0030,2024,2,55.76,87.93,93.68,73.93,66.67,75.9,5
SC000479,SUP0030,2024,3,78.26,86.36,89.72,81.33,55.34,81.0,5
SC000480,SUP0030,2024,4,63.02,88.0,81.91,92.15,65.39,77.44,5
SC000481,SUP0031,2021,1,60.04,88.1,86.16,62.02,60.32,73.91,2
SC000482,SUP0031,2021,2,78.46,99.2,74.01,90.63,78.06,84.97,5
SC000483,SUP0031,2021,3,92.91,92.59,87.7,87.73,58.43,87.81,4
SC000484,SUP0031,2021,4,95.67,86.51,74.07,75.49,70.35,84.05,2
SC000485,SUP0031,2022,1,67.34,92.19,84.14,80.92,91.45,81.92,0
SC000486,SUP0031,2022,2,60.51,98.19,91.65,97.43,56.81,81.36,2
SC000487,SUP0031,2022,3,75.85,89.84,75.95,75.62,88.13,81.27,1
SC000488,SUP0031,2022,4,76.65,90.27,82.17,96.95,55.07,81.71,2
SC000489,SUP0031,2023,1,85.76,97.19,89.86,88.25,81.98,89.88,0
SC000490,SUP0031,2023,2,55.29,96.74,97.41,87.74,62.29,80.09,4
SC000491,SUP0031,2023,3,98.44,87.85,81.64,61.98,83.41,86.75,3
SC000492,SUP0031,2023,4,82.73,96.38,71.08,98.67,74.52,85.27,5
SC000493,SUP0031,2024,1,55.73,97.61,75.29,74.12,92.77,77.75,5
SC000494,SUP0031,2024,2,63.86,97.1,84.09,65.24,52.83,76.91,2
SC000495,SUP0031,2024,3,63.27,90.35,90.64,86.79,58.71,78.76,3
SC000496,SUP0031,2024,4,97.0,92.16,94.51,81.53,50.12,88.82,4
SC000497,SUP0032,2021,1,73.91,95.4,93.49,66.54,80.0,84.14,2
SC000498,SUP0032,2021,2,98.08,89.21,96.27,82.01,82.46,91.89,0
SC000499,SUP0032,2021,3,88.16,96.56,93.14,84.57,84.77,90.98,1
SC000500,SUP0032,2021,4,94.04,88.95,94.58,78.74,68.34,88.52,0
SC000501,SUP0032,2022,1,92.99,90.81,86.07,91.51,89.63,90.47,1
SC000502,SUP0032,2022,2,84.84,86.06,75.28,61.34,78.04,80.26,1
SC000503,SUP0032,2022,3,98.19,97.86,81.13,85.49,65.9,90.18,4
SC000504,SUP0032,2022,4,58.47,94.7,82.34,94.89,56.04,77.51,3
SC000505,SUP0032,2023,1,84.05,87.56,73.22,87.8,83.69,83.28,3
SC000506,SUP0032,2023,2,61.11,85.7,82.56,65.93,99.14,77.06,2
SC000507,SUP0032,2023,3,96.37,92.0,70.97,71.18,53.06,83.13,3
SC000508,SUP0032,2023,4,92.8,96.11,87.95,61.94,68.37,87.29,5
SC000509,SUP0032,2024,1,75.7,90.42,75.8,71.54,68.25,78.97,3
SC000510,SUP0032,2024,2,85.7,97.93,77.37,64.11,87.39,85.71,4
SC000511,SUP0032,2024,3,57.07,89.7,83.57,67.06,91.0,76.55,0
SC000512,SUP0032,2024,4,95.86,95.12,71.43,86.17,59.73,86.17,2
SC000513,SUP0033,2021,1,74.83,89.52,82.66,85.68,73.55,81.76,2
SC000514,SUP0033,2021,2,57.72,96.0,77.48,89.37,79.1,78.46,4
SC000515,SUP0033,2021,3,87.2,94.73,81.56,86.9,99.13,89.49,2
SC000516,SUP0033,2021,4,76.32,89.05,70.42,76.11,69.0,78.21,2
SC000517,SUP0033,2022,1,67.46,99.34,80.35,71.8,57.75,79.06,0
SC000518,SUP0033,2022,2,99.86,97.27,99.36,91.77,93.13,97.5,1
SC000519,SUP0033,2022,3,95.83,85.66,75.83,71.39,99.57,86.71,1
SC000520,SUP0033,2022,4,99.5,96.38,97.67,86.23,84.48,95.37,1
SC000521,SUP0033,2023,1,73.71,93.24,83.54,95.36,68.71,83.2,2
SC000522,SUP0033,2023,2,72.99,97.67,77.23,70.75,54.35,79.15,1
SC000523,SUP0033,2023,3,88.64,92.29,75.04,75.36,80.04,84.83,4
SC000524,SUP0033,2023,4,78.38,88.02,90.87,70.36,92.69,84.4,2
SC000525,SUP0033,2024,1,72.84,87.77,88.58,76.9,89.44,82.53,5
SC000526,SUP0033,2024,2,98.46,90.35,76.99,61.74,91.0,87.31,4
SC000527,SUP0033,2024,3,71.2,90.28,99.11,99.72,57.15,83.95,0
SC000528,SUP0033,2024,4,61.29,87.93,90.07,63.92,59.32,75.1,3
SC000529,SUP0034,2021,1,55.05,87.42,95.78,78.86,81.77,77.96,1
SC000530,SUP0034,2021,2,93.02,86.18,94.83,63.13,71.12,86.15,1
SC000531,SUP0034,2021,3,63.74,96.89,94.61,61.86,96.67,82.96,0
SC000532,SUP0034,2021,4,74.22,97.01,89.79,92.01,69.45,85.47,2
SC000533,SUP0034,2022,1,83.51,95.3,96.47,69.99,82.11,88.15,5
SC000534,SUP0034,2022,2,81.73,95.47,91.24,90.68,78.41,88.32,5
SC000535,SUP0034,2022,3,78.67,92.08,81.81,96.9,66.29,83.91,2
SC000536,SUP0034,2022,4,64.7,92.75,87.5,68.97,89.81,80.61,3
SC000537,SUP0034,2023,1,67.93,87.48,96.81,72.45,53.1,78.54,2
SC000538,SUP0034,2023,2,59.1,99.57,85.0,68.94,63.47,77.84,4
SC000539,SUP0034,2023,3,78.48,96.79,96.8,85.94,78.41,88.38,2
SC000540,SUP0034,2023,4,87.76,96.36,72.97,63.14,86.29,84.77,1
SC000541,SUP0034,2024,1,57.13,99.91,91.12,90.7,88.67,83.27,0
SC000542,SUP0034,2024,2,85.23,87.53,82.11,82.24,76.83,84.16,5
SC000543,SUP0034,2024,3,86.62,97.43,82.76,83.07,98.72,89.95,0
SC000544,SUP0034,2024,4,64.56,98.81,87.06,99.82,79.97,84.4,1
SC000545,SUP0035,2021,1,86.95,94.93,97.66,96.68,58.77,89.64,2
SC000546,SUP0035,2021,2,60.85,87.29,93.67,72.94,91.16,79.59,3
SC000547,SUP0035,2021,3,95.56,94.51,96.52,71.77,74.49,90.95,2
SC000548,SUP0035,2021,4,76.99,96.33,91.16,93.53,60.16,85.6,4
SC000549,SUP0035,2022,1,77.8,94.21,72.27,61.47,53.69,77.57,4
SC000550,SUP0035,2022,2,56.86,99.39,70.53,85.44,65.03,76.03,5
SC000551,SUP0035,2022,3,70.85,95.17,94.94,91.79,91.63,87.14,0
SC000552,SUP0035,2022,4,79.68,89.96,92.37,77.04,98.48,86.92,0
SC000553,SUP0035,2023,1,98.1,98.79,84.26,75.15,96.78,93.11,0
SC000554,SUP0035,2023,2,75.88,92.41,95.4,74.87,96.64,86.72,5
SC000555,SUP0035,2023,3,81.8,89.4,88.86,71.74,94.53,85.76,2
SC000556,SUP0035,2023,4,82.34,89.23,78.68,88.46,88.11,84.86,5
SC000557,SUP0035,2024,1,59.42,94.19,73.89,68.65,87.04,76.43,1
SC000558,SUP0035,2024,2,73.16,85.88,85.6,79.79,65.3,79.34,3
SC000559,SUP0035,2024,3,78.52,94.13,80.82,62.87,51.9,79.44,1
SC000560,SUP0035,2024,4,81.9,96.35,70.99,90.99,68.52,83.62,5
SC000561,SUP0036,2021,1,97.54,86.79,72.35,62.6,77.94,83.82,4
SC000562,SUP0036,2021,2,71.24,85.87,74.96,89.95,59.48,77.07,5
SC000563,SUP0036,2021,3,80.5,94.53,77.73,65.07,90.08,83.57,3
SC000564,SUP0036,2021,4,86.56,92.85,92.42,85.32,87.98,89.64,5
SC000565,SUP0036,2022,1,98.32,85.75,78.46,92.84,81.96,88.39,4
SC000566,SUP0036,2022,2,74.4,89.79,84.56,98.65,98.23,85.86,4
SC000567,SUP0036,2022,3,87.65,99.65,83.77,74.0,75.27,87.87,5
SC000568,SUP0036,2022,4,92.03,97.36,73.11,65.38,59.06,83.88,5
SC000569,SUP0036,2023,1,67.44,89.74,72.3,66.0,67.01,74.91,2
SC000570,SUP0036,2023,2,66.41,88.24,86.56,92.77,56.65,78.65,1
SC000571,SUP0036,2023,3,96.82,99.91,84.38,75.36,58.49,89.28,1
SC000572,SUP0036,2023,4,88.74,85.03,83.51,76.39,93.51,85.82,0
SC000573,SUP0036,2024,1,78.04,96.51,95.13,84.93,86.14,88.5,2
SC000574,SUP0036,2024,2,97.7,94.72,93.92,99.01,92.87,95.7,5
SC000575,SUP0036,2024,3,79.63,98.43,85.36,90.93,52.31,84.81,3
SC000576,SUP0036,2024,4,97.93,95.91,88.8,88.71,72.47,92.03,2
SC000577,SUP0037,2021,1,70.13,85.17,89.34,82.71,94.29,82.16,1
SC000578,SUP0037,2021,2,72.59,99.14,98.18,66.79,92.88,87.12,1
SC000579,SUP0037,2021,3,84.43,85.76,90.94,60.48,61.98,81.49,2
SC000580,SUP0037,2021,4,58.32,91.42,91.26,98.1,86.74,81.66,4
SC000581,SUP0037,2022,1,95.98,98.9,88.93,76.69,89.42,92.86,3
SC000582,SUP0037,2022,2,83.17,89.37,79.7,91.53,52.37,82.09,5
SC000583,SUP0037,2022,3,92.89,93.09,85.08,98.01,89.69,91.58,3
SC000584,SUP0037,2022,4,62.51,92.01,94.86,75.95,56.13,78.54,0
SC000585,SUP0037,2023,1,92.3,98.18,74.22,74.47,72.36,86.67,0
SC000586,SUP0037,2023,2,67.41,95.23,91.94,66.0,54.4,79.22,1
SC000587,SUP0037,2023,3,94.25,99.9,87.09,97.82,92.67,94.71,4
SC000588,SUP0037,2023,4,70.37,87.09,88.8,71.19,77.66,79.88,3
SC000589,SUP0037,2024,1,57.32,96.54,90.78,88.73,63.5,79.54,5
SC000590,SUP0037,2024,2,61.99,93.07,80.46,74.09,64.14,76.43,4
SC000591,SUP0037,2024,3,68.82,91.55,95.65,66.06,60.79,79.93,0
SC000592,SUP0037,2024,4,89.79,90.91,95.81,98.15,77.38,90.92,2
SC000593,SUP0038,2021,1,75.81,90.84,82.16,61.9,86.32,81.25,4
SC000594,SUP0038,2021,2,81.04,88.07,74.78,64.51,56.17,77.76,1
SC000595,SUP0038,2021,3,80.54,97.73,96.34,66.25,58.92,85.27,0
SC000596,SUP0038,2021,4,68.75,86.89,86.01,67.83,58.7,76.55,2
SC000597,SUP0038,2022,1,60.16,88.74,97.27,92.53,54.2,78.8,1
SC000598,SUP0038,2022,2,95.52,95.25,97.83,71.52,53.56,89.3,1
SC000599,SUP0038,2022,3,84.87,86.58,90.22,60.9,67.08,82.28,1
SC000600,SUP0038,2022,4,82.83,91.37,95.48,74.95,68.6,85.71,4
SC000601,SUP0038,2023,1,76.64,85.21,91.09,65.93,54.54,78.82,0
SC000602,SUP0038,2023,2,72.18,90.73,81.24,61.05,73.77,78.6,4
SC000603,SUP0038,2023,3,75.22,85.32,92.55,61.71,51.94,78.04,2
SC000604,SUP0038,2023,4,80.53,99.91,71.01,61.99,99.44,84.48,1
SC000605,SUP0038,2024,1,61.56,99.66,97.43,86.34,51.44,81.63,2
SC000606,SUP0038,2024,2,81.57,89.3,79.87,60.8,61.76,79.49,5
SC000607,SUP0038,2024,3,58.16,96.53,99.32,63.18,95.91,82.18,3
SC000608,SUP0038,2024,4,64.54,88.12,86.04,77.38,95.4,80.28,0
SC000609,SUP0039,2021,1,72.53,85.19,93.39,84.0,56.16,80.01,5
SC000610,SUP0039,2021,2,75.08,93.21,85.89,97.69,70.19,84.45,2
SC000611,SUP0039,2021,3,99.96,88.66,81.48,85.55,82.2,89.66,5
SC000612,SUP0039,2021,4,59.31,99.52,78.27,79.0,85.62,79.77,1
SC000613,SUP0039,2022,1,62.82,97.91,98.11,63.51,67.83,80.97,5
SC000614,SUP0039,2022,2,92.71,97.39,78.27,89.74,90.4,90.7,0
SC000615,SUP0039,2022,3,77.52,97.93,99.35,68.61,54.51,84.82,1
SC000616,SUP0039,2022,4,69.08,98.83,72.51,79.23,73.65,80.16,0
SC000617,SUP0039,2023,1,60.61,89.43,83.57,60.62,96.49,77.44,2
SC000618,SUP0039,2023,2,84.06,94.24,87.43,76.18,81.13,86.71,1
SC000619,SUP0039,2023,3,98.28,85.64,82.68,80.32,64.74,86.22,4
SC000620,SUP0039,2023,4,97.75,91.14,78.52,63.68,95.3,88.27,5
SC000621,SUP0039,2024,1,95.18,86.89,84.44,82.6,92.42,89.01,4
SC000622,SUP0039,2024,2,57.29,98.93,86.54,85.73,84.18,81.17,4
SC000623,SUP0039,2024,3,77.36,92.15,82.34,98.91,58.7,83.08,3
SC000624,SUP0039,2024,4,77.23,92.08,91.01,98.16,73.39,86.15,2
SC000625,SUP0040,2021,1,96.77,89.68,92.56,92.24,68.52,90.52,0
SC000626,SUP0040,2021,2,89.41,98.69,74.5,94.25,98.24,90.58,4
SC000627,SUP0040,2021,3,66.34,93.97,99.54,99.4,51.43,83.08,3
SC000628,SUP0040,2021,4,93.9,92.64,73.46,89.92,91.26,88.77,3
SC000629,SUP0040,2022,1,98.26,89.78,91.3,70.93,96.12,91.38,2
SC000630,SUP0040,2022,2,97.49,89.36,95.1,95.39,65.48,91.16,5
SC000631,SUP0040,2022,3,90.99,98.23,94.15,64.06,56.31,87.63,1
SC000632,SUP0040,2022,4,96.06,95.52,88.93,75.23,91.89,91.97,3
SC000633,SUP0040,2023,1,63.51,87.43,95.51,93.95,69.11,80.69,5
SC000634,SUP0040,2023,2,94.68,90.86,84.62,62.35,66.18,85.44,4
SC000635,SUP0040,2023,3,60.12,88.07,73.75,87.86,83.24,76.32,3
SC000636,SUP0040,2023,4,80.68,93.71,87.91,97.34,76.03,87.24,4
SC000637,SUP0040,2024,1,61.4,93.89,72.92,64.44,51.25,72.74,2
SC000638,SUP0040,2024,2,95.13,94.8,91.21,60.05,68.41,88.07,0
SC000639,SUP0040,2024,3,55.57,87.23,99.31,71.31,55.93,75.43,3
SC000640,SUP0040,2024,4,58.07,90.02,98.89,90.88,62.77,79.57,2
SC000641,SUP0041,2021,1,60.16,89.9,71.98,96.03,72.03,76.22,3
SC000642,SUP0041,2021,2,78.47,89.29,77.18,87.74,78.7,82.41,0
SC000643,SUP0041,2021,3,74.14,88.31,99.91,78.25,82.88,84.83,1
SC000644,SUP0041,2021,4,55.55,96.17,87.54,64.35,93.3,78.79,1
SC000645,SUP0041,2022,1,94.51,98.6,71.86,76.77,66.75,86.66,1
SC000646,SUP0041,2022,2,94.56,97.34,75.08,85.68,83.11,89.47,1
SC000647,SUP0041,2022,3,78.63,94.39,89.66,88.94,64.82,85.21,0
SC000648,SUP0041,2022,4,91.08,85.39,73.55,64.72,64.1,80.53,3
SC000649,SUP0041,2023,1,88.84,87.48,89.9,60.13,65.36,83.43,0
SC000650,SUP0041,2023,2,96.05,88.82,93.14,80.62,78.44,89.99,1
SC000651,SUP0041,2023,3,73.1,99.51,86.37,60.98,69.75,82.13,0
SC000652,SUP0041,2023,4,69.62,85.02,88.29,97.41,53.47,79.14,1
SC000653,SUP0041,2024,1,96.69,95.47,99.94,96.32,70.95,94.36,1
SC000654,SUP0041,2024,2,67.22,85.35,74.3,96.25,96.49,79.91,0
SC000655,SUP0041,2024,3,59.87,98.27,96.96,94.67,50.11,81.31,5
SC000656,SUP0041,2024,4,98.34,93.9,92.23,79.34,66.58,90.71,2
SC000657,SUP0042,2021,1,74.77,98.3,91.09,75.78,93.59,87.08,2
SC000658,SUP0042,2021,2,86.69,99.0,92.27,98.49,89.27,92.94,3
SC000659,SUP0042,2021,3,59.06,98.99,99.95,86.13,71.17,83.14,2
SC000660,SUP0042,2021,4,73.18,98.5,87.02,75.42,58.0,82.25,0
SC000661,SUP0042,2022,1,68.33,95.49,82.99,74.53,68.09,80.01,1
SC000662,SUP0042,2022,2,65.85,94.15,82.68,61.99,58.36,76.57,5
SC000663,SUP0042,2022,3,61.23,91.38,95.62,94.74,78.42,82.22,5
SC000664,SUP0042,2022,4,79.61,95.66,73.1,97.37,51.6,82.1,0
SC000665,SUP0042,2023,1,89.35,87.62,85.09,88.8,88.64,87.85,3
SC000666,SUP0042,2023,2,55.92,87.53,92.52,64.68,81.52,76.16,1
SC000667,SUP0042,2023,3,94.84,85.42,74.51,83.25,75.72,84.88,1
SC000668,SUP0042,2023,4,65.77,90.02,73.61,96.44,77.82,78.88,0
SC000669,SUP0042,2024,1,67.48,85.64,78.37,63.33,98.05,77.75,4
SC000670,SUP0042,2024,2,79.66,96.28,88.02,67.72,84.15,85.57,5
SC000671,SUP0042,2024,3,98.61,92.34,75.92,93.43,92.34,91.05,2
SC000672,SUP0042,2024,4,75.42,90.73,94.93,68.68,76.57,83.36,2
SC000673,SUP0043,2021,1,56.11,99.46,70.81,84.03,62.68,75.5,4
SC000674,SUP0043,2021,2,77.98,86.5,96.75,70.96,67.42,82.53,5
SC000675,SUP0043,2021,3,64.21,89.36,92.44,86.81,69.56,80.2,2
SC000676,SUP0043,2021,4,68.81,87.92,97.17,66.3,81.38,81.22,5
SC000677,SUP0043,2022,1,66.94,91.32,93.96,97.88,92.05,85.26,4
SC000678,SUP0043,2022,2,77.0,97.99,95.26,65.62,71.5,85.26,1
SC000679,SUP0043,2022,3,81.16,93.09,90.76,90.05,59.4,85.37,0
SC000680,SUP0043,2022,4,73.53,90.09,76.2,94.75,63.39,80.14,5
SC000681,SUP0043,2023,1,88.31,87.24,74.1,68.83,86.83,83.05,3
SC000682,SUP0043,2023,2,64.27,94.78,81.92,97.77,59.38,79.81,2
SC000683,SUP0043,2023,3,83.18,89.9,72.52,71.54,86.88,82.27,0
SC000684,SUP0043,2023,4,58.03,85.11,78.47,60.28,67.17,71.38,0
SC000685,SUP0043,2024,1,60.13,89.54,89.71,90.52,84.62,80.36,1
SC000686,SUP0043,2024,2,62.15,87.94,90.64,78.31,57.98,76.78,5
SC000687,SUP0043,2024,3,59.03,99.03,98.42,83.43,84.82,83.93,5
SC000688,SUP0043,2024,4,82.8,97.95,80.0,95.28,54.01,85.15,2
SC000689,SUP0044,2021,1,70.69,93.64,94.01,61.42,69.13,81.16,0
SC000690,SUP0044,2021,2,82.79,86.19,98.21,61.79,75.28,84.04,4
SC000691,SUP0044,2021,3,82.27,93.66,75.88,83.79,77.82,84.12,4
SC000692,SUP0044,2021,4,89.58,96.71,87.95,79.37,85.62,89.98,1
SC000693,SUP0044,2022,1,82.89,97.84,82.94,96.45,57.21,86.17,2
SC000694,SUP0044,2022,2,82.68,96.57,84.9,78.66,62.08,84.83,1
SC000695,SUP0044,2022,3,71.06,88.56,73.16,62.68,94.82,78.27,1
SC000696,SUP0044,2022,4,58.97,92.92,79.03,68.13,86.57,76.84,2
SC000697,SUP0044,2023,1,99.52,91.79,84.75,64.25,57.82,86.55,3
SC000698,SUP0044,2023,2,75.16,98.13,97.9,62.39,89.47,86.75,1
SC000699,SUP0044,2023,3,90.96,99.49,73.91,69.97,73.23,86.24,5
SC000700,SUP0044,2023,4,71.98,99.29,83.1,91.58,89.75,86.13,0
SC000701,SUP0044,2024,1,83.12,93.35,77.25,64.69,77.13,82.57,0
SC000702,SUP0044,2024,2,84.8,92.39,77.93,94.11,90.63,87.22,4
SC000703,SUP0044,2024,3,81.74,87.23,84.14,91.09,92.5,85.88,2
SC000704,SUP0044,2024,4,67.14,86.69,91.63,72.08,85.61,80.24,0
SC000705,SUP0045,2021,1,63.81,89.45,88.5,71.31,60.08,76.82,5
SC000706,SUP0045,2021,2,69.59,97.6,72.86,97.6,51.79,79.67,0
SC000707,SUP0045,2021,3,59.27,97.75,94.69,85.1,97.57,84.31,1
SC000708,SUP0045,2021,4,73.53,88.78,87.48,84.69,91.1,83.77,3
SC000709,SUP0045,2022,1,96.1,97.05,97.72,87.56,94.92,95.74,3
SC000710,SUP0045,2022,2,69.7,91.92,85.07,72.48,71.67,79.92,2
SC000711,SUP0045,2022,3,69.92,87.49,94.14,93.76,86.45,84.07,0
SC000712,SUP0045,2022,4,78.42,97.01,88.61,97.6,87.41,88.85,1
SC000713,SUP0045,2023,1,62.25,97.79,97.41,98.05,80.27,85.33,5
SC000714,SUP0045,2023,2,97.98,96.52,94.83,82.13,78.52,93.38,5
SC000715,SUP0045,2023,3,67.31,93.51,87.52,89.42,50.28,79.72,1
SC000716,SUP0045,2023,4,66.89,97.56,72.9,82.41,90.65,81.22,1
SC000717,SUP0045,2024,1,57.06,95.04,82.78,61.42,98.81,78.21,5
SC000718,SUP0045,2024,2,89.63,99.49,91.53,76.72,88.07,91.52,1
SC000719,SUP0045,2024,3,60.62,87.54,91.75,88.57,94.72,81.13,5
SC000720,SUP0045,2024,4,88.45,98.51,93.77,72.78,90.5,91.17,4
SC000721,SUP0046,2021,1,99.93,98.74,72.65,83.4,53.78,87.85,5
SC000722,SUP0046,2021,2,94.03,97.71,99.93,73.22,92.3,94.06,3
SC000723,SUP0046,2021,3,83.07,92.04,72.93,75.88,68.79,81.59,3
SC000724,SUP0046,2021,4,88.02,98.26,74.23,73.38,62.89,84.36,4
SC000725,SUP0046,2022,1,56.38,98.64,70.72,91.74,73.77,77.2,0
SC000726,SUP0046,2022,2,75.84,88.23,96.03,76.83,92.27,85.34,4
SC000727,SUP0046,2022,3,84.59,90.76,88.83,98.23,64.77,86.67,3
SC000728,SUP0046,2022,4,99.2,85.33,82.83,83.0,67.49,86.97,5
SC000729,SUP0046,2023,1,89.95,96.32,70.46,63.01,96.93,85.97,2
SC000730,SUP0046,2023,2,55.51,85.86,71.14,93.78,85.03,74.52,1
SC000731,SUP0046,2023,3,85.12,87.05,96.6,98.63,75.68,88.4,5
SC000732,SUP0046,2023,4,58.79,91.92,88.07,72.16,61.74,76.22,0
SC000733,SUP0046,2024,1,64.76,87.91,90.66,90.69,82.85,81.29,2
SC000734,SUP0046,2024,2,89.55,91.35,76.69,79.84,60.06,83.6,3
SC000735,SUP0046,2024,3,71.38,86.66,87.93,61.41,73.8,78.52,2
SC000736,SUP0046,2024,4,80.09,98.12,83.53,91.68,63.86,85.72,2
SC000737,SUP0047,2021,1,80.59,96.49,89.89,90.24,60.61,86.19,1
SC000738,SUP0047,2021,2,96.38,95.93,89.07,93.85,70.68,91.96,5
SC000739,SUP0047,2021,3,80.5,97.7,93.75,92.46,85.96,90.05,5
SC000740,SUP0047,2021,4,66.37,97.06,76.57,86.0,56.53,78.6,0
SC000741,SUP0047,2022,1,57.45,89.36,88.78,89.18,95.33,80.25,1
SC000742,SUP0047,2022,2,80.57,92.55,95.12,82.53,85.17,87.73,1
SC000743,SUP0047,2022,3,68.41,95.72,78.95,69.98,70.81,79.11,1
SC000744,SUP0047,2022,4,60.62,96.48,93.87,93.86,57.02,80.99,4
SC000745,SUP0047,2023,1,86.2,90.37,93.49,95.15,93.2,90.5,5
SC000746,SUP0047,2023,2,89.7,88.88,84.51,85.09,86.04,87.59,5
SC000747,SUP0047,2023,3,62.39,89.29,86.62,87.12,53.36,76.88,4
SC000748,SUP0047,2023,4,73.34,88.72,97.71,75.93,95.03,85.26,3
SC000749,SUP0047,2024,1,92.24,85.03,83.22,86.15,78.78,86.32,4
SC000750,SUP0047,2024,2,72.88,95.75,72.52,61.83,56.05,76.88,4
SC000751,SUP0047,2024,3,68.47,97.08,91.98,75.15,62.96,81.87,0
SC000752,SUP0047,2024,4,94.71,95.7,94.18,91.56,55.39,90.65,3
SC000753,SUP0048,2021,1,78.27,86.71,94.09,78.44,80.72,84.23,0
SC000754,SUP0048,2021,2,59.89,95.37,82.38,94.81,89.66,81.5,0
SC000755,SUP0048,2021,3,59.46,86.27,74.36,63.75,72.42,72.21,5
SC000756,SUP0048,2021,4,91.94,99.46,79.45,84.25,58.82,87.62,1
SC000757,SUP0048,2022,1,83.74,94.93,89.0,84.04,92.68,89.07,0
SC000758,SUP0048,2022,2,78.48,88.86,86.48,83.85,70.73,82.96,4
SC000759,SUP0048,2022,3,85.53,91.97,86.27,85.74,90.01,88.08,2
SC000760,SUP0048,2022,4,61.83,90.76,98.26,61.19,73.29,78.88,1
SC000761,SUP0048,2023,1,63.19,88.21,79.72,89.83,98.23,80.17,0
SC000762,SUP0048,2023,2,93.81,85.92,75.66,81.24,86.63,85.84,4
SC000763,SUP0048,2023,3,91.52,85.23,81.34,78.2,78.16,84.93,4
SC000764,SUP0048,2023,4,98.97,92.35,99.95,61.74,63.08,89.87,4
SC000765,SUP0048,2024,1,79.15,99.25,94.7,64.18,93.25,88.2,0
SC000766,SUP0048,2024,2,81.3,95.14,88.83,95.31,86.6,88.89,1
SC000767,SUP0048,2024,3,70.67,88.99,82.3,96.38,75.45,81.54,3
SC000768,SUP0048,2024,4,82.6,91.52,83.49,67.46,57.09,81.39,0
SC000769,SUP0049,2021,1,57.01,93.74,76.28,63.92,78.09,74.68,2
SC000770,SUP0049,2021,2,84.49,97.89,90.19,64.8,79.89,87.22,3
SC000771,SUP0049,2021,3,92.31,98.27,92.38,86.91,54.66,89.81,5
SC000772,SUP0049,2021,4,92.95,88.64,81.81,66.01,92.89,86.73,2
SC000773,SUP0049,2022,1,68.6,92.42,90.12,74.07,62.7,80.01,4
SC000774,SUP0049,2022,2,70.43,96.81,74.29,76.59,56.67,78.36,0
SC000775,SUP0049,2022,3,66.45,85.51,95.55,95.03,60.76,80.28,4
SC000776,SUP0049,2022,4,81.99,94.28,85.12,94.83,54.52,84.84,3
SC000777,SUP0049,2023,1,69.43,98.86,90.06,99.39,67.71,85.21,2
SC000778,SUP0049,2023,2,74.44,92.36,76.44,69.26,97.74,82.03,1
SC000779,SUP0049,2023,3,71.14,87.05,94.28,95.01,87.07,84.52,3
SC000780,SUP0049,2023,4,92.78,95.41,92.39,64.72,77.2,89.13,2
SC000781,SUP0049,2024,1,91.21,87.96,84.76,74.51,90.97,87.25,2
SC000782,SUP0049,2024,2,76.47,92.74,97.65,91.49,68.35,86.28,2
SC000783,SUP0049,2024,3,88.76,92.82,91.53,81.57,65.01,87.44,3
SC000784,SUP0049,2024,4,77.26,98.05,85.09,90.92,64.19,85.12,5
SC000785,SUP0050,2021,1,70.72,98.2,88.72,71.3,57.6,81.31,1
SC000786,SUP0050,2021,2,98.43,95.87,90.67,99.92,80.36,94.45,4
SC000787,SUP0050,2021,3,59.35,92.56,96.23,90.0,80.13,81.83,5
SC000788,SUP0050,2021,4,72.26,98.48,87.13,73.17,78.18,83.78,5
SC000789,SUP0050,2022,1,66.1,91.53,92.55,60.14,89.5,80.76,5
SC000790,SUP0050,2022,2,56.99,98.37,85.87,99.39,91.84,82.91,1
SC000791,SUP0050,2022,3,95.44,99.47,80.53,61.87,75.04,88.27,4
SC000792,SUP0050,2022,4,66.27,90.18,98.79,86.53,61.86,81.53,0
SC000793,SUP0050,2023,1,90.49,88.51,88.49,72.8,91.19,87.8,5
SC000794,SUP0050,2023,2,61.2,88.91,76.83,69.54,56.48,73.0,2
SC000795,SUP0050,2023,3,56.81,87.7,98.02,71.31,94.49,79.54,1
SC000796,SUP0050,2023,4,79.01,99.92,72.6,71.97,90.94,84.49,0
SC000797,SUP0050,2024,1,62.41,85.81,85.13,66.85,74.29,75.61,3
SC000798,SUP0050,2024,2,92.29,85.78,79.58,69.57,83.36,84.63,2
SC000799,SUP0050,2024,3,82.48,94.8,95.44,97.61,97.75,91.81,3
SC000800,SUP0050,2024,4,69.33,90.57,99.74,67.5,64.89,81.16,2
SC000801,SUP0051,2021,1,89.9,95.39,76.26,65.35,92.53,86.63,2
SC000802,SUP0051,2021,2,74.26,97.57,88.33,90.4,97.96,88.05,4
SC000803,SUP0051,2021,3,96.02,98.95,94.5,92.92,95.43,96.23,4
SC000804,SUP0051,2021,4,64.41,98.92,74.5,64.72,76.99,78.07,1
SC000805,SUP0051,2022,1,64.29,89.03,85.26,89.62,64.23,78.43,1
SC000806,SUP0051,2022,2,58.25,97.11,73.19,87.66,60.57,76.07,1
SC000807,SUP0051,2022,3,56.09,90.02,82.09,71.87,64.47,73.89,2
SC000808,SUP0051,2022,4,58.28,97.05,75.05,81.74,72.79,77.06,1
SC000809,SUP0051,2023,1,65.02,85.2,76.38,84.6,71.48,75.95,0
SC000810,SUP0051,2023,2,66.53,94.32,91.1,65.92,90.74,82.14,3
SC000811,SUP0051,2023,3,56.32,87.47,77.83,79.14,85.12,75.13,1
SC000812,SUP0051,2023,4,98.16,95.57,73.56,80.3,88.59,89.72,0
SC000813,SUP0051,2024,1,88.65,94.76,88.15,75.16,61.17,86.29,3
SC000814,SUP0051,2024,2,72.92,88.05,92.95,66.97,60.5,79.63,3
SC000815,SUP0051,2024,3,95.8,88.35,86.92,74.06,97.67,89.8,4
SC000816,SUP0051,2024,4,61.91,90.69,77.7,98.81,97.97,81.0,0
SC000817,SUP0052,2021,1,96.91,90.16,92.61,65.72,81.47,89.36,2
SC000818,SUP0052,2021,2,70.29,94.27,73.99,70.1,72.79,78.45,2
SC000819,SUP0052,2021,3,67.17,96.83,89.96,86.11,83.84,84.19,2
SC000820,SUP0052,2021,4,79.17,98.8,76.82,82.95,95.78,86.63,2
SC000821,SUP0052,2022,1,85.65,92.6,83.06,98.58,54.59,85.4,2
SC000822,SUP0052,2022,2,70.5,88.32,70.32,62.81,60.29,74.02,1
SC000823,SUP0052,2022,3,78.04,96.07,82.8,76.84,88.91,85.37,4
SC000824,SUP0052,2022,4,74.3,90.12,90.72,82.12,94.61,85.14,3
SC000825,SUP0052,2023,1,70.73,99.48,87.49,74.43,90.03,85.01,2
SC000826,SUP0052,2023,2,77.97,91.7,89.71,64.16,95.01,84.76,1
SC000827,SUP0052,2023,3,99.53,97.97,92.48,68.47,89.98,93.59,4
SC000828,SUP0052,2023,4,93.41,95.23,81.67,95.03,85.13,90.94,0
SC000829,SUP0052,2024,1,86.29,89.98,91.52,87.35,94.43,89.36,5
SC000830,SUP0052,2024,2,78.24,86.81,86.05,89.91,74.21,83.14,2
SC000831,SUP0052,2024,3,74.04,92.39,81.25,90.98,50.62,80.34,3
SC000832,SUP0052,2024,4,56.81,93.88,89.96,78.86,74.47,78.53,3
SC000833,SUP0053,2021,1,56.3,99.25,70.12,77.75,77.45,76.21,3
SC000834,SUP0053,2021,2,67.91,92.04,79.34,98.25,53.4,79.02,5
SC000835,SUP0053,2021,3,82.46,97.53,78.28,66.59,63.54,82.67,5
SC000836,SUP0053,2021,4,99.87,93.41,70.97,81.65,78.85,88.23,4
SC000837,SUP0053,2022,1,98.13,98.27,82.81,61.26,57.01,87.31,4
SC000838,SUP0053,2022,2,73.81,89.82,83.74,85.81,87.47,83.17,2
SC000839,SUP0053,2022,3,83.04,99.14,75.86,72.16,73.1,84.35,2
SC000840,SUP0053,2022,4,80.08,87.53,93.25,62.82,51.54,80.37,0
SC000841,SUP0053,2023,1,62.0,97.81,84.59,62.68,59.79,77.11,3
SC000842,SUP0053,2023,2,92.33,95.03,90.15,94.73,87.87,92.5,5
SC000843,SUP0053,2023,3,87.84,86.69,94.02,75.42,81.62,86.87,1
SC000844,SUP0053,2023,4,79.46,97.78,87.54,64.77,53.25,82.48,0
SC000845,SUP0053,2024,1,80.01,92.04,79.5,91.17,94.5,86.08,2
SC000846,SUP0053,2024,2,74.96,86.42,91.96,65.41,55.48,78.89,1
SC000847,SUP0053,2024,3,79.9,97.24,89.62,96.52,65.76,87.29,3
SC000848,SUP0053,2024,4,68.19,91.39,78.0,63.93,68.22,76.69,3
SC000849,SUP0054,2021,1,64.52,90.23,77.33,88.59,68.71,77.62,5
SC000850,SUP0054,2021,2,84.69,99.51,90.5,94.73,52.01,88.03,2
SC000851,SUP0054,2021,3,83.69,98.52,77.63,93.39,90.47,88.57,3
SC000852,SUP0054,2021,4,81.44,97.15,93.34,64.05,67.74,85.42,3
SC000853,SUP0054,2022,1,64.01,96.51,82.41,76.55,74.72,79.77,4
SC000854,SUP0054,2022,2,89.79,95.55,88.63,63.2,62.66,85.91,5
SC000855,SUP0054,2022,3,79.1,90.31,94.36,97.08,86.09,88.01,2
SC000856,SUP0054,2022,4,56.5,95.76,94.68,84.55,64.99,79.57,5
SC000857,SUP0054,2023,1,84.28,85.2,74.7,91.57,52.06,80.15,2
SC000858,SUP0054,2023,2,91.19,87.49,97.13,72.6,90.93,89.38,3
SC000859,SUP0054,2023,3,97.13,86.24,93.9,74.69,94.32,90.69,3
SC000860,SUP0054,2023,4,91.59,97.12,83.35,81.97,52.54,86.73,0
SC000861,SUP0054,2024,1,82.89,96.9,70.52,95.97,65.25,84.16,4
SC000862,SUP0054,2024,2,59.87,85.24,83.31,84.81,66.27,75.3,0
SC000863,SUP0054,2024,3,57.75,95.97,92.77,81.19,80.09,80.8,5
SC000864,SUP0054,2024,4,70.18,88.97,93.35,74.77,60.24,79.92,0
SC000865,SUP0055,2021,1,76.8,97.14,77.47,96.23,70.31,84.33,3
SC000866,SUP0055,2021,2,72.77,91.4,96.41,99.22,70.86,85.54,5
SC000867,SUP0055,2021,3,98.61,87.9,93.75,90.59,86.27,92.39,4
SC000868,SUP0055,2021,4,87.3,85.81,98.0,87.93,50.58,85.38,0
SC000869,SUP0055,2022,1,57.45,91.23,71.3,84.99,88.84,76.25,3
SC000870,SUP0055,2022,2,66.96,96.86,96.6,91.77,74.58,85.1,4
SC000871,SUP0055,2022,3,69.33,85.96,72.88,70.93,69.32,75.19,4
SC000872,SUP0055,2022,4,89.91,86.13,88.17,98.39,51.73,85.46,1
SC000873,SUP0055,2023,1,63.52,95.55,89.02,99.01,81.53,83.58,1
SC000874,SUP0055,2023,2,66.47,87.54,94.66,71.18,94.0,81.65,2
SC000875,SUP0055,2023,3,87.17,85.01,98.6,83.93,88.94,88.66,2
SC000876,SUP0055,2023,4,62.4,95.26,73.56,74.72,79.69,77.45,3
SC000877,SUP0055,2024,1,88.22,94.31,99.13,74.77,92.05,91.27,4
SC000878,SUP0055,2024,2,59.42,86.01,87.58,89.53,56.45,75.74,1
SC000879,SUP0055,2024,3,59.32,97.4,92.9,86.71,53.28,79.59,3
SC000880,SUP0055,2024,4,80.71,95.04,98.26,99.08,99.18,92.2,1
SC000881,SUP0056,2021,1,82.88,93.78,82.77,78.68,55.81,83.0,1
SC000882,SUP0056,2021,2,84.62,96.22,95.92,80.05,70.76,88.52,1
SC000883,SUP0056,2021,3,80.69,98.38,96.79,74.94,78.11,88.38,4
SC000884,SUP0056,2021,4,92.24,92.69,89.96,97.63,98.61,93.1,4
SC000885,SUP0056,2022,1,95.15,97.42,99.64,65.59,68.67,91.12,3
SC000886,SUP0056,2022,2,77.12,88.11,94.19,73.79,82.68,84.05,0
SC000887,SUP0056,2022,3,62.34,88.98,82.57,67.2,83.03,76.93,5
SC000888,SUP0056,2022,4,72.88,90.15,77.4,67.67,65.83,77.74,3
SC000889,SUP0056,2023,1,89.38,94.72,92.5,94.94,55.15,88.74,5
SC000890,SUP0056,2023,2,90.83,99.57,99.45,89.3,57.47,91.69,1
SC000891,SUP0056,2023,3,57.74,91.59,98.28,69.66,55.4,76.96,4
SC000892,SUP0056,2023,4,92.54,91.0,94.05,74.63,85.67,89.9,2
SC000893,SUP0056,2024,1,56.09,97.01,86.0,80.51,97.83,80.96,2
SC000894,SUP0056,2024,2,64.06,91.94,71.99,70.28,90.05,77.23,2
SC000895,SUP0056,2024,3,87.56,97.67,72.61,72.97,87.22,86.11,2
SC000896,SUP0056,2024,4,76.71,85.64,93.82,88.17,90.69,85.36,5
SC000897,SUP0057,2021,1,64.9,99.01,70.13,61.36,75.93,76.93,5
SC000898,SUP0057,2021,2,63.59,95.14,96.43,99.74,65.87,83.47,2
SC000899,SUP0057,2021,3,76.96,97.65,82.44,64.52,99.35,85.26,5
SC000900,SUP0057,2021,4,72.26,86.99,70.37,87.66,73.45,77.96,0
SC000901,SUP0057,2022,1,80.94,96.3,97.12,91.2,79.37,89.65,0
SC000902,SUP0057,2022,2,65.74,87.63,80.44,64.05,65.83,75.09,2
SC000903,SUP0057,2022,3,93.71,90.56,89.05,75.72,93.83,90.05,0
SC000904,SUP0057,2022,4,66.95,92.8,79.09,81.64,99.11,81.82,5
SC000905,SUP0057,2023,1,82.44,93.41,91.33,66.52,52.05,82.88,2
SC000906,SUP0057,2023,2,99.79,91.97,95.23,60.48,60.76,88.7,5
SC000907,SUP0057,2023,3,96.7,85.17,91.69,64.78,96.83,89.06,2
SC000908,SUP0057,2023,4,81.65,92.16,72.69,71.59,67.78,80.62,2
SC000909,SUP0057,2024,1,60.39,88.15,71.73,70.39,78.68,73.81,0
SC000910,SUP0057,2024,2,86.12,91.08,94.23,86.73,60.33,86.71,1
SC000911,SUP0057,2024,3,56.82,95.85,74.36,73.85,89.5,77.01,3
SC000912,SUP0057,2024,4,61.94,92.89,96.07,91.23,56.07,80.39,1
SC000913,SUP0058,2021,1,80.76,88.2,81.9,93.04,80.19,84.39,5
SC000914,SUP0058,2021,2,62.1,85.35,99.36,80.34,72.25,79.37,1
SC000915,SUP0058,2021,3,93.19,98.55,97.25,86.33,93.66,94.97,5
SC000916,SUP0058,2021,4,83.66,97.34,77.97,86.14,55.81,84.09,2
SC000917,SUP0058,2022,1,78.42,93.92,70.13,82.5,81.38,82.12,4
SC000918,SUP0058,2022,2,96.91,89.1,96.8,82.88,82.66,91.72,4
SC000919,SUP0058,2022,3,89.33,99.35,70.27,64.68,68.37,83.96,0
SC000920,SUP0058,2022,4,66.83,98.49,87.33,73.33,68.86,81.28,2
SC000921,SUP0058,2023,1,93.48,92.55,92.65,76.99,84.57,90.49,3
SC000922,SUP0058,2023,2,97.97,93.18,95.83,71.35,85.87,92.23,2
SC000923,SUP0058,2023,3,74.28,94.54,86.44,69.08,72.74,82.12,3
SC000924,SUP0058,2023,4,67.07,93.78,70.37,96.74,82.92,80.29,0
SC000925,SUP0058,2024,1,85.48,99.05,91.14,90.26,51.64,87.78,3
SC000926,SUP0058,2024,2,68.75,92.05,72.9,93.6,74.92,79.67,1
SC000927,SUP0058,2024,3,90.66,85.01,73.65,91.66,53.01,81.9,1
SC000928,SUP0058,2024,4,56.1,97.37,99.25,98.09,66.71,82.37,5
SC000929,SUP0059,2021,1,85.83,91.51,80.98,79.28,65.67,83.89,2
SC000930,SUP0059,2021,2,67.32,89.04,89.52,60.59,83.27,79.2,5
SC000931,SUP0059,2021,3,91.86,95.75,91.55,92.2,97.13,93.53,2
SC000932,SUP0059,2021,4,80.31,94.02,83.32,72.7,64.89,82.72,0
SC000933,SUP0059,2022,1,66.21,91.79,85.36,63.88,96.73,80.53,0
SC000934,SUP0059,2022,2,76.29,93.89,72.14,66.38,92.17,81.34,4
SC000935,SUP0059,2022,3,81.95,96.86,80.15,89.88,88.55,87.52,3
SC000936,SUP0059,2022,4,75.4,94.64,90.37,61.86,74.32,82.7,0
SC000937,SUP0059,2023,1,80.13,90.61,86.02,95.84,57.41,83.75,0
SC000938,SUP0059,2023,2,61.51,98.29,90.74,92.67,63.2,81.67,5
SC000939,SUP0059,2023,3,86.46,97.34,80.2,80.83,58.69,85.13,3
SC000940,SUP0059,2023,4,79.25,90.68,80.47,75.67,83.94,83.03,5
SC000941,SUP0059,2024,1,91.47,85.9,80.51,65.35,50.16,80.86,2
SC000942,SUP0059,2024,2,58.5,92.34,79.4,78.27,68.6,75.82,5
SC000943,SUP0059,2024,3,70.6,97.91,82.2,94.4,84.35,84.87,3
SC000944,SUP0059,2024,4,87.12,99.73,97.92,86.23,83.99,92.66,4
SC000945,SUP0060,2021,1,84.44,91.36,98.68,82.45,95.75,90.3,4
SC000946,SUP0060,2021,2,82.93,89.89,87.77,69.76,92.07,85.58,5
SC000947,SUP0060,2021,3,59.13,94.62,95.85,85.01,73.33,81.13,4
SC000948,SUP0060,2021,4,58.63,97.61,88.76,60.47,64.09,77.08,0
SC000949,SUP0060,2022,1,80.76,93.83,74.78,79.86,61.74,81.49,2
SC000950,SUP0060,2022,2,94.98,92.88,98.22,80.32,92.21,93.25,0
SC000951,SUP0060,2022,3,88.6,98.51,79.29,68.18,99.67,88.78,4
SC000952,SUP0060,2022,4,97.8,95.31,79.83,84.51,82.33,90.58,4
SC000953,SUP0060,2023,1,90.89,96.49,91.79,68.81,60.61,87.51,3
SC000954,SUP0060,2023,2,78.52,87.72,99.06,86.49,66.47,84.98,1
SC000955,SUP0060,2023,3,97.86,85.87,93.27,62.67,86.36,88.68,3
SC000956,SUP0060,2023,4,60.11,97.44,82.67,95.49,73.26,80.67,1
SC000957,SUP0060,2024,1,98.54,86.56,76.5,61.94,87.79,85.8,3
SC000958,SUP0060,2024,2,64.91,99.07,93.95,84.7,53.39,81.79,2
SC000959,SUP0060,2024,3,64.19,92.69,74.06,61.45,81.79,76.2,5
SC000960,SUP0060,2024,4,70.08,97.99,71.1,73.15,53.23,77.28,2
SC000961,SUP0061,2021,1,90.77,89.6,80.52,73.56,74.68,85.04,2
SC000962,SUP0061,2021,2,92.31,92.56,78.31,82.61,57.45,85.13,3
SC000963,SUP0061,2021,3,91.71,90.25,74.53,73.41,57.71,82.61,0
SC000964,SUP0061,2021,4,80.14,97.06,83.04,81.11,64.9,84.37,5
SC000965,SUP0061,2022,1,99.9,96.68,71.66,95.2,53.58,88.18,1
SC000966,SUP0061,2022,2,77.05,90.38,92.53,83.77,79.03,85.02,3
SC000967,SUP0061,2022,3,80.84,91.27,94.03,84.44,50.01,83.88,5
SC000968,SUP0061,2022,4,73.91,93.54,73.81,85.71,62.49,79.82,5
SC000969,SUP0061,2023,1,92.51,97.1,78.48,65.64,50.32,84.17,2
SC000970,SUP0061,2023,2,77.42,87.99,98.52,79.61,74.21,84.71,2
SC000971,SUP0061,2023,3,92.98,95.65,84.78,91.31,92.34,91.91,4
SC000972,SUP0061,2023,4,84.16,90.75,96.1,74.66,87.45,87.9,0
SC000973,SUP0061,2024,1,84.84,90.49,81.45,79.37,95.63,86.39,2
SC000974,SUP0061,2024,2,73.37,92.62,95.11,99.25,63.81,85.12,1
SC000975,SUP0061,2024,3,65.51,90.28,99.47,83.75,72.84,82.29,0
SC000976,SUP0061,2024,4,87.16,99.61,71.03,94.89,73.22,87.05,1
SC000977,SUP0062,2021,1,69.87,91.3,91.96,93.81,60.68,82.19,2
SC000978,SUP0062,2021,2,74.88,86.73,96.76,79.08,90.9,84.83,3
SC000979,SUP0062,2021,3,83.57,98.34,81.97,76.67,60.26,84.66,0
SC000980,SUP0062,2021,4,90.4,86.79,76.09,85.74,70.77,84.03,3
SC000981,SUP0062,2022,1,86.28,89.34,81.12,70.31,79.55,83.9,2
SC000982,SUP0062,2022,2,76.5,93.46,97.24,67.27,98.48,87.01,0
SC000983,SUP0062,2022,3,94.02,85.46,98.83,98.79,60.32,89.52,3
SC000984,SUP0062,2022,4,75.0,96.42,96.91,77.92,74.23,86.02,1
SC000985,SUP0062,2023,1,93.31,86.75,72.44,88.6,98.32,87.2,1
SC000986,SUP0062,2023,2,66.35,92.51,83.36,77.17,76.41,79.69,0
SC000987,SUP0062,2023,3,88.23,98.73,73.43,83.16,85.22,87.61,0
SC000988,SUP0062,2023,4,57.71,91.0,75.3,93.32,80.94,77.1,1
SC000989,SUP0062,2024,1,72.3,90.51,95.09,72.9,61.93,81.34,3
SC000990,SUP0062,2024,2,80.62,98.85,98.93,96.3,94.75,92.73,0
SC000991,SUP0062,2024,3,56.21,94.46,82.42,95.12,66.52,77.85,4
SC000992,SUP0062,2024,4,73.47,92.04,89.07,94.88,52.28,82.18,4
SC000993,SUP0063,2021,1,80.92,91.03,89.44,93.18,88.92,87.68,3
SC000994,SUP0063,2021,2,91.55,95.16,82.7,82.94,51.08,85.95,4
SC000995,SUP0063,2021,3,70.25,99.53,84.99,68.29,67.64,81.52,1
SC000996,SUP0063,2021,4,63.58,94.07,74.94,86.84,62.64,77.23,1
SC000997,SUP0063,2022,1,64.92,98.99,80.88,70.74,88.87,81.31,2
SC000998,SUP0063,2022,2,61.73,90.41,88.64,79.12,83.91,79.67,0
SC000999,SUP0063,2022,3,88.17,85.53,87.69,92.18,65.09,85.38,2
SC001000,SUP0063,2022,4,79.76,91.1,95.42,84.81,98.0,88.62,5
SC001001,SUP0063,2023,1,90.26,86.49,85.65,88.39,65.8,85.57,2
SC001002,SUP0063,2023,2,96.54,94.34,90.65,83.64,92.72,93.03,2
SC001003,SUP0063,2023,3,65.98,86.7,72.07,74.08,63.87,74.01,0
SC001004,SUP0063,2023,4,89.54,90.54,81.89,68.04,66.37,83.84,5
SC001005,SUP0063,2024,1,75.36,98.88,97.67,94.2,66.76,87.9,2
SC001006,SUP0063,2024,2,63.43,85.29,77.64,75.58,97.68,77.47,4
SC001007,SUP0063,2024,3,96.16,92.71,90.04,76.2,95.16,91.81,5
SC001008,SUP0063,2024,4,86.23,96.01,99.09,92.65,71.31,90.89,3
SC001009,SUP0064,2021,1,70.7,85.18,91.55,71.03,99.05,82.08,3
SC001010,SUP0064,2021,2,73.21,96.57,79.11,91.49,61.62,82.07,2
SC001011,SUP0064,2021,3,68.82,91.92,99.49,83.49,50.58,81.53,3
SC001012,SUP0064,2021,4,89.55,87.08,96.15,76.97,67.13,86.63,3
SC001013,SUP0064,2022,1,72.79,86.49,84.71,70.68,81.98,79.99,2
SC001014,SUP0064,2022,2,86.47,87.43,99.45,65.69,51.82,83.81,3
SC001015,SUP0064,2022,3,72.16,85.41,98.34,95.88,99.49,86.48,5
SC001016,SUP0064,2022,4,88.74,91.3,70.86,83.98,71.16,83.7,5
SC001017,SUP0064,2023,1,55.66,98.48,91.25,79.9,60.3,78.51,4
SC001018,SUP0064,2023,2,55.47,90.17,77.89,78.74,76.92,74.84,0
SC001019,SUP0064,2023,3,74.91,88.3,75.48,68.07,57.45,76.61,1
SC001020,SUP0064,2023,4,75.53,96.19,99.73,82.12,66.42,86.32,5
SC001021,SUP0064,2024,1,82.21,86.95,72.57,69.27,73.73,79.56,3
SC001022,SUP0064,2024,2,94.89,94.92,76.85,85.38,93.55,90.21,2
SC001023,SUP0064,2024,3,82.29,96.56,75.93,68.44,52.31,80.92,3
SC001024,SUP0064,2024,4,60.95,86.56,70.6,62.98,81.8,72.85,0
SC001025,SUP0065,2021,1,77.32,87.65,88.85,99.04,92.64,86.43,3
SC001026,SUP0065,2021,2,70.72,92.33,87.21,85.99,83.45,83.3,1
SC001027,SUP0065,2021,3,83.84,91.57,99.8,61.96,71.91,85.97,4
SC001028,SUP0065,2021,4,56.04,85.01,79.02,91.09,97.51,76.98,3
SC001029,SUP0065,2022,1,58.82,93.19,84.05,77.62,64.71,76.65,1
SC001030,SUP0065,2022,2,97.61,94.49,71.22,76.72,67.43,86.29,1
SC001031,SUP0065,2022,3,61.05,89.36,97.14,61.48,54.1,76.11,3
SC001032,SUP0065,2022,4,83.85,91.68,80.28,61.5,76.62,82.53,3
SC001033,SUP0065,2023,1,89.23,99.91,76.36,92.74,84.13,89.7,2
SC001034,SUP0065,2023,2,79.89,85.56,71.66,85.97,75.05,80.07,4
SC001035,SUP0065,2023,3,91.65,93.26,80.29,72.78,56.43,84.45,2
SC001036,SUP0065,2023,4,56.87,92.16,81.01,93.48,92.09,79.47,3
SC001037,SUP0065,2024,1,61.63,94.75,84.38,82.17,87.59,80.77,4
SC001038,SUP0065,2024,2,69.54,86.03,94.89,77.15,90.44,82.41,0
SC001039,SUP0065,2024,3,87.21,93.97,94.88,93.41,76.17,90.29,0
SC001040,SUP0065,2024,4,56.12,87.9,91.92,99.3,85.9,80.11,0
SC001041,SUP0066,2021,1,89.65,90.64,98.07,82.84,82.1,90.2,5
SC001042,SUP0066,2021,2,71.38,91.82,79.93,94.56,60.84,80.49,5
SC001043,SUP0066,2021,3,59.13,89.86,91.39,85.8,59.85,77.54,3
SC001044,SUP0066,2021,4,88.18,94.03,84.54,89.3,85.75,89.08,3
SC001045,SUP0066,2022,1,70.68,90.73,82.27,62.12,52.29,76.32,4
SC001046,SUP0066,2022,2,84.15,99.19,87.92,93.86,93.8,91.35,1
SC001047,SUP0066,2022,3,81.88,85.26,95.71,99.69,91.59,88.41,4
SC001048,SUP0066,2022,4,57.25,98.99,85.39,86.43,77.49,80.34,1
SC001049,SUP0066,2023,1,63.84,88.87,78.13,95.51,99.16,80.91,3
SC001050,SUP0066,2023,2,99.17,93.51,91.09,87.74,94.91,94.29,2
SC001051,SUP0066,2023,3,86.75,86.7,84.27,74.69,83.66,84.72,4
SC001052,SUP0066,2023,4,75.28,86.64,88.38,89.68,69.38,82.16,3
SC001053,SUP0066,2024,1,72.98,99.93,85.83,82.37,91.37,86.41,3
SC001054,SUP0066,2024,2,71.96,87.21,92.38,64.4,91.36,81.8,1
SC001055,SUP0066,2024,3,98.23,99.6,78.18,92.02,73.55,91.54,5
SC001056,SUP0066,2024,4,66.23,95.16,71.05,73.72,86.68,78.67,0
SC001057,SUP0067,2021,1,64.02,85.72,71.18,99.99,61.27,75.28,3
SC001058,SUP0067,2021,2,58.74,89.45,70.5,71.67,79.72,73.7,2
SC001059,SUP0067,2021,3,56.94,85.21,78.01,94.58,87.94,76.5,5
SC001060,SUP0067,2021,4,68.3,97.69,85.09,80.17,51.68,80.0,2
SC001061,SUP0067,2022,1,87.11,89.5,81.03,61.31,66.98,82.02,1
SC001062,SUP0067,2022,2,81.91,94.33,87.68,80.71,54.92,83.97,4
SC001063,SUP0067,2022,3,96.0,93.73,81.3,79.95,61.14,87.29,5
SC001064,SUP0067,2022,4,69.21,88.37,79.97,69.95,94.58,79.72,0
SC001065,SUP0067,2023,1,85.41,87.85,71.56,98.81,78.43,84.01,4
SC001066,SUP0067,2023,2,99.28,91.84,86.31,89.07,53.34,88.84,3
SC001067,SUP0067,2023,3,83.59,86.35,71.01,92.75,59.76,80.44,3
SC001068,SUP0067,2023,4,83.48,87.77,96.03,84.5,85.97,87.63,5
SC001069,SUP0067,2024,1,91.58,85.46,95.7,96.49,52.47,87.15,3
SC001070,SUP0067,2024,2,57.45,94.7,99.89,90.11,81.93,82.83,0
SC001071,SUP0067,2024,3,94.31,97.02,94.01,99.85,79.11,94.1,2
SC001072,SUP0067,2024,4,67.22,89.18,75.17,97.69,84.0,80.12,0
SC001073,SUP0068,2021,1,72.27,96.73,98.45,66.39,79.46,84.97,0
SC001074,SUP0068,2021,2,60.97,88.31,70.86,92.16,91.53,77.33,0
SC001075,SUP0068,2021,3,86.43,97.68,89.16,62.27,89.44,88.24,4
SC001076,SUP0068,2021,4,85.79,87.55,91.48,84.94,65.27,85.32,3
SC001077,SUP0068,2022,1,84.68,99.64,90.45,71.01,92.98,89.78,0
SC001078,SUP0068,2022,2,92.59,92.26,70.45,84.42,81.55,86.14,1
SC001079,SUP0068,2022,3,85.97,89.09,79.97,93.14,53.22,83.15,5
SC001080,SUP0068,2022,4,76.58,91.64,81.08,80.07,50.81,79.77,5
SC001081,SUP0068,2023,1,96.39,90.99,86.36,74.48,82.57,89.19,4
SC001082,SUP0068,2023,2,83.69,95.59,70.38,83.0,59.71,82.13,3
SC001083,SUP0068,2023,3,75.65,86.21,73.63,71.04,56.99,76.09,3
SC001084,SUP0068,2023,4,71.22,92.8,73.88,85.95,74.13,79.99,3
SC001085,SUP0068,2024,1,81.79,95.43,94.88,85.89,96.58,90.39,1
SC001086,SUP0068,2024,2,66.11,99.31,74.06,72.22,95.05,81.16,3
SC001087,SUP0068,2024,3,90.89,97.7,97.57,81.34,95.27,93.75,3
SC001088,SUP0068,2024,4,57.95,86.1,91.63,76.62,94.92,78.7,2
SC001089,SUP0069,2021,1,56.36,85.62,75.22,70.67,84.01,73.11,4
SC001090,SUP0069,2021,2,58.54,90.93,96.58,65.67,64.53,77.18,5
SC001091,SUP0069,2021,3,94.73,93.75,81.2,97.69,98.13,92.37,0
SC001092,SUP0069,2021,4,66.11,93.4,81.1,86.87,83.33,81.09,3
SC001093,SUP0069,2022,1,59.35,89.48,90.55,74.46,96.51,79.86,4
SC001094,SUP0069,2022,2,80.48,95.46,70.73,73.17,56.05,79.85,2
SC001095,SUP0069,2022,3,64.82,92.64,93.54,88.55,59.87,80.79,0
SC001096,SUP0069,2022,4,76.83,87.94,85.11,70.89,55.27,79.07,2
SC001097,SUP0069,2023,1,79.38,94.78,83.04,81.83,54.88,82.53,0
SC001098,SUP0069,2023,2,58.85,98.07,86.21,91.28,60.57,79.5,1
SC001099,SUP0069,2023,3,97.81,91.29,70.01,90.38,80.26,87.8,1
SC001100,SUP0069,2023,4,70.73,92.8,84.19,68.64,70.65,79.83,1
SC001101,SUP0069,2024,1,77.15,95.35,85.65,96.88,64.47,85.02,4
SC001102,SUP0069,2024,2,61.22,95.64,86.01,70.75,74.36,78.77,1
SC001103,SUP0069,2024,3,64.84,98.53,98.6,91.87,51.2,83.04,3
SC001104,SUP0069,2024,4,62.83,93.24,73.97,67.07,65.46,74.87,2
SC001105,SUP0070,2021,1,57.48,90.84,91.98,64.25,90.96,78.41,3
SC001106,SUP0070,2021,2,60.62,89.09,76.38,92.71,91.22,78.58,5
SC001107,SUP0070,2021,3,90.42,85.03,76.62,90.91,68.9,83.94,5
SC001108,SUP0070,2021,4,89.44,89.08,79.74,86.51,55.99,83.75,3
SC001109,SUP0070,2022,1,99.66,94.73,91.4,78.2,75.67,91.98,1
SC001110,SUP0070,2022,2,57.89,99.78,73.87,81.03,89.6,79.14,2
SC001111,SUP0070,2022,3,73.37,89.68,86.33,80.17,90.8,83.28,0
SC001112,SUP0070,2022,4,82.66,92.03,75.79,77.83,99.0,85.25,1
SC001113,SUP0070,2023,1,71.83,99.78,74.95,60.03,90.95,81.57,5
SC001114,SUP0070,2023,2,97.59,90.28,73.4,87.48,51.73,84.96,2
SC001115,SUP0070,2023,3,86.16,88.75,73.39,62.94,72.4,80.68,4
SC001116,SUP0070,2023,4,61.58,96.3,98.18,90.15,54.54,81.47,3
SC001117,SUP0070,2024,1,69.51,92.44,91.36,66.74,95.77,83.11,1
SC001118,SUP0070,2024,2,94.52,95.42,90.03,94.36,96.79,94.1,5
SC001119,SUP0070,2024,3,93.24,87.23,86.73,96.07,87.87,89.88,2
SC001120,SUP0070,2024,4,64.91,96.89,74.54,80.87,64.03,77.94,1
SC001121,SUP0071,2021,1,57.37,93.6,84.36,67.04,56.88,74.55,5
SC001122,SUP0071,2021,2,77.56,93.21,92.28,79.98,75.36,85.22,2
SC001123,SUP0071,2021,3,58.84,89.29,97.74,93.12,98.33,83.13,1
SC001124,SUP0071,2021,4,92.7,90.6,95.21,98.7,58.73,89.78,0
SC001125,SUP0071,2022,1,86.42,91.01,96.84,88.51,70.3,88.48,2
SC001126,SUP0071,2022,2,56.55,96.54,71.6,68.64,66.53,73.76,5
SC001127,SUP0071,2022,3,57.96,88.31,90.76,82.16,98.25,80.07,4
SC001128,SUP0071,2022,4,64.25,94.43,78.87,68.56,91.78,79.41,2
SC001129,SUP0071,2023,1,81.2,86.31,96.76,65.27,90.44,85.18,3
SC001130,SUP0071,2023,2,78.21,87.7,95.2,95.94,51.26,83.53,0
SC001131,SUP0071,2023,3,65.75,88.2,76.96,83.59,62.18,76.15,4
SC001132,SUP0071,2023,4,70.18,88.65,92.37,79.42,85.41,82.61,4
SC001133,SUP0071,2024,1,92.87,87.44,71.21,79.76,97.37,86.05,5
SC001134,SUP0071,2024,2,92.18,85.2,90.12,80.33,81.03,87.37,2
SC001135,SUP0071,2024,3,92.62,99.69,84.53,88.44,96.01,93.04,2
SC001136,SUP0071,2024,4,89.63,93.84,75.24,62.3,88.23,85.14,2
SC001137,SUP0072,2021,1,66.69,95.07,75.31,77.8,76.44,79.01,3
SC001138,SUP0072,2021,2,61.29,93.49,76.72,81.95,64.72,76.44,2
SC001139,SUP0072,2021,3,82.25,96.06,71.58,60.93,87.25,82.63,4
SC001140,SUP0072,2021,4,66.26,93.03,95.78,93.43,89.62,85.25,2
SC001141,SUP0072,2022,1,77.76,91.26,70.17,91.93,73.88,81.32,1
SC001142,SUP0072,2022,2,58.57,85.25,96.62,82.79,81.67,78.92,2
SC001143,SUP0072,2022,3,77.64,90.22,90.06,93.79,55.53,83.3,3
SC001144,SUP0072,2022,4,57.69,94.04,74.82,90.11,52.14,74.71,3
SC001145,SUP0072,2023,1,68.99,87.33,89.76,75.63,69.99,79.41,1
SC001146,SUP0072,2023,2,90.49,91.65,73.37,95.98,73.2,86.23,5
SC001147,SUP0072,2023,3,99.87,94.11,90.35,78.19,89.27,93.01,5
SC001148,SUP0072,2023,4,77.97,93.18,77.26,79.75,84.36,83.21,0
SC001149,SUP0072,2024,1,79.23,85.71,75.24,88.44,62.69,79.64,1
SC001150,SUP0072,2024,2,72.29,90.79,78.37,99.82,87.86,83.37,0
SC001151,SUP0072,2024,3,97.47,89.16,77.42,64.59,52.52,83.18,0
SC001152,SUP0072,2024,4,85.58,96.99,85.84,66.5,60.89,84.68,2
SC001153,SUP0073,2021,1,62.34,98.83,89.14,60.78,99.78,82.24,0
SC001154,SUP0073,2021,2,80.48,99.87,90.54,71.95,99.12,89.32,5
SC001155,SUP0073,2021,3,93.33,89.59,97.39,79.05,87.96,91.06,4
SC001156,SUP0073,2021,4,92.61,98.6,94.74,68.58,99.51,93.12,0
SC001157,SUP0073,2022,1,74.57,85.22,74.61,73.22,78.58,78.04,5
SC001158,SUP0073,2022,2,77.02,85.71,70.29,94.25,98.08,82.11,4
SC001159,SUP0073,2022,3,58.62,86.05,85.3,81.34,81.23,76.72,1
SC001160,SUP0073,2022,4,56.07,97.5,80.19,78.21,68.23,76.75,3
SC001161,SUP0073,2023,1,82.5,93.56,71.95,64.58,52.15,78.88,0
SC001162,SUP0073,2023,2,88.55,90.45,90.42,69.77,53.34,84.1,1
SC001163,SUP0073,2023,3,93.9,92.79,71.44,64.46,53.31,82.07,4
SC001164,SUP0073,2023,4,94.81,95.53,96.4,77.01,50.36,89.12,5
SC001165,SUP0073,2024,1,64.26,89.99,88.34,85.03,98.22,82.27,5
SC001166,SUP0073,2024,2,67.17,96.16,95.38,84.4,83.88,84.9,0
SC001167,SUP0073,2024,3,70.38,95.4,91.33,75.6,94.75,85.03,5
SC001168,SUP0073,2024,4,84.46,98.43,82.92,91.4,92.45,89.84,2
SC001169,SUP0074,2021,1,63.87,94.94,88.3,71.03,50.7,77.48,4
SC001170,SUP0074,2021,2,59.48,88.1,75.49,73.29,58.29,72.53,5
SC001171,SUP0074,2021,3,58.33,98.73,99.94,71.96,83.12,82.61,5
SC001172,SUP0074,2021,4,60.15,99.86,81.08,84.03,72.58,79.88,1
SC001173,SUP0074,2022,1,60.04,87.0,78.63,72.83,54.25,72.55,1
SC001174,SUP0074,2022,2,98.02,96.13,86.51,87.59,59.33,90.24,3
SC001175,SUP0074,2022,3,81.52,88.69,97.8,82.04,55.83,84.41,3
SC001176,SUP0074,2022,4,89.34,90.59,84.28,72.46,77.75,85.86,4
SC001177,SUP0074,2023,1,56.72,88.07,80.78,86.63,50.65,73.32,4
SC001178,SUP0074,2023,2,58.86,96.66,87.25,71.78,55.83,76.87,3
SC001179,SUP0074,2023,3,73.09,91.08,97.44,61.19,93.25,84.18,4
SC001180,SUP0074,2023,4,68.45,93.59,93.57,70.21,58.3,80.18,0
SC001181,SUP0074,2024,1,82.44,95.05,98.95,93.62,61.95,88.59,3
SC001182,SUP0074,2024,2,89.53,85.49,91.22,78.33,60.71,84.65,0
SC001183,SUP0074,2024,3,68.96,86.68,83.18,69.42,72.73,77.54,5
SC001184,SUP0074,2024,4,84.93,97.91,82.25,71.67,94.61,87.93,4
SC001185,SUP0075,2021,1,57.44,95.7,83.04,98.95,89.59,81.4,4
SC001186,SUP0075,2021,2,99.34,96.5,82.37,97.17,77.42,92.69,1
SC001187,SUP0075,2021,3,88.4,93.34,96.1,63.14,92.76,89.33,0
SC001188,SUP0075,2021,4,66.02,88.37,77.2,75.49,53.79,74.68,1
SC001189,SUP0075,2022,1,84.07,97.9,87.22,85.41,77.22,88.3,2
SC001190,SUP0075,2022,2,88.94,91.71,81.57,98.48,58.63,86.22,3
SC001191,SUP0075,2022,3,58.78,91.4,99.46,75.21,81.26,80.59,2
SC001192,SUP0075,2022,4,86.22,85.3,86.92,87.64,54.3,83.03,2
SC001193,SUP0075,2023,1,61.32,92.77,76.48,98.93,77.79,79.19,1
SC001194,SUP0075,2023,2,88.97,88.28,98.96,93.94,78.25,90.19,5
SC001195,SUP0075,2023,3,74.54,86.46,93.81,77.13,98.18,84.59,1
SC001196,SUP0075,2023,4,87.52,87.53,96.07,98.08,87.22,90.26,2
SC001197,SUP0075,2024,1,95.65,96.22,86.65,62.02,92.51,90.34,4
SC001198,SUP0075,2024,2,70.73,90.69,74.7,80.09,51.23,76.5,1
SC001199,SUP0075,2024,3,59.81,85.36,92.12,78.56,84.21,78.25,0
SC001200,SUP0075,2024,4,87.58,87.39,84.7,97.63,91.94,88.39,2
SC001201,SUP0076,2021,1,89.73,94.31,97.6,95.59,98.54,94.14,0
SC001202,SUP0076,2021,2,69.3,96.28,96.81,85.07,56.78,83.22,2
SC001203,SUP0076,2021,3,91.53,88.9,81.5,90.97,53.11,84.84,0
SC001204,SUP0076,2021,4,97.25,96.17,76.36,68.39,70.55,87.19,3
SC001205,SUP0076,2022,1,81.2,95.72,86.12,98.77,50.68,85.24,3
SC001206,SUP0076,2022,2,77.87,85.23,70.32,80.74,72.86,78.35,0
SC001207,SUP0076,2022,3,68.38,92.39,99.42,81.84,78.96,84.19,3
SC001208,SUP0076,2022,4,55.92,93.43,74.49,88.87,80.46,76.64,5
SC001209,SUP0076,2023,1,77.61,95.4,75.14,66.07,81.99,81.74,3
SC001210,SUP0076,2023,2,81.51,94.69,71.67,82.21,57.85,81.2,2
SC001211,SUP0076,2023,3,75.31,92.19,77.82,88.01,98.62,84.48,3
SC001212,SUP0076,2023,4,65.22,89.2,81.13,95.12,92.42,81.31,3
SC001213,SUP0076,2024,1,86.29,87.45,95.84,66.68,88.74,86.83,2
SC001214,SUP0076,2024,2,91.36,95.82,89.27,70.99,58.2,86.93,2
SC001215,SUP0076,2024,3,79.83,87.89,84.93,85.9,83.98,84.29,1
SC001216,SUP0076,2024,4,69.69,95.53,79.07,82.45,55.87,79.21,4
SC001217,SUP0077,2021,1,71.5,99.42,84.41,98.54,74.19,85.43,5
SC001218,SUP0077,2021,2,97.06,92.43,77.96,65.18,94.91,88.45,1
SC001219,SUP0077,2021,3,91.94,90.17,77.68,66.31,64.43,83.24,4
SC001220,SUP0077,2021,4,81.49,94.76,86.9,84.09,83.8,87.04,4
SC001221,SUP0077,2022,1,84.62,96.7,90.76,90.2,93.05,90.87,1
SC001222,SUP0077,2022,2,74.44,87.86,76.16,76.04,89.5,80.48,2
SC001223,SUP0077,2022,3,82.09,97.78,82.2,89.27,81.02,87.43,3
SC001224,SUP0077,2022,4,85.34,89.72,89.23,66.23,80.82,85.07,5
SC001225,SUP0077,2023,1,98.26,90.42,82.89,62.22,67.56,86.16,5
SC001226,SUP0077,2023,2,74.92,99.42,73.38,71.8,71.65,81.32,1
SC001227,SUP0077,2023,3,78.9,94.21,94.39,74.22,55.43,83.78,5
SC001228,SUP0077,2023,4,61.7,88.71,94.87,89.38,96.92,82.73,3
SC001229,SUP0077,2024,1,77.29,97.8,99.97,94.51,60.21,87.99,2
SC001230,SUP0077,2024,2,78.8,90.82,78.16,90.18,75.03,83.04,4
SC001231,SUP0077,2024,3,75.26,87.49,90.59,71.67,52.77,79.39,2
SC001232,SUP0077,2024,4,93.71,99.33,70.04,70.57,55.21,84.5,2
SC001233,SUP0078,2021,1,87.16,99.08,87.18,96.74,74.66,90.45,5
SC001234,SUP0078,2021,2,58.88,91.69,95.45,82.37,85.72,81.07,1
SC001235,SUP0078,2021,3,61.66,88.43,92.93,94.09,70.66,80.09,1
SC001236,SUP0078,2021,4,73.1,98.65,96.04,95.51,74.74,87.76,3
SC001237,SUP0078,2022,1,68.64,92.15,87.41,72.6,72.76,80.25,5
SC001238,SUP0078,2022,2,61.76,88.91,87.19,71.94,82.82,78.11,2
SC001239,SUP0078,2022,3,80.53,91.92,98.5,97.18,79.78,89.13,3
SC001240,SUP0078,2022,4,71.61,95.23,76.01,94.36,74.66,82.16,1
SC001241,SUP0078,2023,1,88.35,93.44,93.1,77.81,91.48,90.09,1
SC001242,SUP0078,2023,2,94.73,86.17,96.52,75.97,58.63,87.03,5
SC001243,SUP0078,2023,3,87.33,94.77,73.68,65.43,63.29,82.24,2
SC001244,SUP0078,2023,4,81.15,87.31,71.41,73.14,62.9,78.42,1
SC001245,SUP0078,2024,1,93.36,89.25,93.87,77.69,84.32,89.76,0
SC001246,SUP0078,2024,2,84.15,96.31,77.94,83.42,56.29,83.7,3
SC001247,SUP0078,2024,3,87.36,95.55,99.86,64.64,81.99,89.51,5
SC001248,SUP0078,2024,4,72.0,89.15,96.14,61.02,92.14,82.89,1
SC001249,SUP0079,2021,1,69.43,98.39,74.7,72.21,80.21,80.53,1
SC001250,SUP0079,2021,2,95.53,89.41,97.02,98.08,72.77,91.97,5
SC001251,SUP0079,2021,3,86.31,94.13,75.77,99.14,91.27,88.33,2
SC001252,SUP0079,2021,4,83.18,92.67,96.07,98.48,93.79,91.2,1
SC001253,SUP0079,2022,1,92.09,92.07,74.04,78.01,67.34,84.59,4
SC001254,SUP0079,2022,2,56.34,86.98,77.74,68.43,50.16,70.4,0
SC001255,SUP0079,2022,3,57.31,87.37,85.97,77.26,88.54,77.18,5
SC001256,SUP0079,2022,4,82.63,91.03,70.69,97.03,92.3,85.17,2
SC001257,SUP0079,2023,1,93.18,95.59,74.38,61.2,74.66,85.09,2
SC001258,SUP0079,2023,2,63.88,95.86,75.45,64.79,62.4,75.73,0
SC001259,SUP0079,2023,3,78.37,94.77,90.0,77.06,99.53,87.6,0
SC001260,SUP0079,2023,4,98.49,87.52,91.42,64.44,99.48,90.48,2
SC001261,SUP0079,2024,1,77.79,88.53,87.99,92.58,69.91,83.74,4
SC001262,SUP0079,2024,2,94.76,85.53,77.49,75.7,77.96,84.95,4
SC001263,SUP0079,2024,3,55.6,98.89,98.24,85.65,67.71,81.33,2
SC001264,SUP0079,2024,4,56.61,98.86,87.18,89.15,85.84,81.58,3
SC001265,SUP0080,2021,1,77.82,89.32,70.59,85.18,73.89,80.17,0
SC001266,SUP0080,2021,2,73.24,87.03,71.77,75.34,95.77,79.55,0
SC001267,SUP0080,2021,3,73.0,89.32,85.21,72.78,63.46,79.36,3
SC001268,SUP0080,2021,4,82.72,94.77,74.22,67.61,91.45,84.0,4
SC001269,SUP0080,2022,1,55.92,95.67,87.47,80.84,75.29,78.58,2
SC001270,SUP0080,2022,2,73.48,95.44,73.46,86.82,65.51,80.6,2
SC001271,SUP0080,2022,3,56.43,98.68,84.61,68.86,92.03,79.54,1
SC001272,SUP0080,2022,4,88.29,99.29,72.8,93.73,88.59,89.07,0
SC001273,SUP0080,2023,1,59.95,88.5,86.05,82.64,56.59,75.67,3
SC001274,SUP0080,2023,2,97.67,91.21,74.7,61.26,56.34,83.36,4
SC001275,SUP0080,2023,3,73.6,87.91,73.08,71.15,93.27,79.51,3
SC001276,SUP0080,2023,4,78.94,87.82,82.14,91.57,54.26,81.04,4
SC001277,SUP0080,2024,1,99.54,87.1,72.93,73.14,74.14,85.31,2
SC001278,SUP0080,2024,2,56.22,99.44,95.64,84.58,56.82,79.97,4
SC001279,SUP0080,2024,3,92.52,87.1,96.69,89.89,91.76,91.39,5
SC001280,SUP0080,2024,4,67.99,85.35,93.97,63.54,74.16,78.57,2
SC001281,SUP0081,2021,1,82.99,96.17,84.72,98.72,57.84,86.35,3
SC001282,SUP0081,2021,2,77.85,98.18,90.58,68.76,82.97,86.1,1
SC001283,SUP0081,2021,3,82.6,94.4,96.56,86.03,71.12,88.13,5
SC001284,SUP0081,2021,4,85.19,86.19,73.11,86.85,58.35,80.56,4
SC001285,SUP0081,2022,1,69.84,95.38,75.08,81.59,78.45,80.59,3
SC001286,SUP0081,2022,2,82.65,97.46,75.18,70.07,80.44,84.12,5
SC001287,SUP0081,2022,3,93.84,93.3,79.46,79.06,53.53,85.29,4
SC001288,SUP0081,2022,4,73.12,87.98,73.91,65.88,77.62,77.46,1
SC001289,SUP0081,2023,1,58.27,97.13,94.85,72.58,69.6,79.81,4
SC001290,SUP0081,2023,2,65.14,94.0,81.78,92.61,63.81,79.74,0
SC001291,SUP0081,2023,3,76.09,95.99,88.49,65.64,63.47,82.23,5
SC001292,SUP0081,2023,4,58.96,89.28,75.95,66.12,88.47,75.12,2
SC001293,SUP0081,2024,1,78.7,85.05,84.52,73.76,53.64,78.77,4
SC001294,SUP0081,2024,2,59.06,88.07,89.3,79.32,62.95,76.23,2
SC001295,SUP0081,2024,3,89.91,96.95,77.83,86.09,69.16,87.15,1
SC001296,SUP0081,2024,4,67.67,97.97,75.2,84.28,98.71,83.03,1
SC001297,SUP0082,2021,1,68.65,85.63,83.65,60.99,60.46,75.16,0
SC001298,SUP0082,2021,2,64.74,96.52,87.72,61.34,90.91,81.15,4
SC001299,SUP0082,2021,3,68.01,95.48,86.39,77.48,87.39,82.81,1
SC001300,SUP0082,2021,4,69.46,88.89,84.89,75.67,97.93,81.84,2
SC001301,SUP0082,2022,1,84.62,92.82,86.78,75.16,93.94,87.5,3
SC001302,SUP0082,2022,2,85.31,89.26,70.37,94.96,50.27,80.97,2
SC001303,SUP0082,2022,3,78.66,89.77,88.82,99.5,63.9,84.63,5
SC001304,SUP0082,2022,4,92.59,90.93,72.17,64.59,60.61,82.01,2
SC001305,SUP0082,2023,1,78.38,87.58,78.4,85.8,67.43,80.79,0
SC001306,SUP0082,2023,2,56.14,91.65,70.56,80.92,77.33,74.27,0
SC001307,SUP0082,2023,3,89.22,85.94,85.82,76.07,60.1,83.33,0
SC001308,SUP0082,2023,4,73.78,98.78,84.92,84.54,71.15,84.32,0
SC001309,SUP0082,2024,1,75.45,98.69,83.02,70.55,76.56,83.56,2
SC001310,SUP0082,2024,2,77.59,86.26,98.29,97.05,97.89,88.31,5
SC001311,SUP0082,2024,3,98.55,86.76,93.82,70.19,68.24,88.2,2
SC001312,SUP0082,2024,4,63.45,87.98,78.16,63.78,67.8,74.22,1
SC001313,SUP0083,2021,1,79.15,86.64,77.99,88.57,68.65,81.06,3
SC001314,SUP0083,2021,2,68.49,86.18,82.97,92.66,86.85,80.95,0
SC001315,SUP0083,2021,3,66.66,86.68,94.59,80.37,86.31,81.59,5
SC001316,SUP0083,2021,4,84.19,93.62,97.15,99.09,77.58,90.44,1
SC001317,SUP0083,2022,1,88.27,91.66,73.28,79.21,53.38,81.89,1
SC001318,SUP0083,2022,2,60.9,85.45,85.28,87.85,94.65,79.21,5
SC001319,SUP0083,2022,3,86.44,93.27,78.24,83.71,50.03,82.93,5
SC001320,SUP0083,2022,4,90.0,89.98,70.87,66.35,87.73,83.58,0
SC001321,SUP0083,2023,1,73.33,85.96,77.64,85.83,99.3,81.83,0
SC001322,SUP0083,2023,2,76.33,86.45,89.36,82.33,55.05,80.44,5
SC001323,SUP0083,2023,3,55.17,93.96,89.25,85.14,55.92,76.69,5
SC001324,SUP0083,2023,4,91.44,98.4,81.74,80.74,82.57,89.63,4
SC001325,SUP0083,2024,1,90.71,91.09,79.73,64.16,59.29,82.83,4
SC001326,SUP0083,2024,2,66.69,91.88,86.61,70.14,80.64,79.97,4
SC001327,SUP0083,2024,3,58.13,95.95,79.66,75.94,79.21,77.67,1
SC001328,SUP0083,2024,4,90.79,86.64,89.34,62.93,75.63,84.95,5
SC001329,SUP0084,2021,1,93.48,96.57,92.8,74.85,77.55,90.81,1
SC001330,SUP0084,2021,2,94.83,89.43,97.14,73.21,93.27,91.35,2
SC001331,SUP0084,2021,3,59.25,99.33,74.11,72.81,54.48,75.12,0
SC001332,SUP0084,2021,4,68.31,99.02,70.24,92.52,65.24,80.02,4
SC001333,SUP0084,2022,1,77.07,97.43,94.4,97.91,51.37,86.16,5
SC001334,SUP0084,2022,2,74.21,91.62,96.09,76.77,78.72,84.52,4
SC001335,SUP0084,2022,3,77.86,95.61,88.3,65.11,90.47,85.26,5
SC001336,SUP0084,2022,4,60.24,92.84,85.66,60.27,72.62,76.34,1
SC001337,SUP0084,2023,1,59.59,92.3,85.73,70.2,86.89,78.42,4
SC001338,SUP0084,2023,2,82.84,98.17,79.19,94.77,91.12,88.73,5
SC001339,SUP0084,2023,3,56.26,93.3,79.6,96.56,71.91,77.64,0
SC001340,SUP0084,2023,4,56.33,96.08,76.38,70.13,97.68,77.78,2
SC001341,SUP0084,2024,1,70.73,89.32,93.48,85.1,50.44,80.27,0
SC001342,SUP0084,2024,2,59.25,91.78,74.88,76.27,70.23,74.93,5
SC001343,SUP0084,2024,3,66.05,90.19,87.36,69.25,90.77,80.35,3
SC001344,SUP0084,2024,4,92.36,99.25,82.42,74.65,85.88,90.02,2
SC001345,SUP0085,2021,1,58.3,90.31,80.0,70.25,73.68,74.98,4
SC001346,SUP0085,2021,2,57.73,99.72,78.34,87.08,50.35,76.65,3
SC001347,SUP0085,2021,3,68.85,90.82,70.05,69.63,57.89,74.66,0
SC001348,SUP0085,2021,4,74.15,97.7,93.65,68.03,59.79,83.07,3
SC001349,SUP0085,2022,1,66.42,85.13,73.18,63.61,66.44,73.11,3
SC001350,SUP0085,2022,2,90.64,85.21,80.33,67.62,61.41,81.72,5
SC001351,SUP0085,2022,3,85.86,95.41,89.17,72.47,87.73,88.23,1
SC001352,SUP0085,2022,4,67.1,90.65,86.27,90.93,62.58,79.93,1
SC001353,SUP0085,2023,1,60.62,99.3,99.58,76.12,69.34,82.44,0
SC001354,SUP0085,2023,2,68.45,95.17,97.97,87.94,73.35,84.81,0
SC001355,SUP0085,2023,3,73.37,96.96,86.83,89.63,99.79,87.41,1
SC001356,SUP0085,2023,4,90.02,87.57,71.96,84.02,97.77,85.85,0
SC001357,SUP0085,2024,1,96.2,90.17,80.65,72.87,77.88,87.12,4
SC001358,SUP0085,2024,2,70.41,95.16,70.26,91.52,80.41,80.92,0
SC001359,SUP0085,2024,3,85.59,95.95,70.7,70.28,92.04,84.83,4
SC001360,SUP0085,2024,4,60.6,98.24,95.94,92.8,85.18,84.64,3
SC001361,SUP0086,2021,1,73.45,94.47,93.1,95.98,96.62,88.26,3
SC001362,SUP0086,2021,2,91.55,98.79,86.2,84.0,92.1,91.95,5
SC001363,SUP0086,2021,3,89.76,95.28,74.22,73.3,79.95,85.68,1
SC001364,SUP0086,2021,4,95.18,94.35,88.72,93.89,75.06,91.5,3
SC001365,SUP0086,2022,1,82.47,92.57,85.62,99.35,62.61,85.83,5
SC001366,SUP0086,2022,2,98.79,92.91,76.34,65.49,73.9,86.72,2
SC001367,SUP0086,2022,3,72.36,85.49,89.04,61.54,75.17,78.83,3
SC001368,SUP0086,2022,4,97.34,91.59,78.41,63.79,73.62,86.1,2
SC001369,SUP0086,2023,1,77.99,98.99,85.91,87.34,91.73,88.18,3
SC001370,SUP0086,2023,2,95.71,90.32,93.15,74.86,78.71,89.8,3
SC001371,SUP0086,2023,3,56.85,93.85,97.48,64.85,58.52,77.04,3
SC001372,SUP0086,2023,4,66.86,95.64,71.55,72.07,85.28,78.8,2
SC001373,SUP0086,2024,1,92.47,93.77,92.07,63.74,55.7,86.23,2
SC001374,SUP0086,2024,2,90.05,92.87,73.04,74.0,77.92,84.68,5
SC001375,SUP0086,2024,3,64.44,95.33,78.52,91.52,77.2,80.51,1
SC001376,SUP0086,2024,4,99.65,90.66,71.75,94.9,93.19,90.25,5
SC001377,SUP0087,2021,1,60.15,96.95,74.96,60.12,68.58,74.99,5
SC001378,SUP0087,2021,2,78.24,87.54,80.36,60.35,90.49,80.89,5
SC001379,SUP0087,2021,3,70.36,93.45,84.6,60.62,63.4,78.47,1
SC001380,SUP0087,2021,4,79.67,93.46,93.49,85.53,78.12,87.0,1
SC001381,SUP0087,2022,1,82.67,88.05,88.88,94.14,94.45,87.85,0
SC001382,SUP0087,2022,2,59.56,98.24,77.31,93.55,66.68,78.83,1
SC001383,SUP0087,2022,3,65.95,91.66,77.33,62.8,91.69,78.2,5
SC001384,SUP0087,2022,4,97.88,97.38,92.28,90.37,73.96,93.47,4
SC001385,SUP0087,2023,1,72.73,87.76,81.75,77.88,58.05,78.09,1
SC001386,SUP0087,2023,2,63.36,96.05,75.41,79.26,83.34,79.16,5
SC001387,SUP0087,2023,3,64.61,93.68,99.81,74.23,64.93,81.37,4
SC001388,SUP0087,2023,4,80.57,90.19,80.3,80.36,75.03,82.83,1
SC001389,SUP0087,2024,1,73.66,97.62,79.64,92.79,77.34,84.32,5
SC001390,SUP0087,2024,2,77.08,87.09,86.66,66.93,87.06,81.98,5
SC001391,SUP0087,2024,3,55.95,91.96,83.92,98.95,63.52,77.4,5
SC001392,SUP0087,2024,4,78.42,92.52,98.94,84.53,71.16,86.64,1
SC001393,SUP0088,2021,1,71.79,88.09,93.51,72.01,83.51,82.22,2
SC001394,SUP0088,2021,2,63.07,89.35,83.56,85.8,82.23,79.24,2
SC001395,SUP0088,2021,3,72.08,89.11,74.12,63.86,98.3,79.4,5
SC001396,SUP0088,2021,4,93.99,93.47,72.38,89.2,93.54,88.99,1
SC001397,SUP0088,2022,1,86.5,96.49,74.33,85.52,51.52,83.47,0
SC001398,SUP0088,2022,2,83.57,89.64,90.17,95.79,86.36,88.21,2
SC001399,SUP0088,2022,3,57.03,92.14,74.37,92.24,91.4,77.99,1
SC001400,SUP0088,2022,4,69.86,85.78,87.02,61.11,53.32,75.54,4
SC001401,SUP0088,2023,1,96.49,86.76,93.08,82.09,60.15,87.81,1
SC001402,SUP0088,2023,2,99.01,91.85,93.93,77.17,92.02,92.96,1
SC001403,SUP0088,2023,3,76.18,91.99,70.77,75.07,54.43,77.56,4
SC001404,SUP0088,2023,4,58.72,87.26,70.31,94.53,70.3,74.34,4
SC001405,SUP0088,2024,1,80.97,86.2,87.38,61.58,64.45,80.23,5
SC001406,SUP0088,2024,2,89.31,88.32,87.88,60.83,69.14,83.86,3
SC001407,SUP0088,2024,3,76.17,85.67,85.4,88.97,78.42,82.37,5
SC001408,SUP0088,2024,4,99.49,98.26,89.02,78.65,65.44,91.54,1
SC001409,SUP0089,2021,1,90.88,85.01,79.68,90.23,80.3,85.76,2
SC001410,SUP0089,2021,2,84.3,89.43,86.84,91.58,87.73,87.42,4
SC001411,SUP0089,2021,3,63.15,93.59,73.38,89.08,80.03,78.61,2
SC001412,SUP0089,2021,4,56.04,99.11,70.78,69.47,93.17,76.97,4
SC001413,SUP0089,2022,1,82.47,87.44,83.42,98.63,69.58,84.48,0
SC001414,SUP0089,2022,2,87.86,95.0,84.71,73.69,95.85,88.75,3
SC001415,SUP0089,2022,3,85.84,86.37,89.78,64.0,67.47,82.77,3
SC001416,SUP0089,2022,4,69.21,91.01,92.11,96.79,96.12,85.78,2
SC001417,SUP0089,2023,1,66.1,92.66,82.45,83.27,79.41,80.39,1
SC001418,SUP0089,2023,2,70.85,91.98,89.79,94.38,54.74,81.72,2
SC001419,SUP0089,2023,3,57.88,94.51,97.39,78.23,77.67,80.78,4
SC001420,SUP0089,2023,4,78.98,93.9,79.28,95.19,50.23,82.26,1
SC001421,SUP0089,2024,1,88.33,94.59,84.2,80.45,56.77,85.44,1
SC001422,SUP0089,2024,2,73.13,89.42,87.42,68.53,67.51,79.85,1
SC001423,SUP0089,2024,3,67.81,89.82,75.14,97.17,91.36,81.17,1
SC001424,SUP0089,2024,4,63.07,87.23,84.7,71.53,65.09,75.69,4
SC001425,SUP0090,2021,1,94.34,96.99,70.01,98.02,56.98,86.9,5
SC001426,SUP0090,2021,2,67.95,93.33,80.95,73.04,83.64,80.24,5
SC001427,SUP0090,2021,3,71.43,87.72,84.19,98.03,89.9,83.38,3
SC001428,SUP0090,2021,4,79.34,96.29,89.92,77.88,67.06,85.17,3
SC001429,SUP0090,2022,1,95.99,95.32,74.87,60.42,91.77,87.59,2
SC001430,SUP0090,2022,2,92.01,87.14,73.01,86.36,59.52,82.94,3
SC001431,SUP0090,2022,3,77.2,91.93,83.09,88.19,59.51,82.13,3
SC001432,SUP0090,2022,4,90.27,99.59,98.12,84.45,56.59,90.69,5
SC001433,SUP0090,2023,1,79.38,91.87,70.68,62.4,70.56,78.81,2
SC001434,SUP0090,2023,2,67.15,95.86,85.06,97.85,55.07,81.21,1
SC001435,SUP0090,2023,3,62.65,88.27,79.3,87.35,76.37,77.51,0
SC001436,SUP0090,2023,4,62.45,98.24,74.04,95.81,51.13,77.71,1
SC001437,SUP0090,2024,1,99.28,94.08,88.61,89.55,77.99,92.48,5
SC001438,SUP0090,2024,2,93.69,99.52,97.25,97.58,96.12,96.78,2
SC001439,SUP0090,2024,3,81.03,95.72,75.88,90.42,92.64,86.51,2
SC001440,SUP0090,2024,4,85.19,93.85,95.1,88.82,85.5,90.16,4
SC001441,SUP0091,2021,1,73.33,93.42,74.8,73.46,82.05,80.54,5
SC001442,SUP0091,2021,2,95.15,86.95,90.11,89.29,52.6,86.84,1
SC001443,SUP0091,2021,3,76.59,94.44,71.15,95.86,89.64,84.09,0
SC001444,SUP0091,2021,4,69.6,88.32,86.73,97.53,83.34,82.81,5
SC001445,SUP0091,2022,1,76.24,97.62,89.34,69.23,53.43,82.29,4
SC001446,SUP0091,2022,2,76.42,91.67,80.52,84.62,96.43,84.64,4
SC001447,SUP0091,2022,3,93.74,89.21,82.97,60.86,87.59,86.32,2
SC001448,SUP0091,2022,4,82.68,85.06,92.32,81.98,64.18,83.4,0
SC001449,SUP0091,2023,1,85.55,88.59,81.04,73.15,66.31,82.4,5
SC001450,SUP0091,2023,2,62.09,95.05,99.42,84.26,71.28,82.58,3
SC001451,SUP0091,2023,3,72.99,85.56,74.44,67.17,91.36,78.31,4
SC001452,SUP0091,2023,4,61.29,86.86,91.58,68.85,72.15,76.86,1
SC001453,SUP0091,2024,1,71.6,95.26,81.62,64.73,59.51,78.81,3
SC001454,SUP0091,2024,2,69.88,95.66,88.1,92.8,66.95,83.26,1
SC001455,SUP0091,2024,3,57.09,85.6,90.39,78.48,90.27,77.76,5
SC001456,SUP0091,2024,4,94.72,87.24,91.59,84.9,83.27,89.72,1
SC001457,SUP0092,2021,1,95.41,99.26,90.41,72.81,86.54,92.42,3
SC001458,SUP0092,2021,2,60.6,90.32,90.9,94.3,80.48,80.93,1
SC001459,SUP0092,2021,3,95.05,92.93,92.43,85.44,67.45,90.17,0
SC001460,SUP0092,2021,4,92.0,85.22,96.21,82.09,61.49,86.77,4
SC001461,SUP0092,2022,1,90.36,98.42,76.77,74.98,50.2,84.51,2
SC001462,SUP0092,2022,2,83.37,96.44,98.42,71.06,69.48,87.68,3
SC001463,SUP0092,2022,3,75.02,98.9,96.88,85.12,88.11,88.88,4
SC001464,SUP0092,2022,4,91.69,86.22,88.25,62.06,85.67,85.8,1
SC001465,SUP0092,2023,1,83.86,95.46,99.14,82.61,84.28,90.31,4
SC001466,SUP0092,2023,2,56.27,87.12,99.61,99.34,89.89,81.86,2
SC001467,SUP0092,2023,3,94.17,94.11,73.91,73.47,76.41,86.25,1
SC001468,SUP0092,2023,4,75.55,98.88,78.41,84.11,78.74,84.3,4
SC001469,SUP0092,2024,1,87.77,85.49,79.36,95.74,91.4,86.56,2
SC001470,SUP0092,2024,2,97.77,91.38,77.53,80.03,61.37,86.39,3
SC001471,SUP0092,2024,3,75.52,88.17,80.63,63.46,67.42,78.32,2
SC001472,SUP0092,2024,4,92.74,87.91,86.36,67.25,50.43,83.23,0
SC001473,SUP0093,2021,1,71.1,87.06,82.68,92.7,77.78,81.03,3
SC001474,SUP0093,2021,2,95.88,96.49,85.1,92.15,68.17,90.76,2
SC001475,SUP0093,2021,3,67.56,94.06,91.87,87.41,66.27,82.23,3
SC001476,SUP0093,2021,4,57.78,89.21,95.1,80.21,76.87,78.82,0
SC001477,SUP0093,2022,1,71.35,95.14,76.36,63.96,98.36,81.45,1
SC001478,SUP0093,2022,2,89.34,96.04,74.96,94.95,98.56,89.96,5
SC001479,SUP0093,2022,3,66.37,97.16,94.46,84.78,97.9,86.22,5
SC001480,SUP0093,2022,4,65.37,98.09,89.34,80.62,87.97,83.77,1
SC001481,SUP0093,2023,1,59.75,92.45,72.33,67.05,52.79,72.11,1
SC001482,SUP0093,2023,2,79.03,93.25,85.67,60.77,95.32,84.43,4
SC001483,SUP0093,2023,3,88.95,99.29,82.04,89.54,53.71,87.2,2
SC001484,SUP0093,2023,4,70.73,98.66,85.29,72.83,71.35,82.29,0
SC001485,SUP0093,2024,1,85.57,89.37,81.72,90.1,79.12,85.75,4
SC001486,SUP0093,2024,2,57.08,99.06,85.22,74.02,84.79,79.77,5
SC001487,SUP0093,2024,3,63.43,88.69,99.22,93.38,83.68,83.19,2
SC001488,SUP0093,2024,4,78.77,87.3,77.86,70.84,82.1,80.69,2
SC001489,SUP0094,2021,1,80.06,93.32,71.77,98.12,96.24,85.8,5
SC001490,SUP0094,2021,2,74.48,93.74,93.4,85.43,96.76,87.37,3
SC001491,SUP0094,2021,3,85.53,87.16,73.43,69.83,89.36,82.41,0
SC001492,SUP0094,2021,4,77.56,96.96,85.08,64.58,75.72,83.4,0
SC001493,SUP0094,2022,1,57.44,86.89,85.33,96.31,74.25,77.42,4
SC001494,SUP0094,2022,2,58.7,93.56,90.61,95.96,63.96,79.79,1
SC001495,SUP0094,2022,3,73.8,92.41,96.52,81.89,62.57,83.61,3
SC001496,SUP0094,2022,4,89.21,93.36,84.8,84.02,70.91,87.22,0
SC001497,SUP0094,2023,1,88.34,93.58,99.42,90.88,63.65,89.91,2
SC001498,SUP0094,2023,2,91.55,88.02,94.32,83.53,99.9,91.08,2
SC001499,SUP0094,2023,3,71.17,92.14,75.81,79.73,90.77,81.2,2
SC001500,SUP0094,2023,4,90.02,96.52,92.39,92.34,50.73,88.75,2
SC001501,SUP0094,2024,1,80.92,95.58,84.49,88.97,92.19,87.96,0
SC001502,SUP0094,2024,2,71.94,91.21,76.92,81.37,93.09,81.77,0
SC001503,SUP0094,2024,3,62.88,99.98,97.01,85.03,66.59,83.42,4
SC001504,SUP0094,2024,4,90.71,98.5,80.77,80.14,90.11,89.94,4
SC001505,SUP0095,2021,1,71.49,90.15,88.27,61.27,86.45,80.92,1
SC001506,SUP0095,2021,2,57.46,94.68,99.33,71.27,55.97,78.23,2
SC001507,SUP0095,2021,3,84.34,98.45,78.2,94.91,68.65,86.83,5
SC001508,SUP0095,2021,4,88.91,95.82,78.86,92.59,64.95,86.95,5
SC001509,SUP0095,2022,1,71.85,95.36,94.25,76.63,98.69,86.55,1
SC001510,SUP0095,2022,2,70.22,98.09,99.55,90.85,84.38,87.93,3
SC001511,SUP0095,2022,3,75.31,94.97,72.83,64.78,87.63,80.89,4
SC001512,SUP0095,2022,4,83.61,94.51,89.23,84.31,70.49,86.76,0
SC001513,SUP0095,2023,1,61.91,90.68,85.91,98.41,62.61,79.06,4
SC001514,SUP0095,2023,2,91.16,99.74,83.73,91.03,57.98,88.92,1
SC001515,SUP0095,2023,3,94.58,88.72,80.32,62.92,74.77,84.82,0
SC001516,SUP0095,2023,4,98.66,98.63,92.82,88.31,57.62,92.34,2
SC001517,SUP0095,2024,1,84.76,92.87,95.83,80.15,75.08,87.98,2
SC001518,SUP0095,2024,2,57.12,85.78,99.16,62.33,60.91,75.03,2
SC001519,SUP0095,2024,3,74.42,92.62,85.05,99.71,95.8,86.67,2
SC001520,SUP0095,2024,4,87.02,95.53,92.32,66.27,99.0,89.76,2
SC001521,SUP0096,2021,1,97.0,94.99,86.66,82.24,96.0,92.75,4
SC001522,SUP0096,2021,2,65.36,99.22,71.75,68.56,77.19,78.3,1
SC001523,SUP0096,2021,3,75.83,87.79,96.91,79.59,73.58,83.79,0
SC001524,SUP0096,2021,4,55.04,86.56,94.35,64.71,56.21,73.44,5
SC001525,SUP0096,2022,1,64.18,85.06,81.85,64.64,66.77,74.28,3
SC001526,SUP0096,2022,2,95.64,87.5,94.38,72.3,74.64,88.51,4
SC001527,SUP0096,2022,3,73.27,86.09,83.83,70.27,64.75,78.08,4
SC001528,SUP0096,2022,4,66.37,85.71,99.41,93.75,82.28,83.11,5
SC001529,SUP0096,2023,1,57.42,92.73,73.39,96.93,69.55,76.37,0
SC001530,SUP0096,2023,2,97.65,90.27,85.36,98.84,57.87,89.12,5
SC001531,SUP0096,2023,3,69.93,94.12,73.21,72.8,95.8,80.72,4
SC001532,SUP0096,2023,4,89.36,89.52,93.67,69.36,52.68,84.6,5
SC001533,SUP0096,2024,1,85.16,85.15,81.42,64.07,80.19,81.8,0
SC001534,SUP0096,2024,2,59.19,89.72,74.3,73.25,95.53,76.41,2
SC001535,SUP0096,2024,3,85.25,85.63,95.94,83.68,74.49,86.27,4
SC001536,SUP0096,2024,4,97.39,86.36,99.76,67.85,51.63,87.02,2
SC001537,SUP0097,2021,1,91.25,91.92,80.3,79.91,90.59,88.06,4
SC001538,SUP0097,2021,2,93.62,87.76,90.5,86.3,84.84,89.63,3
SC001539,SUP0097,2021,3,82.81,95.97,93.84,73.49,69.68,86.72,4
SC001540,SUP0097,2021,4,86.03,85.79,80.49,64.72,86.13,82.73,0
SC001541,SUP0097,2022,1,87.03,89.32,95.25,62.75,85.62,86.79,0
SC001542,SUP0097,2022,2,94.87,88.26,91.83,63.74,54.16,85.09,3
SC001543,SUP0097,2022,3,79.35,94.46,96.95,65.18,76.9,85.74,1
SC001544,SUP0097,2022,4,91.64,96.83,85.23,83.43,63.66,88.3,3
SC001545,SUP0097,2023,1,59.85,85.23,96.04,98.72,92.21,81.83,2
SC001546,SUP0097,2023,2,92.11,87.73,80.66,87.59,58.55,84.7,0
SC001547,SUP0097,2023,3,86.82,97.24,81.59,67.22,99.87,88.24,2
SC001548,SUP0097,2023,4,59.36,85.12,90.43,68.85,68.42,75.16,4
SC001549,SUP0097,2024,1,77.26,98.13,91.99,97.15,80.42,88.77,2
SC001550,SUP0097,2024,2,97.4,88.94,81.43,75.26,70.69,86.78,3
SC001551,SUP0097,2024,3,81.37,91.33,71.66,61.61,52.81,77.58,4
SC001552,SUP0097,2024,4,77.86,86.08,85.11,60.79,56.71,77.95,4
SC001553,SUP0098,2021,1,62.16,97.17,89.82,85.27,66.01,80.89,3
SC001554,SUP0098,2021,2,73.22,85.14,78.34,76.65,84.08,79.25,1
SC001555,SUP0098,2021,3,63.63,99.34,95.96,89.84,81.92,85.26,5
SC001556,SUP0098,2021,4,87.45,92.78,71.02,96.3,76.8,85.58,2
SC001557,SUP0098,2022,1,72.64,92.4,77.27,94.06,63.43,80.72,2
SC001558,SUP0098,2022,2,67.66,99.78,85.19,74.75,61.43,80.89,3
SC001559,SUP0098,2022,3,87.23,99.43,94.1,92.73,94.07,93.5,2
SC001560,SUP0098,2022,4,77.43,95.65,78.58,70.95,93.57,84.09,3
SC001561,SUP0098,2023,1,84.63,95.06,91.07,79.67,50.5,85.14,2
SC001562,SUP0098,2023,2,86.09,98.19,97.72,92.17,80.51,92.1,5
SC001563,SUP0098,2023,3,99.16,99.84,99.94,94.94,95.84,98.77,1
SC001564,SUP0098,2023,4,86.84,88.22,77.13,68.16,96.94,84.45,0
SC001565,SUP0098,2024,1,66.0,86.96,98.43,98.64,57.22,81.16,3
SC001566,SUP0098,2024,2,90.65,99.87,96.71,73.82,95.53,93.43,5
SC001567,SUP0098,2024,3,89.88,91.84,93.06,77.97,80.98,89.02,3
SC001568,SUP0098,2024,4,91.51,96.85,83.73,67.78,51.62,85.19,1
SC001569,SUP0099,2021,1,95.04,98.28,80.31,88.53,74.27,90.34,3
SC001570,SUP0099,2021,2,84.41,87.86,98.35,85.38,79.99,87.89,3
SC001571,SUP0099,2021,3,78.69,99.66,83.49,72.64,67.05,84.17,4
SC001572,SUP0099,2021,4,91.98,89.78,93.36,65.37,97.21,89.46,0
SC001573,SUP0099,2022,1,58.22,86.97,99.4,71.37,55.67,76.14,0
SC001574,SUP0099,2022,2,57.95,85.16,71.73,96.45,94.0,76.32,2
SC001575,SUP0099,2022,3,68.55,85.64,77.52,81.8,78.64,77.81,1
SC001576,SUP0099,2022,4,58.69,88.08,90.31,95.92,91.01,80.79,3
SC001577,SUP0099,2023,1,81.54,93.37,72.63,72.69,63.78,80.65,2
SC001578,SUP0099,2023,2,99.44,93.99,73.16,60.1,81.74,86.84,5
SC001579,SUP0099,2023,3,64.36,92.86,82.82,77.59,63.48,77.84,0
SC001580,SUP0099,2023,4,65.55,90.94,85.53,67.11,61.94,76.96,3
SC001581,SUP0099,2024,1,87.51,98.08,92.63,66.26,73.52,88.18,3
SC001582,SUP0099,2024,2,75.01,99.45,92.45,74.02,98.91,88.12,1
SC001583,SUP0099,2024,3,85.21,98.78,76.45,97.73,63.03,86.56,1
SC001584,SUP0099,2024,4,59.82,94.3,94.32,95.62,82.72,82.93,3
SC001585,SUP0100,2021,1,55.18,91.6,92.81,77.7,78.91,78.26,1
SC001586,SUP0100,2021,2,98.48,90.24,80.82,66.21,61.53,85.55,1
SC001587,SUP0100,2021,3,63.6,98.71,98.08,94.7,58.48,83.63,5
SC001588,SUP0100,2021,4,64.66,90.46,80.66,65.23,86.35,77.83,4
SC001589,SUP0100,2022,1,95.68,99.32,92.32,72.03,84.68,92.64,4
SC001590,SUP0100,2022,2,62.78,85.47,71.65,83.0,94.2,76.52,2
SC001591,SUP0100,2022,3,79.47,94.96,72.36,87.76,58.37,81.41,3
SC001592,SUP0100,2022,4,93.2,97.03,84.47,81.9,55.01,87.65,3
SC001593,SUP0100,2023,1,71.54,97.63,74.78,69.32,84.04,81.04,2
SC001594,SUP0100,2023,2,55.92,90.31,91.96,92.58,76.68,79.19,2
SC001595,SUP0100,2023,3,83.55,96.82,88.66,89.46,88.27,89.62,3
SC001596,SUP0100,2023,4,56.46,97.61,90.57,79.74,71.78,79.49,2
SC001597,SUP0100,2024,1,95.42,99.54,85.97,65.19,57.06,87.91,4
SC001598,SUP0100,2024,2,85.88,88.37,80.67,80.39,65.97,83.04,3
SC001599,SUP0100,2024,3,76.31,99.41,83.36,73.24,88.98,85.61,3
SC001600,SUP0100,2024,4,60.07,91.65,99.48,83.73,89.57,82.74,5
SC001601,SUP0101,2021,1,63.83,87.74,85.09,67.99,64.65,75.75,5
SC001602,SUP0101,2021,2,74.5,98.11,84.07,96.9,89.06,87.19,1
SC001603,SUP0101,2021,3,76.41,88.01,81.71,61.09,92.77,81.05,5
SC001604,SUP0101,2021,4,87.61,91.36,80.5,75.1,94.58,86.76,4
SC001605,SUP0101,2022,1,67.37,99.81,99.39,99.53,89.1,88.89,4
SC001606,SUP0101,2022,2,63.96,95.96,91.88,66.84,59.22,78.96,3
SC001607,SUP0101,2022,3,92.27,90.88,78.3,73.66,53.34,83.3,5
SC001608,SUP0101,2022,4,59.08,97.58,70.72,94.74,92.49,79.86,1
SC001609,SUP0101,2023,1,80.12,93.34,88.2,92.74,97.24,88.68,2
SC001610,SUP0101,2023,2,75.68,91.71,71.9,66.72,68.99,78.17,3
SC001611,SUP0101,2023,3,83.95,86.86,74.35,96.98,78.91,83.7,3
SC001612,SUP0101,2023,4,75.14,92.94,84.04,80.39,57.11,80.98,3
SC001613,SUP0101,2024,1,78.74,89.06,74.71,88.47,75.98,81.73,3
SC001614,SUP0101,2024,2,70.38,94.31,83.48,71.07,62.34,79.44,4
SC001615,SUP0101,2024,3,80.1,87.99,75.2,62.82,93.51,81.1,5
SC001616,SUP0101,2024,4,66.82,97.6,77.64,97.81,55.58,80.19,5
SC001617,SUP0102,2021,1,71.08,92.13,76.4,80.44,70.93,79.38,3
SC001618,SUP0102,2021,2,65.66,93.25,87.17,70.62,59.28,78.1,1
SC001619,SUP0102,2021,3,83.81,98.5,70.36,72.25,88.41,84.83,5
SC001620,SUP0102,2021,4,83.07,88.98,77.52,96.18,67.42,83.48,2
SC001621,SUP0102,2022,1,85.63,90.87,72.86,69.87,56.42,80.15,4
SC001622,SUP0102,2022,2,94.59,93.93,73.35,80.46,72.83,86.55,0
SC001623,SUP0102,2022,3,61.47,99.09,76.58,78.22,79.41,79.25,3
SC001624,SUP0102,2022,4,61.92,90.03,97.46,75.45,86.49,81.27,1
SC001625,SUP0102,2023,1,82.09,91.56,95.01,71.76,67.95,85.07,0
SC001626,SUP0102,2023,2,82.86,94.53,80.0,85.14,84.31,86.16,0
SC001627,SUP0102,2023,3,97.58,93.09,75.17,94.01,58.63,87.5,4
SC001628,SUP0102,2023,4,80.6,96.56,84.75,88.68,60.79,85.04,0
SC001629,SUP0102,2024,1,67.64,90.41,77.94,87.55,89.61,80.72,1
SC001630,SUP0102,2024,2,66.62,95.74,83.51,95.15,97.06,84.63,3
SC001631,SUP0102,2024,3,77.39,90.86,74.85,87.27,67.38,80.91,1
SC001632,SUP0102,2024,4,81.15,88.69,93.31,70.38,77.22,84.37,5
SC001633,SUP0103,2021,1,73.98,86.24,85.87,92.54,74.12,81.91,1
SC001634,SUP0103,2021,2,80.12,96.68,85.13,62.21,55.81,81.87,0
SC001635,SUP0103,2021,3,87.44,91.45,98.45,87.16,98.52,91.92,5
SC001636,SUP0103,2021,4,64.5,87.08,81.15,70.51,74.69,76.22,4
SC001637,SUP0103,2022,1,63.12,89.44,81.4,73.03,78.68,77.22,4
SC001638,SUP0103,2022,2,92.94,92.84,77.77,86.56,95.76,89.52,4
SC001639,SUP0103,2022,3,87.89,96.81,73.48,99.86,54.96,85.59,4
SC001640,SUP0103,2022,4,64.13,92.38,98.59,93.78,55.57,81.61,3
SC001641,SUP0103,2023,1,84.68,97.48,87.3,72.22,75.19,86.85,2
SC001642,SUP0103,2023,2,58.18,88.47,79.3,63.69,95.04,75.73,4
SC001643,SUP0103,2023,3,98.56,87.22,83.27,98.37,67.92,89.02,1
SC001644,SUP0103,2023,4,90.66,99.65,81.58,95.62,77.74,90.74,0
SC001645,SUP0103,2024,1,59.86,86.05,95.24,81.63,61.72,77.16,0
SC001646,SUP0103,2024,2,83.5,87.51,94.5,69.36,70.34,84.17,0
SC001647,SUP0103,2024,3,96.43,95.64,85.25,82.16,60.51,88.94,5
SC001648,SUP0103,2024,4,57.58,94.93,86.48,60.84,61.9,75.32,5
SC001649,SUP0104,2021,1,81.44,90.05,89.18,74.97,69.92,83.77,5
SC001650,SUP0104,2021,2,63.78,96.85,98.79,62.78,60.72,80.3,0
SC001651,SUP0104,2021,3,87.26,86.94,92.92,75.27,82.24,86.59,3
SC001652,SUP0104,2021,4,85.12,96.91,89.24,86.49,73.73,88.48,4
SC001653,SUP0104,2022,1,97.53,89.28,84.53,63.8,71.15,86.44,5
SC001654,SUP0104,2022,2,56.15,88.41,75.99,97.94,87.74,77.13,5
SC001655,SUP0104,2022,3,88.59,88.35,71.49,67.83,99.5,84.11,2
SC001656,SUP0104,2022,4,64.29,87.16,89.35,92.44,70.32,79.58,0
SC001657,SUP0104,2023,1,63.42,97.69,74.07,71.55,86.62,78.96,4
SC001658,SUP0104,2023,2,80.84,85.68,82.98,68.06,56.12,78.97,0
SC001659,SUP0104,2023,3,87.68,89.31,97.67,97.44,69.7,89.34,5
SC001660,SUP0104,2023,4,95.8,93.96,78.77,67.21,83.92,87.8,2
SC001661,SUP0104,2024,1,57.37,89.05,79.92,84.85,53.19,73.71,0
SC001662,SUP0104,2024,2,96.64,97.95,94.99,96.12,94.86,96.47,1
SC001663,SUP0104,2024,3,71.83,96.53,90.48,69.79,64.29,82.01,4
SC001664,SUP0104,2024,4,65.01,85.51,73.24,98.07,72.23,76.83,3
SC001665,SUP0105,2021,1,66.8,91.7,82.02,94.4,85.21,81.91,5
SC001666,SUP0105,2021,2,59.19,99.74,95.51,73.79,78.47,82.01,0
SC001667,SUP0105,2021,3,69.51,89.0,93.95,66.53,53.75,78.37,2
SC001668,SUP0105,2021,4,61.02,86.99,96.37,96.32,66.86,80.0,1
SC001669,SUP0105,2022,1,61.43,94.27,73.19,96.13,80.15,78.98,5
SC001670,SUP0105,2022,2,60.72,99.27,87.02,66.46,88.21,80.87,0
SC001671,SUP0105,2022,3,76.18,86.23,82.82,75.4,85.18,81.35,5
SC001672,SUP0105,2022,4,59.22,94.88,85.4,74.54,88.97,79.66,4
SC001673,SUP0105,2023,1,61.91,92.07,91.87,74.71,65.67,78.61,5
SC001674,SUP0105,2023,2,79.5,87.19,86.19,92.3,57.21,82.2,5
SC001675,SUP0105,2023,3,87.83,94.86,84.74,71.18,83.55,87.23,3
SC001676,SUP0105,2023,4,63.7,95.55,97.29,77.14,84.08,83.36,4
SC001677,SUP0105,2024,1,71.91,87.03,99.2,61.83,99.05,83.61,2
SC001678,SUP0105,2024,2,74.25,92.49,86.43,64.56,97.4,83.5,4
SC001679,SUP0105,2024,3,79.05,95.9,97.81,89.32,86.45,89.62,0
SC001680,SUP0105,2024,4,68.88,96.3,72.17,98.07,52.75,79.07,5
SC001681,SUP0106,2021,1,77.67,99.72,89.96,90.04,99.37,90.15,0
SC001682,SUP0106,2021,2,57.37,88.09,72.3,86.76,81.32,74.91,2
SC001683,SUP0106,2021,3,62.84,88.42,81.9,74.58,86.55,77.87,4
SC001684,SUP0106,2021,4,58.56,93.75,76.34,90.79,61.47,76.19,5
SC001685,SUP0106,2022,1,58.14,97.45,87.18,67.98,53.58,76.27,2
SC001686,SUP0106,2022,2,65.48,99.78,88.73,93.84,78.43,84.55,4
SC001687,SUP0106,2022,3,86.7,98.54,85.42,80.38,50.59,85.75,5
SC001688,SUP0106,2022,4,59.32,93.72,75.8,91.93,97.8,80.05,4
SC001689,SUP0106,2023,1,89.73,95.18,76.8,60.18,74.23,84.27,4
SC001690,SUP0106,2023,2,65.68,90.09,88.93,73.27,99.63,81.81,4
SC001691,SUP0106,2023,3,83.14,99.76,83.21,92.99,54.86,86.3,3
SC001692,SUP0106,2023,4,62.45,94.81,82.69,94.81,79.15,81.11,1
SC001693,SUP0106,2024,1,99.17,90.88,98.89,61.0,99.41,92.83,5
SC001694,SUP0106,2024,2,58.65,93.67,96.54,75.78,90.83,81.67,5
SC001695,SUP0106,2024,3,58.87,86.3,85.22,64.46,86.36,75.68,3
SC001696,SUP0106,2024,4,69.69,95.08,88.11,79.09,95.16,84.48,0
SC001697,SUP0107,2021,1,66.57,89.87,89.17,68.56,95.58,81.18,5
SC001698,SUP0107,2021,2,58.75,89.86,89.64,75.47,56.81,75.74,1
SC001699,SUP0107,2021,3,63.51,96.39,76.77,75.24,73.36,78.18,4
SC001700,SUP0107,2021,4,94.41,86.71,72.51,72.34,50.22,81.09,0
SC001701,SUP0107,2022,1,73.71,90.25,70.35,96.6,51.79,78.1,5
SC001702,SUP0107,2022,2,76.46,94.12,78.95,76.64,74.09,82.04,4
SC001703,SUP0107,2022,3,65.23,86.92,91.38,96.9,76.43,81.25,3
SC001704,SUP0107,2022,4,99.96,99.72,96.98,65.39,56.86,91.53,0
SC001705,SUP0107,2023,1,91.06,92.7,93.93,89.81,62.52,89.15,1
SC001706,SUP0107,2023,2,56.9,87.19,88.43,89.66,71.78,77.06,4
SC001707,SUP0107,2023,3,86.98,99.58,73.98,97.13,76.91,88.17,2
SC001708,SUP0107,2023,4,90.41,99.11,97.85,86.27,59.42,90.99,1
SC001709,SUP0107,2024,1,99.03,91.4,94.08,71.65,82.27,91.34,0
SC001710,SUP0107,2024,2,97.82,94.46,98.79,67.23,72.17,91.38,2
SC001711,SUP0107,2024,3,67.29,88.14,87.95,82.25,96.22,82.07,0
SC001712,SUP0107,2024,4,55.72,98.1,82.04,63.81,67.43,75.68,1
SC001713,SUP0108,2021,1,97.34,90.42,70.81,85.43,95.51,88.58,1
SC001714,SUP0108,2021,2,70.51,97.19,99.89,73.04,98.0,87.39,0
SC001715,SUP0108,2021,3,81.79,85.99,74.61,80.1,59.77,79.24,5
SC001716,SUP0108,2021,4,80.44,87.4,82.52,76.33,54.36,79.93,2
SC001717,SUP0108,2022,1,85.65,99.53,84.36,83.8,72.26,88.03,5
SC001718,SUP0108,2022,2,57.75,85.77,73.66,67.12,87.88,73.29,5
SC001719,SUP0108,2022,3,94.06,97.87,86.75,75.94,73.19,89.84,0
SC001720,SUP0108,2022,4,86.28,99.38,80.6,70.5,54.21,84.29,0
SC001721,SUP0108,2023,1,72.17,96.7,94.3,85.75,87.07,86.8,2
SC001722,SUP0108,2023,2,64.57,94.65,89.65,80.41,60.98,79.83,2
SC001723,SUP0108,2023,3,67.92,91.86,81.2,62.88,90.95,79.56,1
SC001724,SUP0108,2023,4,86.18,88.66,88.66,90.27,99.77,89.19,3
SC001725,SUP0108,2024,1,77.44,86.08,92.13,72.94,98.22,84.6,0
SC001726,SUP0108,2024,2,68.22,87.81,80.74,69.85,85.38,78.48,5
SC001727,SUP0108,2024,3,88.62,99.56,81.78,61.88,81.56,87.15,3
SC001728,SUP0108,2024,4,75.3,95.74,81.91,89.99,78.7,84.56,4
SC001729,SUP0109,2021,1,72.09,86.35,96.25,61.99,62.27,79.21,0
SC001730,SUP0109,2021,2,60.59,98.12,83.42,79.03,87.73,80.97,0
SC001731,SUP0109,2021,3,80.68,89.02,89.39,97.48,98.98,88.43,4
SC001732,SUP0109,2021,4,66.84,93.87,80.42,91.48,56.07,79.05,1
SC001733,SUP0109,2022,1,93.58,95.6,89.05,76.4,88.1,91.01,2
SC001734,SUP0109,2022,2,75.49,93.66,96.85,77.19,73.61,85.19,5
SC001735,SUP0109,2022,3,59.98,94.94,74.57,79.04,81.96,77.49,2
SC001736,SUP0109,2022,4,91.16,91.12,99.65,73.12,71.66,89.09,0
SC001737,SUP0109,2023,1,69.29,97.15,93.38,79.7,99.76,86.55,4
SC001738,SUP0109,2023,2,59.77,89.87,94.75,74.62,93.71,80.67,4
SC001739,SUP0109,2023,3,90.49,92.86,77.04,70.32,79.84,85.43,0
SC001740,SUP0109,2023,4,85.42,89.29,80.47,78.57,69.62,83.33,0
SC001741,SUP0109,2024,1,86.08,91.2,71.18,77.2,70.08,82.15,4
SC001742,SUP0109,2024,2,70.83,94.51,75.11,96.69,95.39,83.83,5
SC001743,SUP0109,2024,3,75.1,92.48,83.57,98.29,56.95,82.51,3
SC001744,SUP0109,2024,4,87.87,99.29,87.01,89.33,99.05,92.39,4
SC001745,SUP0110,2021,1,61.83,98.21,72.63,69.54,59.17,75.41,2
SC001746,SUP0110,2021,2,91.05,87.15,78.07,74.43,80.2,84.54,0
SC001747,SUP0110,2021,3,83.83,96.35,85.97,82.08,84.81,87.94,4
SC001748,SUP0110,2021,4,70.52,90.65,90.95,98.9,69.8,83.41,4
SC001749,SUP0110,2022,1,97.59,86.68,90.04,60.91,95.41,88.92,3
SC001750,SUP0110,2022,2,55.09,91.08,93.98,88.13,72.69,78.73,2
SC001751,SUP0110,2022,3,56.83,95.65,91.03,99.06,84.08,82.26,1
SC001752,SUP0110,2022,4,68.58,99.02,80.0,88.63,64.07,81.55,3
SC001753,SUP0110,2023,1,87.59,94.39,72.6,92.32,77.11,86.06,0
SC001754,SUP0110,2023,2,88.57,98.3,89.73,89.9,91.83,92.18,2
SC001755,SUP0110,2023,3,92.66,89.91,72.99,82.15,58.21,83.41,0
SC001756,SUP0110,2023,4,60.33,94.73,80.84,64.02,84.04,77.49,1
SC001757,SUP0110,2024,1,64.81,90.94,90.31,60.73,62.96,77.16,2
SC001758,SUP0110,2024,2,94.28,92.32,98.01,91.86,68.24,91.59,4
SC001759,SUP0110,2024,3,87.75,93.42,76.75,72.64,87.56,85.72,0
SC001760,SUP0110,2024,4,89.23,92.46,84.81,99.18,86.43,90.03,3
SC001761,SUP0111,2021,1,88.35,95.65,83.11,83.59,62.4,86.42,4
SC001762,SUP0111,2021,2,80.8,98.63,82.39,76.96,88.48,86.85,5
SC001763,SUP0111,2021,3,71.72,93.92,89.62,71.37,61.65,80.92,4
SC001764,SUP0111,2021,4,68.69,85.27,92.45,76.02,79.91,80.27,0
SC001765,SUP0111,2022,1,89.24,96.04,95.96,69.36,69.09,88.62,4
SC001766,SUP0111,2022,2,67.33,98.61,94.01,63.43,98.93,84.82,5
SC001767,SUP0111,2022,3,77.08,96.03,85.45,90.22,74.78,85.52,3
SC001768,SUP0111,2022,4,92.64,90.41,71.49,63.6,91.15,84.69,1
SC001769,SUP0111,2023,1,87.46,86.66,92.83,88.72,98.24,89.5,5
SC001770,SUP0111,2023,2,96.83,99.45,87.07,67.18,71.0,90.12,0
SC001771,SUP0111,2023,3,75.3,89.35,81.87,95.17,87.82,84.07,2
SC001772,SUP0111,2023,4,75.12,88.62,91.33,65.01,90.42,82.93,2
SC001773,SUP0111,2024,1,63.24,96.45,72.4,60.98,97.37,78.22,0
SC001774,SUP0111,2024,2,80.66,94.63,84.19,93.9,75.97,86.41,5
SC001775,SUP0111,2024,3,68.62,96.23,95.17,68.05,83.81,83.68,1
SC001776,SUP0111,2024,4,81.33,87.52,75.58,83.86,98.57,84.01,1
SC001777,SUP0112,2021,1,90.77,88.52,80.76,76.94,55.94,83.23,3
SC001778,SUP0112,2021,2,71.45,96.81,75.18,85.92,52.23,79.33,2
SC001779,SUP0112,2021,3,77.72,94.87,91.3,96.19,94.96,89.15,5
SC001780,SUP0112,2021,4,76.7,98.25,91.47,67.99,52.0,82.78,5
SC001781,SUP0112,2022,1,62.78,99.86,90.58,72.12,55.54,79.67,1
SC001782,SUP0112,2022,2,84.03,99.59,75.5,79.7,63.63,84.52,1
SC001783,SUP0112,2022,3,86.31,93.43,73.8,82.69,56.88,82.64,4
SC001784,SUP0112,2022,4,68.72,96.35,90.72,76.57,51.24,80.45,2
SC001785,SUP0112,2023,1,62.27,86.63,75.85,76.27,71.02,74.57,0
SC001786,SUP0112,2023,2,91.34,90.34,81.28,90.71,70.78,86.91,4
SC001787,SUP0112,2023,3,86.99,92.88,91.82,70.64,92.77,88.67,0
SC001788,SUP0112,2023,4,69.21,95.42,72.21,72.08,91.04,80.14,5
SC001789,SUP0112,2024,1,98.95,95.9,92.4,84.37,77.64,93.14,3
SC001790,SUP0112,2024,2,70.09,92.51,88.6,94.45,55.83,81.53,3
SC001791,SUP0112,2024,3,60.91,96.33,87.93,75.82,52.58,77.6,4
SC001792,SUP0112,2024,4,63.51,93.31,76.92,61.66,99.83,78.58,1
SC001793,SUP0113,2021,1,75.27,87.14,73.86,63.09,52.04,75.01,4
SC001794,SUP0113,2021,2,73.51,90.27,76.3,85.85,80.75,81.05,2
SC001795,SUP0113,2021,3,73.16,93.12,73.47,74.18,86.58,80.65,5
SC001796,SUP0113,2021,4,81.98,86.43,87.88,61.97,80.22,82.32,2
SC001797,SUP0113,2022,1,76.25,94.0,70.17,82.53,89.4,82.3,5
SC001798,SUP0113,2022,2,90.66,87.41,70.26,95.09,71.65,84.15,5
SC001799,SUP0113,2022,3,84.26,91.83,99.99,68.54,60.35,85.71,0
SC001800,SUP0113,2022,4,72.11,91.72,93.37,69.0,80.77,82.8,3
SC001801,SUP0113,2023,1,88.53,98.01,92.64,95.42,75.02,91.53,3
SC001802,SUP0113,2023,2,75.7,97.47,77.58,62.38,51.8,78.88,1
SC001803,SUP0113,2023,3,90.05,93.77,90.96,69.93,87.55,89.09,5
SC001804,SUP0113,2023,4,83.54,94.85,90.02,61.81,73.48,85.05,1
SC001805,SUP0113,2024,1,62.09,85.06,89.0,89.79,74.02,78.33,4
SC001806,SUP0113,2024,2,83.45,88.21,96.44,73.68,65.41,84.69,2
SC001807,SUP0113,2024,3,79.48,85.24,93.18,97.22,53.91,83.17,2
SC001808,SUP0113,2024,4,84.85,88.63,84.68,94.8,73.67,85.83,4
SC001809,SUP0114,2021,1,69.16,91.22,70.07,67.37,64.14,75.28,2
SC001810,SUP0114,2021,2,99.04,87.22,75.93,88.84,80.89,88.04,0
SC001811,SUP0114,2021,3,73.47,86.92,74.2,90.14,94.7,81.44,0
SC001812,SUP0114,2021,4,94.87,87.22,79.46,81.08,64.76,85.1,0
SC001813,SUP0114,2022,1,61.02,99.6,90.62,99.74,89.4,85.22,4
SC001814,SUP0114,2022,2,79.65,93.89,73.65,74.8,54.85,79.76,4
SC001815,SUP0114,2022,3,75.59,98.72,97.17,90.32,91.33,89.89,1
SC001816,SUP0114,2022,4,84.48,92.61,82.11,94.2,73.34,86.3,1
SC001817,SUP0114,2023,1,68.25,89.43,76.01,63.7,60.97,74.97,4
SC001818,SUP0114,2023,2,91.38,99.31,89.26,67.19,67.93,88.57,4
SC001819,SUP0114,2023,3,99.98,87.55,83.03,61.83,83.11,87.36,3
SC001820,SUP0114,2023,4,55.11,96.6,75.57,80.39,94.62,78.13,3
SC001821,SUP0114,2024,1,87.08,98.36,78.57,95.75,56.16,86.54,3
SC001822,SUP0114,2024,2,77.72,89.87,99.58,63.1,53.55,81.86,1
SC001823,SUP0114,2024,3,57.65,86.02,73.21,81.18,50.12,70.87,5
SC001824,SUP0114,2024,4,66.87,92.84,77.08,88.45,95.95,81.77,3
SC001825,SUP0115,2021,1,88.11,86.59,72.61,88.04,53.14,81.05,1
SC001826,SUP0115,2021,2,73.38,94.83,76.58,73.92,76.89,80.86,4
SC001827,SUP0115,2021,3,93.18,93.38,86.78,95.15,72.55,90.09,4
SC001828,SUP0115,2021,4,72.22,97.17,71.39,66.89,61.43,77.93,2
SC001829,SUP0115,2022,1,55.64,85.94,79.44,75.8,69.04,72.85,5
SC001830,SUP0115,2022,2,70.29,91.95,77.64,62.24,83.35,78.76,4
SC001831,SUP0115,2022,3,83.04,92.84,99.47,72.78,74.84,87.42,4
SC001832,SUP0115,2022,4,70.49,92.64,74.4,75.46,54.25,76.79,4
SC001833,SUP0115,2023,1,88.53,89.3,95.92,73.91,65.1,86.43,1
SC001834,SUP0115,2023,2,72.78,94.62,88.94,62.12,98.9,84.11,0
SC001835,SUP0115,2023,3,90.98,95.03,92.96,74.56,67.93,88.64,4
SC001836,SUP0115,2023,4,75.57,87.68,83.73,96.94,76.66,83.08,2
SC001837,SUP0115,2024,1,91.23,90.02,74.58,95.46,55.61,84.4,2
SC001838,SUP0115,2024,2,93.11,92.16,79.15,85.76,56.39,85.63,4
SC001839,SUP0115,2024,3,86.29,88.78,73.87,75.1,96.54,84.46,0
SC001840,SUP0115,2024,4,67.5,88.6,83.27,71.06,97.1,80.3,5
SC001841,SUP0116,2021,1,58.81,85.76,97.56,64.32,89.76,78.29,0
SC001842,SUP0116,2021,2,76.31,97.3,90.11,78.08,93.04,87.22,3
SC001843,SUP0116,2021,3,77.03,88.26,89.37,72.81,82.1,82.95,0
SC001844,SUP0116,2021,4,64.17,98.69,94.89,92.36,75.76,84.65,3
SC001845,SUP0116,2022,1,58.9,92.77,75.58,77.87,65.98,75.0,2
SC001846,SUP0116,2022,2,64.6,85.88,74.23,93.9,54.22,74.8,2
SC001847,SUP0116,2022,3,84.06,85.71,73.73,78.12,71.28,80.62,3
SC001848,SUP0116,2022,4,64.54,85.61,89.3,83.41,94.53,80.7,1
SC001849,SUP0116,2023,1,96.36,98.44,82.89,62.66,57.64,87.05,1
SC001850,SUP0116,2023,2,98.62,89.54,93.89,96.6,50.77,89.96,3
SC001851,SUP0116,2023,3,63.21,87.38,96.69,76.37,93.22,81.47,3
SC001852,SUP0116,2023,4,90.14,93.61,71.46,94.09,65.89,85.42,2
SC001853,SUP0116,2024,1,84.06,86.07,90.19,63.96,61.75,81.65,1
SC001854,SUP0116,2024,2,78.39,91.02,98.81,79.47,91.44,87.68,5
SC001855,SUP0116,2024,3,73.0,99.81,73.88,94.98,95.97,85.71,0
SC001856,SUP0116,2024,4,98.85,89.1,88.15,85.73,99.1,92.5,5
SC001857,SUP0117,2021,1,78.55,86.04,82.13,70.77,68.1,79.69,4
SC001858,SUP0117,2021,2,65.84,94.57,70.3,69.19,67.37,75.84,5
SC001859,SUP0117,2021,3,67.08,97.38,84.91,62.98,96.18,82.24,1
SC001860,SUP0117,2021,4,93.86,97.0,76.09,62.46,56.65,84.39,2
SC001861,SUP0117,2022,1,75.51,88.33,75.44,65.62,54.69,76.27,1
SC001862,SUP0117,2022,2,74.33,90.36,70.43,66.89,73.31,77.51,2
SC001863,SUP0117,2022,3,91.33,94.53,77.86,90.44,90.32,89.41,3
SC001864,SUP0117,2022,4,80.05,99.53,77.22,99.22,67.45,85.98,3
SC001865,SUP0117,2023,1,84.66,99.46,74.53,95.65,64.51,86.16,0
SC001866,SUP0117,2023,2,55.59,87.34,72.17,98.27,93.64,76.5,1
SC001867,SUP0117,2023,3,68.37,91.91,73.63,88.75,51.08,76.79,3
SC001868,SUP0117,2023,4,86.4,91.06,92.7,94.66,80.76,89.32,5
SC001869,SUP0117,2024,1,59.87,99.53,75.76,98.18,58.78,78.67,4
SC001870,SUP0117,2024,2,78.07,94.3,77.04,89.64,92.83,85.37,4
SC001871,SUP0117,2024,3,91.52,94.14,73.61,73.55,65.92,84.37,5
SC001872,SUP0117,2024,4,93.74,87.74,89.59,87.08,65.65,87.63,4
SC001873,SUP0118,2021,1,65.14,87.51,73.29,85.79,56.95,74.73,0
SC001874,SUP0118,2021,2,59.17,95.2,73.28,98.19,57.08,76.49,4
SC001875,SUP0118,2021,3,63.03,88.3,75.56,90.55,90.66,78.63,2
SC001876,SUP0118,2021,4,85.85,87.27,78.43,60.67,60.81,79.77,5
SC001877,SUP0118,2022,1,75.79,89.76,98.26,94.24,52.52,83.99,4
SC001878,SUP0118,2022,2,66.35,94.63,70.2,93.72,74.38,79.14,2
SC001879,SUP0118,2022,3,69.77,91.08,92.16,65.08,57.73,78.97,5
SC001880,SUP0118,2022,4,96.87,98.17,80.76,92.86,64.93,90.44,5
SC001881,SUP0118,2023,1,86.5,97.72,76.32,99.2,96.92,90.14,4
SC001882,SUP0118,2023,2,75.36,97.83,92.48,84.25,98.28,88.71,2
SC001883,SUP0118,2023,3,87.24,87.08,81.06,83.09,60.9,82.91,5
SC001884,SUP0118,2023,4,93.79,93.46,85.39,70.24,85.7,88.85,5
SC001885,SUP0118,2024,1,67.35,93.99,79.44,94.68,81.74,81.93,3
SC001886,SUP0118,2024,2,90.74,96.11,72.69,97.21,75.78,87.89,2
SC001887,SUP0118,2024,3,90.32,99.32,77.96,79.79,62.34,86.7,4
SC001888,SUP0118,2024,4,82.8,89.37,72.82,66.9,81.99,81.1,0
SC001889,SUP0119,2021,1,80.14,87.14,93.91,72.47,97.86,86.0,1
SC001890,SUP0119,2021,2,79.74,85.09,71.81,90.01,57.36,78.55,4
SC001891,SUP0119,2021,3,97.55,93.52,73.02,71.89,82.28,87.34,0
SC001892,SUP0119,2021,4,92.89,97.23,84.65,62.17,52.6,85.44,0
SC001893,SUP0119,2022,1,74.04,89.17,82.19,88.36,81.33,82.37,4
SC001894,SUP0119,2022,2,92.04,95.66,83.03,99.75,65.38,89.43,5
SC001895,SUP0119,2022,3,71.0,89.02,91.06,83.19,64.53,80.99,0
SC001896,SUP0119,2022,4,98.06,95.59,85.29,92.23,75.49,91.93,3
SC001897,SUP0119,2023,1,63.1,91.04,90.32,92.75,69.78,80.56,3
SC001898,SUP0119,2023,2,66.19,99.92,71.97,79.29,72.07,79.36,4
SC001899,SUP0119,2023,3,60.68,89.47,96.51,65.63,94.01,80.31,3
SC001900,SUP0119,2023,4,89.78,88.77,88.8,64.88,75.93,85.41,1
SC001901,SUP0119,2024,1,96.56,89.0,97.35,93.73,89.94,93.51,1
SC001902,SUP0119,2024,2,90.17,92.79,87.8,85.54,54.09,86.41,2
SC001903,SUP0119,2024,3,77.81,87.31,77.75,79.6,99.64,83.01,3
SC001904,SUP0119,2024,4,88.36,99.79,89.11,68.78,84.05,89.55,1
SC001905,SUP0120,2021,1,61.44,86.94,91.32,71.48,67.78,76.7,2
SC001906,SUP0120,2021,2,92.05,91.67,83.64,87.01,74.14,87.96,0
SC001907,SUP0120,2021,3,73.89,88.59,80.2,83.16,61.68,79.27,2
SC001908,SUP0120,2021,4,69.9,90.76,86.58,89.16,93.96,83.83,0
SC001909,SUP0120,2022,1,85.43,85.26,93.49,97.21,53.18,84.94,3
SC001910,SUP0120,2022,2,89.44,93.28,96.0,62.64,66.46,86.93,3
SC001911,SUP0120,2022,3,95.77,88.14,82.61,78.92,85.87,88.17,4
SC001912,SUP0120,2022,4,66.32,98.19,80.53,62.3,63.35,78.02,1
SC001913,SUP0120,2023,1,62.0,90.61,71.51,98.22,54.76,75.38,2
SC001914,SUP0120,2023,2,84.34,97.03,93.66,84.73,73.23,88.94,5
SC001915,SUP0120,2023,3,82.18,96.23,90.94,66.24,79.6,86.29,5
SC001916,SUP0120,2023,4,76.29,88.67,75.32,93.24,71.64,81.04,3
SC001917,SUP0120,2024,1,56.83,86.8,92.39,61.56,51.75,72.9,4
SC001918,SUP0120,2024,2,88.2,89.75,80.96,80.51,95.44,87.17,5
SC001919,SUP0120,2024,3,89.11,90.98,81.82,89.08,93.7,88.67,5
SC001920,SUP0120,2024,4,83.28,94.54,81.98,70.22,91.68,85.93,0
